0,1,2,3,4,5,6,7,8,9,10,11,12,13,14,15,16,17,18,19,20,21,22,23,24,25,26,27,28,29,30,31,32,33,34,35,36,37,38,39,40,41,42,43,44,45
-1.193516530367287,1.4673128398123834,-1.721726251183908,-0.6649085375033791,-0.49268623648999815,-0.3986762306299901,0.43709557252268955,0.5815842356474631,0.7816858805874052,0.882372753355438,0.7916879843158284,0.6714004484557151,0.3541247505980133,-0.36002933570628,-0.8902667944928243,-1.2479164552516788,-1.383610492583601,-1.4135326387106595,-1.4130233274169237,-1.3466686254091973,-1.2551031842844353,-1.1826063411949288,-1.1454879177407644,-1.1225738512960135,-1.138203254465553,-1.1443703176126898,-1.1419403247254558,-1.1500724830762552,-1.168341006344308,-1.1788068356168493,-1.2010124284769026,-1.2168638668782985,-1.2603247967810247,-1.3054156842582645,-1.3026358376922411,-1.3259682422944217,-1.3086536202616008,-1.3108138781324834,-1.3183396073723905,-1.342479770644789,-1.341176582383718,-1.3448878113774771,-1.3496527663350315,-1.394358706275249,-1.3652792349504121,-1.405450556948927
-1.2648320720879092,1.5321828298884046,-1.5979496468476904,-0.9236038462124312,-0.6734885251101881,-0.35889385551366965,-0.21807980384965023,0.029416100079375368,0.26067473317143386,0.4456918149313001,0.3994338182314645,0.22592147791637815,-0.0751173713389761,-0.6429713958443385,-1.1479298612347457,-1.385986805367022,-1.4972165738631462,-1.5131328581925647,-1.4960222268875927,-1.3950602084577828,-1.2977385237699943,-1.2404343799998447,-1.2171769246624022,-1.2095950800786532,-1.2075090469485485,-1.2204151531478649,-1.213708079828568,-1.2179155698738278,-1.2191404134294326,-1.2177925335544924,-1.2408690356166194,-1.2168638668782985,-1.2046747367615207,-1.2424113074875236,-1.259282597585998,-1.2815471956513909,-1.2933710304893997,-1.2952079557361986,-1.3422949000563236,-1.342479770644789,-1.3577051670257676,-1.336429017469724,-1.3496527663350315,-1.3414430626749305,-1.3295756591788446,-1.405450556948927
-1.5946664525457908,1.6230008159948333,-2.1195796222646024,-0.6649085375033791,-0.4474856643349527,-0.6771528564442405,-0.34911487912411504,0.029416100079375368,0.26067473317143386,0.34865160639260473,0.3013702767103648,0.17642381452311948,-0.12281094044308509,-0.7642322787606534,-1.1479298612347457,-1.4254354768285475,-1.5398188543429745,-1.546332931353201,-1.5697990264170765,-1.5724960129692622,-1.574868230426134,-1.5809772751843354,-1.5875701270908742,-1.5924884867222524,-1.5944663883119505,-1.6006393308237308,-1.5904887941198893,-1.600303877278327,-1.5937860406821969,-1.6206447455767865,-1.6394351070138227,-1.6171862956028011,-1.6359627019126843,-1.725444862729888,-1.7361682387546507,-1.755371693177037,-1.7365661338833145,-1.7321737828322625,-1.7495348756831723,-1.7886788570161265,-1.8039769523611884,-1.7932038884887982,-1.7936911384496683,-1.8265031290111626,-1.9097587654667332,-1.9502161421682076
-1.5411797962553273,1.6619228100404422,-1.8101381114240644,-1.0960673853517942,-0.944691958040461,-0.8760647320258499,-0.6111850296730525,-0.38471000159669244,-0.21297176447944235,-0.08802933203153315,-0.18894743089509874,-0.2690551560162175,-0.5043594932759655,-1.0067540445932688,-1.3483344687006806,-1.5437814912131278,-1.6108226551426912,-1.6237997687280166,-1.6159095261230045,-1.580561276810693,-1.5393387808548336,-1.5231492363794217,-1.5158811201692322,-1.5170700884439658,-1.53093607853587,-1.524594495288556,-1.5247016852753728,-1.5201256837902892,-1.5048870782832349,-1.5036876517638622,-1.526508053451281,-1.5018391551228591,-1.5385750968785499,-1.5434322187255196,-1.5483041982942727,-1.548073475509566,-1.5760989412751774,-1.5761145588693808,-1.5818478268956417,-1.5858610904836994,-1.6221625212986077,-1.6071104225180626,-1.6282650782500967,-1.6412983764100604,-1.6062783714084525,-1.6465763077836872
-1.6392386661211842,1.7008448040860558,-2.0046442039524046,-0.8373720766427497,-0.6282879529551346,-0.6771528564442405,-0.5238283128234092,-0.29268197900201254,-0.1182424649492688,-0.03950922776218546,-0.13991566013455325,-0.2195574926229588,-0.4089723550677475,-0.885493161676961,-1.31970523906269,-1.524057155482365,-1.5824211348228054,-1.5905996955673802,-1.6159095261230045,-1.6208875960178464,-1.617503569911693,-1.6323799763442601,-1.6353627983719659,-1.6447012239918362,-1.640670249967281,-1.6357369472245815,-1.620392025412854,-1.6126389839687967,-1.606485892453479,-1.6076495129309085,-1.6062212677307244,-1.6036160437816294,-1.6081376719029323,-1.6764414585748653,-1.656687298559875,-1.6591260921171382,-1.644870595250098,-1.6307352872563834,-1.6137882171408893,-1.6426500651127849,-1.6800125675457989,-1.666321979872394,-1.6456783477447854,-1.6412983764100604,-1.62413015929423,-1.6108539743266923
-1.808613077707663,1.7267928001164634,-2.0488501340724796,-1.2685309244911647,-1.1706948188156965,-0.8362823569095293,-0.7858984633723467,-0.6607940693807404,-0.5445243128350582,-0.47619016618632337,-0.5812015969794714,-0.7145341265555545,-0.8859080461088459,-1.2492758104258912,-1.52010984652863,-1.6818518413284709,-1.7102279762622934,-1.712333297156377,-1.717352625476044,-1.7418665536393094,-1.7525154782826335,-1.78016274217904,-1.7906889800355164,-1.8071408510527545,-1.808159248467857,-1.8170746319622997,-1.8177533519464038,-1.8161682443615137,-1.8160334466796018,-1.822070851587936,-1.8320753748558032,-1.8275251988309298,-1.8237816544785117,-1.8934565341185385,-1.8806790391087906,-1.8960383408799613,-1.8741094418331559,-1.880430045596996,-1.8932666317867586,-1.8860313849516952,-1.9362056294976202,-1.894709415381931,-1.8807574859231357,-1.914695868345031,-1.900832871523838,-1.8519797251614525
-1.764040864132276,1.7397667981316693,-1.933914715760282,-1.2685309244911647,-1.1706948188156965,-1.2341061080727411,-0.8295768217971683,-0.7528220919754203,-0.591888962600145,-0.5247102704556711,-0.6302333677400168,-0.7640317899488132,-0.9812951843170639,-1.330116399036763,-1.5773683058046115,-1.7015761770592337,-1.7244287364222362,-1.7012666061028303,-1.6989084255936735,-1.7096054982735867,-1.7169860287113332,-1.735185378664107,-1.7548444765746953,-1.7549281137831747,-1.7619553868125264,-1.7585786046275542,-1.763927535619074,-1.754492710909174,-1.7588841137088385,-1.731104223066772,-1.7457193927197456,-1.7461036879039098,-1.7055252769370668,-1.739445835345606,-1.7506193187900667,-1.7405646776293582,-1.7671313134277273,-1.778991550021128,-1.7495348756831723,-1.7805661463548368,-1.7874483677191386,-1.7932038884887982,-1.7849845037023304,-1.764768211477466,-1.8026480381520429,-1.8430491417972101
-1.6214097806910255,1.7008448040860558,-1.7659321813039832,-1.1822991549214832,-1.0802936745056055,-1.2341061080727411,-0.6111850296730525,-0.6147800580834004,-0.49715966306997145,-0.47619016618632337,-0.5812015969794714,-0.6650364631622957,-0.8382144770047368,-1.2088555161204553,-1.4628513872526485,-1.6029544984054163,-1.6534249356225197,-1.6569998418886511,-1.6620200258289308,-1.6450833875421398,-1.6246094598259542,-1.6066786257642967,-1.599518294911145,-1.5924884867222524,-1.6002418710188657,-1.5947897280902572,-1.596469440378485,-1.5879687705878616,-1.568386337139637,-1.588156663962087,-1.599578499874101,-1.576475540139291,-1.5733563843907385,-1.6554399996512832,-1.656687298559875,-1.6591260921171382,-1.637229300363992,-1.6073264036619617,-1.6137882171408893,-1.6345373544514836,-1.6552196905827186,-1.6409455981491108,-1.6195584435027588,-1.6677561982102196,-1.6509078411229026,-1.7001598079691924
-1.835356405852898,1.765714794162077,-1.9692794598563435,-1.3547626940608462,-1.2610959631257874,-0.9954118573748113,-1.1353253307709197,-0.9368781371647883,-0.7813475616604921,-0.7673107918024181,-0.8263604507821988,-0.9620224435218566,-1.1243758916293993,-1.410956987647642,-1.634626765080598,-1.7213005127899965,-1.7244287364222362,-1.7233999882099218,-1.7450189252995998,-1.7741276090050335,-1.7951508177681925,-1.825140105693971,-1.8325075674064728,-1.8361479273136359,-1.8370366620024416,-1.834623440162725,-1.8297146444635906,-1.8285033510519835,-1.8287332984508793,-1.8350660842338138,-1.8320753748558032,-1.8139549470097582,-1.844650426985827,-1.8724550751949565,-1.8662279590733746,-1.8590208020107724,-1.835902967402648,-1.8414152396062784,-1.8293858512962746,-1.8292424103226095,-1.8452984139663298,-1.8524154458431297,-1.8459309469337464,-1.8617802247447126,-1.8740551896951656,-1.9948690589894575
-1.808613077707663,1.804636788207686,-1.9162323437122484,-1.3547626940608462,-1.306296535280833,-0.9954118573748113,-1.0479686139212765,-0.8908641258674483,-0.7813475616604921,-0.7673107918024181,-0.875392221542753,-0.9620224435218566,-1.1243758916293993,-1.451377281953078,-1.6059975354426073,-1.7015761770592337,-1.738629496582179,-1.7233999882099218,-1.7450189252995998,-1.7660623451636028,-1.788044927853934,-1.805864092759001,-1.8086112317659269,-1.8071408510527545,-1.7966082830540264,-1.7936762210284007,-1.7938307669120346,-1.7729953709448765,-1.7588841137088385,-1.783085153650293,-1.778933232002844,-1.752888813814498,-1.7750878519614495,-1.8234516710399338,-1.8084236389317205,-1.8145997553677413,-1.7976964929721293,-1.7711885888229801,-1.7894603634897235,-1.7886788570161265,-1.812241244682219,-1.8270390641198464,-1.8285176774390577,-1.8529609508113218,-1.8383516139236107,-1.8341185584329551
-1.808613077707663,1.7008448040860558,-1.8720264135921734,-1.5272262332002167,-1.4870988239010228,-1.3534532334217027,-1.0042902554964548,-1.0289061597594682,-0.9234415109557609,-0.9128711046104613,-0.973455763063844,-1.061017770308374,-1.2197630298376172,-1.4917975762585138,-1.6632559947185885,-1.7015761770592337,-1.738629496582179,-1.7455333703170115,-1.7357968253584146,-1.7418665536393094,-1.7525154782826335,-1.7737374045340486,-1.784714896125381,-1.7897366052962307,-1.8023837657609416,-1.8112250292288261,-1.8057920594292172,-1.8100006910162811,-1.8160334466796018,-1.8155732352649923,-1.8121470712859422,-1.8275251988309298,-1.8098691394736381,-1.8654545888870975,-1.8662279590733746,-1.8812313253322879,-1.8664681469470499,-1.8414152396062784,-1.8293858512962746,-1.8535805423065017,-1.8618269986083795,-1.8608742397508948,-1.8633442164284348,-1.8705994986780905,-1.8829810836380607,-1.8966326419827024
-1.737297535987041,1.7786887921772785,-1.7659321813039832,-1.4409944636305276,-1.306296535280833,-1.2341061080727411,-1.179003689195749,-1.0749201710568081,-0.9234415109557609,-0.9128711046104613,-0.973455763063844,-1.0115201069151154,-1.1720694607335083,-1.4917975762585138,-1.634626765080598,-1.7213005127899965,-1.738629496582179,-1.712333297156377,-1.7081305255348587,-1.725736025956448,-1.7311978085398527,-1.735185378664107,-1.736922224844289,-1.7317224527744721,-1.733077973277946,-1.7176313854932301,-1.71010171929174,-1.7113198374925367,-1.695384854852441,-1.6661280598373684,-1.7125055534366427,-1.6714673028874778,-1.6637877319224363,-1.6624404859591422,-1.6711383785952911,-1.6665295998909802,-1.6601531850222988,-1.6775530544452488,-1.6616988025087553,-1.6669881970966771,-1.7048054445088792,-1.7001571555034303,-1.6543849824921357,-1.6501176503434385,-1.6687596290086801,-1.6822986412406948
-1.7907841922775107,1.5970528199644212,-1.933914715760282,-1.4409944636305276,-1.3966976795909238,-1.2341061080727411,-1.0479686139212765,-0.9368781371647883,-0.8287122114255873,-0.8158308960717658,-0.875392221542753,-0.9620224435218566,-1.0766823225252817,-1.330116399036763,-1.5487390761666207,-1.6424031698669455,-1.6676256957824624,-1.6459331508351063,-1.671242125770116,-1.693474970590724,-1.7098801387970746,-1.741610716309096,-1.7667926443949704,-1.7897366052962307,-1.808159248467857,-1.8112250292288261,-1.8416759369807731,-1.8223357977067465,-1.8350832243365227,-1.822070851587936,-1.8387181427124266,-1.8343103247415131,-1.8237816544785117,-1.8654545888870975,-1.8517768790379636,-1.8590208020107724,-1.835902967402648,-1.8258093172099825,-1.8134156561736563,-1.8049042783387175,-1.7874483677191386,-1.7932038884887982,-1.7675712342076295,-1.7824067593442348,-1.8204998260378205,-1.7894656416117052
-1.9512441611489135,1.6619228100404422,-2.0488501340724796,-1.4409944636305276,-1.306296535280833,-1.2341061080727411,-1.397395481319857,-1.1669481936514963,-1.0181708104859344,-1.058431417418513,-1.1205510753454804,-1.20951076048815,-1.3628437371499442,-1.5726381648693857,-1.6918852243565794,-1.7410248485207593,-1.752830256742122,-1.7233999882099218,-1.7357968253584146,-1.790258136687895,-1.8448920471680126,-1.8958188197888675,-1.934066993878796,-1.9521762323571488,-1.975648246968437,-1.9984123167000223,-2.0031533859627713,-1.9950272913732958,-1.9938313714775255,-1.9975064923073202,-2.0114301069845464,-1.9903682206849602,-2.0116006070443437,-2.026465773967884,-2.0107387594275146,-2.0070909574875335,-2.004011454896891,-1.974065579974727,-1.9731176073998722,-1.9752712022259626,-1.9857913834237806,-1.9623797666440157,-1.950410563901902,-1.958792238011959,-1.9365364472954059,-1.8966326419827024
-1.8175275204227392,1.804636788207686,-1.7924557393760308,-1.6565738875547389,-1.7583022568312958,-1.472800358770664,-1.2226820476205706,-1.2129622049488362,-1.112900110016108,-1.1554716259572084,-1.2186146168665712,-1.2590084238814088,-1.3628437371499442,-1.6130584591748214,-1.6918852243565794,-1.7410248485207593,-1.7670310169020647,-1.7344666792634666,-1.7450189252995998,-1.7660623451636028,-1.7951508177681925,-1.8122894304039903,-1.820559399586202,-1.8129422663049333,-1.8197102138816916,-1.8112250292288261,-1.8117727056878126,-1.785330477635346,-1.7906337431370418,-1.737601839389711,-1.7722904641462252,-1.7461036879039098,-1.7194377919419404,-1.718444376422029,-1.7289426987369452,-1.718354154307848,-1.7289248389972196,-1.7165678604359775,-1.7016242903153065,-1.6751009077579668,-1.6965411521878484,-1.6832395676879122,-1.6805048867341748,-1.6942140200103788,-1.6955373108373526,-1.6644374745121975
-1.772955306847352,1.6230008159948333,-1.8543440415441395,-1.397878578845687,-1.3514971074358784,-1.4330179836543435,-1.0479686139212765,-1.0749201710568081,-0.9708061607208476,-0.9128711046104613,-0.973455763063844,-1.061017770308374,-1.1720694607335083,-1.370536693342199,-1.5773683058046115,-1.6424031698669455,-1.6534249356225197,-1.6459331508351063,-1.671242125770116,-1.693474970590724,-1.7027742488828135,-1.735185378664107,-1.7548444765746953,-1.7665309442875239,-1.7792818349332764,-1.787826618294927,-1.7818694743948478,-1.785330477635346,-1.7969836690226806,-1.7895827699732318,-1.8055043034293234,-1.7935995692780031,-1.7820441094638861,-1.8234516710399338,-1.8228747189671366,-1.8220032631415781,-1.8053377878582353,-1.778991550021128,-1.8054305586123416,-1.8292424103226095,-1.8287698293242685,-1.8016626823965631,-1.8023977731970189,-1.7912260332776253,-1.7758703563233704,-1.8430491417972101
-1.7462119787021173,1.610026817979627,-1.8455028555201258,-1.397878578845687,-1.2610959631257874,-0.9556294822584908,-1.0479686139212765,-1.0289061597594682,-0.9708061607208476,-0.8643510003411136,-0.9244239923032984,-1.0115201069151154,-1.0766823225252817,-1.330116399036763,-1.4628513872526485,-1.6029544984054163,-1.6392241754625767,-1.6348664597815614,-1.6527979258877457,-1.6692791790664319,-1.6814565791400327,-1.7094840280841435,-1.724974057024014,-1.7375238680266467,-1.750404421398696,-1.7527290018940764,-1.7519662431018872,-1.7421576042187088,-1.7715839654801206,-1.7765875373273539,-1.7590049284329832,-1.7596739397250813,-1.7820441094638861,-1.8024502121163517,-1.786747018878599,-1.7849857242723892,-1.7671313134277273,-1.778991550021128,-1.7734901683671052,-1.7643407250322343,-1.7791840753981198,-1.7593687128577618,-1.7588645994602914,-1.7735874854108442,-1.7847962502662655,-1.744812724790455
-1.9690730465790658,1.6619228100404422,-1.9604382738323234,-1.7428056571244204,-1.7583022568312958,-1.5921474841196324,-1.5721089150191514,-1.443032261435536,-1.397088008606637,-1.3980721473039555,-1.414741699908762,-1.506496740847711,-1.5536180135663886,-1.6938990477856932,-1.72051445399457,-1.7804735199822885,-1.7670310169020647,-1.7344666792634666,-1.7634631251819703,-1.7983234005293256,-1.8591038269965323,-1.915094832723837,-1.9460151616990669,-1.9695804781136768,-1.9871992123822677,-2.004261919433496,-1.9971727397041756,-2.0073623980637656,-2.0319309267913632,-2.0169993412761418,-2.0247156426977835,-2.0107235984167153,-1.9907318345370286,-2.005464315044302,-2.0107387594275146,-2.0070909574875335,-2.026935339555198,-2.0442922307580145,-2.0130430952064233,-2.023947466193747,-2.02711284502891,-2.0300501179061,-2.00265037238598,-1.9764307858787276,-1.9543882351811832,-1.9591467255324626
-1.8888430621433676,1.6748968080556483,-1.7924557393760308,-1.7428056571244204,-1.7583022568312958,-1.7114946094685939,-1.4847521981695002,-1.5350602840302159,-1.397088008606637,-1.4465922515733032,-1.512805241429853,-1.6054920676342284,-1.6490051517746067,-1.7343193420911363,-1.7491436836325607,-1.7804735199822885,-1.7812317770620074,-1.7455333703170115,-1.7542410252407852,-1.7741276090050335,-1.8164684875109733,-1.8508414562739344,-1.874326154777429,-1.882559249331041,-1.9005669717785219,-1.8989690702309483,-1.9134436920838853,-1.9086815445400211,-1.9176322608498413,-1.9000422474632173,-1.9184313569918654,-1.8953764579367733,-1.9350817745175246,-1.8864560478106744,-1.8879045791264961,-1.8960383408799613,-1.9123159162636636,-1.9194448515877136,-1.9411772171546247,-1.918482227596877,-1.919677044855559,-1.894709415381931,-1.8807574859231357,-1.8705994986780905,-1.8651292957522705,-1.8609103085257077
-1.8799286194282852,1.7138188021012573,-1.8543440415441395,-1.2685309244911647,-0.9898925301955065,-1.7512769845849143,-1.3537171228950355,-1.351004238840856,-1.3023587090764634,-1.2525118344959036,-1.316678158387671,-1.4075014140611937,-1.5059244444622797,-1.6534787534802573,-1.6918852243565794,-1.7213005127899965,-1.7244287364222362,-1.7233999882099218,-1.7357968253584146,-1.7741276090050335,-1.8164684875109733,-1.8572667939189234,-1.874326154777429,-1.8767578340788664,-1.883240523657772,-1.8814202620305271,-1.8895211070495117,-1.884011331159086,-1.8795327055360038,-1.8805493984943957,-1.9051458212786232,-1.8750210802050231,-1.872475456995579,-1.9074575067342565,-1.8951301191442014,-1.8960383408799613,-1.8741094418331559,-1.880430045596996,-1.8533411439802074,-1.861693252967803,-1.8535627062873488,-1.8439566519353645,-1.8459309469337464,-1.8529609508113218,-1.847277507866493,-1.88770205861846
-1.942329718433831,1.6748968080556483,-1.8631852275681533,-1.8290374266941019,-1.7583022568312958,-1.0749766076074523,-1.7468223487184378,-1.581074295327564,-1.4918173081368107,-1.4465922515733032,-1.512805241429853,-1.5559944042409697,-1.6490051517746067,-1.815159930702008,-1.7491436836325607,-1.8001978557130514,-1.7812317770620074,-1.7455333703170115,-1.7634631251819703,-1.7983234005293256,-1.8448920471680126,-1.8958188197888675,-1.922118826058521,-1.9289705713484462,-1.9525463161407677,-1.9633147002991715,-1.9612888621526239,-1.9641895246471281,-1.9747815938206046,-1.9650184106926207,-1.998144571271304,-1.9632277170426218,-1.9350817745175246,-1.9704618835050023,-1.9673855193212715,-1.9700734186183444,-1.9887288651246793,-2.013080385965445,-1.9970729000838052,-2.015834755532446,-2.00231996806583,-1.987756148367299,-1.9678238333965905,-1.9940693337454962,-1.9990177048956335,-1.9502161421682076
-1.8264419631378217,1.804636788207686,-1.7128850651598944,-1.5703421179850574,-1.4870988239010228,-1.6717122343522735,-1.5721089150191514,-1.489046272732876,-1.4444526583717239,-1.4465922515733032,-1.512805241429853,-1.5559944042409697,-1.5536180135663886,-1.6938990477856932,-1.72051445399457,-1.7410248485207593,-1.738629496582179,-1.712333297156377,-1.7450189252995998,-1.7660623451636028,-1.8022567076824536,-1.825140105693971,-1.8325075674064728,-1.8303465120614613,-1.8312611792955262,-1.8170746319622997,-1.7998114131706258,-1.7976655843258114,-1.7715839654801206,-1.7570946883585323,-1.7656476962896017,-1.7461036879039098,-1.7055252769370668,-1.711443890114165,-1.714491618701529,-1.7109506465340059,-1.7365661338833145,-1.7243708216341145,-1.7175944854379246,-1.699439039741859,-1.7295983214719592,-1.7001571555034303,-1.6805048867341748,-1.7118525678771475,-1.7133890987231428,-1.6822986412406948
-1.8175275204227392,1.7267928001164634,-1.7394086232319355,-1.7428056571244204,-1.6679011125212049,-1.5125827338869915,-1.5284305565943297,-1.489046272732876,-1.4444526583717239,-1.4465922515733032,-1.4637734706693075,-1.4569990774544523,-1.5536180135663886,-1.6534787534802573,-1.6059975354426073,-1.7213005127899965,-1.7244287364222362,-1.7012666061028303,-1.717352625476044,-1.7499318174807401,-1.780939037939673,-1.8122894304039903,-1.820559399586202,-1.8187436815571079,-1.8197102138816916,-1.8170746319622997,-1.8117727056878126,-1.8161682443615137,-1.7842838172514028,-1.7960803862961754,-1.7922187677160861,-1.7868144433674198,-1.7472628219516924,-1.7674477805770519,-1.7795214788608935,-1.7775822164985524,-1.7824139031999284,-1.786794511219265,-1.7734901683671052,-1.7886788570161265,-1.7791840753981198,-1.7932038884887982,-1.8023977731970189,-1.8000453072110034,-1.8294257199807156,-1.8162573917044575
-1.9512441611489135,1.7267928001164634,-1.8012969254000444,-1.9583850810486316,-1.9391045454514857,-1.5125827338869915,-1.7905007071432595,-1.7651303405169239,-1.6812759071971661,-1.6406726686506938,-1.7089323244720436,-1.7539850578140133,-1.7920858590869335,-1.89600051931288,-1.8350313725465328,-1.8001978557130514,-1.7954325372219528,-1.7787334434776458,-1.7819073250643425,-1.8225191920536177,-1.873315606825052,-1.915094832723837,-1.9400410777889314,-1.9405734018527996,-1.958321798847687,-1.957465097565698,-1.9732501546698062,-1.9641895246471281,-1.9747815938206046,-1.9455255617237992,-1.9516451962749637,-1.942872339310867,-1.9420380320199615,-1.9214584793499794,-1.931257819232739,-1.9256523719753136,-1.9505223906941715,-1.9506566963802945,-1.9411772171546247,-1.9590457809033717,-1.9362056294976202,-1.9370033849207324,-1.9417039291545515,-1.9411536901451778,-1.900832871523838,-1.8430491417972101
-2.004730817439377,1.558130825918812,-2.0223265760004323,-1.7859215419092611,-1.8035028289863493,-1.5125827338869915,-1.4847521981695002,-1.489046272732876,-1.397088008606637,-1.3980721473039555,-1.4637734706693075,-1.5559944042409697,-1.5536180135663886,-1.6938990477856932,-1.6918852243565794,-1.7213005127899965,-1.7244287364222362,-1.712333297156377,-1.7265747254172292,-1.7821928728464642,-1.8591038269965323,-1.9279455080138177,-1.9758855812497522,-2.0043889696267327,-2.027627591330683,-2.0569083440347717,-2.056979202290101,-2.0875405915518033,-2.0827303338764875,-2.088473120828484,-2.1177143926904645,-2.098930235254319,-2.1020319545760415,-2.1454740412015116,-2.126347399710822,-2.1329505896427845,-2.110989583302314,-2.1145188815413127,-2.1008791683808403,-2.0969618621454233,-2.0932271835971203,-2.0892616752604316,-2.081010085112084,-2.0910813470127425,-2.0882766443245333,-2.08417489263197
-1.8977575048584439,1.7008448040860558,-1.7924557393760308,-1.6134580027698981,-1.5322993960560682,-1.5921474841196324,-1.5721089150191514,-1.5350602840302159,-1.4918173081368107,-1.495112355842651,-1.5618370121903984,-1.6054920676342284,-1.6490051517746067,-1.7747396363965722,-1.7491436836325607,-1.7607491842515222,-1.752830256742122,-1.7344666792634666,-1.7450189252995998,-1.7821928728464642,-1.823574377425232,-1.870117469208904,-1.8862743225977041,-1.8883606645832156,-1.9005669717785219,-1.9048186729644263,-1.895501753308107,-1.9025139911947884,-1.9049324090785635,-1.8935446311402784,-1.9117885891352466,-1.88859133202619,-1.8516066844882686,-1.9354594519656974,-1.916806739197323,-1.9182488642014768,-1.8893920316053567,-1.880430045596996,-1.8852815342254552,-1.8860313849516952,-1.91141275253454,-1.886250621474166,-1.8633442164284348,-1.8794187726114813,-1.8651292957522705,-1.878771475254205
-2.0314741455846117,1.7527407961468708,-1.880867599616187,-1.7859215419092611,-1.7131016846762503,-1.8308417348175623,-1.6594656318687946,-1.7651303405169239,-1.728640556962253,-1.7377128771893893,-1.8069958659931347,-1.8529803846005306,-1.8397794281910427,-1.9364208136183159,-1.8922898318225194,-1.839646527174577,-1.8238340575418384,-1.7787334434776458,-1.8095736248878984,-1.8547802474193418,-1.9230568362248721,-1.9921988844637228,-2.023678252530844,-2.044998876391963,-2.0565050048652673,-2.051058741301298,-2.0629598485486964,-2.0567028248256354,-2.0319309267913632,-2.0299945739220244,-2.031358410554407,-2.024293850237887,-2.0116006070443437,-1.9844628561207203,-1.9818365993566875,-1.9774769263921812,-1.9734462753524784,-1.99747446356916,-1.9571474122772428,-1.9590457809033717,-1.9692627987817193,-1.9285445910129795,-1.9155840249125127,-1.914695868345031,-1.9186846594096156,-1.88770205861846
-1.8264419631378217,1.6489488120252407,-1.6863615070878468,-1.6996897723395796,-1.7131016846762503,-1.631929859235953,-1.5721089150191514,-1.673102317922244,-1.6339112574320793,-1.5921525643813461,-1.6108687829509438,-1.654989731027487,-1.6490051517746067,-1.7343193420911363,-1.6632559947185885,-1.7213005127899965,-1.7244287364222362,-1.6901999150492855,-1.7081305255348587,-1.7338012897978787,-1.7667272581111533,-1.7994387551140096,-1.820559399586202,-1.8245450968092825,-1.8312611792955262,-1.834623440162725,-1.8237339982049952,-1.834670904397216,-1.8414331502221617,-1.822070851587936,-1.8187898391425656,-1.8275251988309298,-1.8098691394736381,-1.8024502121163517,-1.815649178949426,-1.8145997553677413,-1.812979082744341,-1.8024004336155608,-1.8054305586123416,-1.8211296996613198,-1.8205055370032497,-1.8101214763043283,-1.8111044079443692,-1.817683855077772,-1.8383516139236107,-1.7894656416117052
-1.835356405852898,1.610026817979627,-1.774773367328003,-1.6134580027698981,-1.5322993960560682,-1.4330179836543435,-1.4847521981695002,-1.443032261435536,-1.4444526583717239,-1.4465922515733032,-1.4637734706693075,-1.506496740847711,-1.5059244444622797,-1.6130584591748214,-1.6059975354426073,-1.6818518413284709,-1.6960272161023506,-1.6791332239957406,-1.6989084255936735,-1.725736025956448,-1.7525154782826335,-1.7865880798240292,-1.8145853156760623,-1.8303465120614613,-1.848587627416272,-1.8404730428962028,-1.8596178757565511,-1.8531735644329184,-1.8668328537647214,-1.8545589332026353,-1.8586464462822827,-1.84788057656268,-1.8585629419907055,-1.8864560478106744,-1.8806790391087906,-1.8738278175584457,-1.8664681469470499,-1.8414152396062784,-1.8613262415415224,-1.8373551209839107,-1.87009129092941,-1.8524154458431297,-1.8459309469337464,-1.8529609508113218,-1.8829810836380607,-1.923424392075455
-1.977987489294142,1.6230008159948333,-1.880867599616187,-1.8290374266941019,-1.8035028289863493,-1.7512769845849143,-1.7468223487184378,-1.673102317922244,-1.586546607666984,-1.5921525643813461,-1.6599005537114981,-1.7539850578140133,-1.7920858590869335,-1.815159930702008,-1.7777729132705515,-1.7804735199822885,-1.752830256742122,-1.7344666792634666,-1.7542410252407852,-1.7983234005293256,-1.8591038269965323,-1.9343708456588091,-1.9639374134294794,-1.9753818933658556,-2.0045256605030177,-2.010111522166974,-2.0031533859627713,-2.0320326114447007,-2.0319309267913632,-2.0234969575990807,-2.051286714124263,-2.044649227969642,-2.0255131220492224,-2.068468691815048,-2.061317539551463,-2.0589155119044014,-2.042217929327399,-2.0442922307580145,-2.0130430952064233,-2.023947466193747,-2.04364142967096,-2.0131325300905822,-1.9939437376386293,-2.0205271555456554,-2.016869492781411,-1.9770078922609602
-1.8264419631378217,1.6748968080556483,-1.6509967629917854,-1.8721533114789501,-1.8939039732964402,-1.8308417348175623,-1.703143990293616,-1.719116329219584,-1.6812759071971661,-1.6891927729200416,-1.6599005537114981,-1.654989731027487,-1.7443922899828246,-1.7747396363965722,-1.6918852243565794,-1.7213005127899965,-1.7244287364222362,-1.7012666061028303,-1.717352625476044,-1.7418665536393094,-1.7738331480254144,-1.7994387551140096,-1.8145853156760623,-1.8187436815571079,-1.8254856965886068,-1.8287738374292513,-1.8237339982049952,-1.8100006910162811,-1.8160334466796018,-1.8025780026191145,-1.8121470712859422,-1.7935995692780031,-1.789000366966323,-1.7884492395006288,-1.7939725588963096,-1.7923892320462258,-1.8053377878582353,-1.8024004336155608,-1.82140075373496,-1.8211296996613198,-1.812241244682219,-1.8101214763043283,-1.8023977731970189,-1.7912260332776253,-1.7490926744946977,-1.726951558061945
-1.7907841922775107,1.7008448040860558,-1.6598379490157993,-1.6565738875547389,-1.6227005403661594,-1.631929859235953,-1.7468223487184378,-1.627088306624904,-1.5391819579018973,-1.5436324601119986,-1.6108687829509438,-1.6054920676342284,-1.6013115826704976,-1.6130584591748214,-1.6059975354426073,-1.6621275055977083,-1.6818264559424076,-1.668066532942196,-1.6989084255936735,-1.7338012897978787,-1.7596213681968922,-1.7865880798240292,-1.784714896125381,-1.7839351900440519,-1.7792818349332764,-1.7819770155614534,-1.763927535619074,-1.7606602642544111,-1.7652340395944819,-1.74409945571265,-1.778933232002844,-1.7461036879039098,-1.7333503069468188,-1.7884492395006288,-1.786747018878599,-1.7849857242723892,-1.7671313134277273,-1.7477797052285473,-1.7655050708057904,-1.7724534356935355,-1.7543911984350395,-1.7593687128577618,-1.7588645994602914,-1.7559489375440755,-1.7937221442091478,-1.8162573917044575
-1.7283830932719648,1.610026817979627,-1.562584902751629,-1.9583850810486316,-2.074706261916622,-1.3534532334217027,-1.7468223487184378,-1.673102317922244,-1.6339112574320793,-1.5921525643813461,-1.6108687829509438,-1.6054920676342284,-1.6013115826704976,-1.6534787534802573,-1.5773683058046115,-1.6424031698669455,-1.6534249356225197,-1.6348664597815614,-1.6435758259465603,-1.6612139152250012,-1.6885624690542937,-1.7094840280841435,-1.724974057024014,-1.7085167917657695,-1.733077973277946,-1.7293305909601775,-1.7220630118089268,-1.7174873908377737,-1.7080847066237186,-1.698616141452068,-1.6925772498667817,-1.691822680619233,-1.6429189594151212,-1.6834419448827243,-1.6711383785952911,-1.6591260921171382,-1.6754357747945,-1.661947132048964,-1.6616988025087553,-1.6507627757740746,-1.6882768598668179,-1.666321979872394,-1.6456783477447854,-1.6501176503434385,-1.6687596290086801,-1.6555068911479425
-1.772955306847352,1.6489488120252407,-1.6509967629917854,-1.6996897723395796,-1.7583022568312958,-1.8308417348175623,-1.5284305565943297,-1.581074295327564,-1.4918173081368107,-1.495112355842651,-1.512805241429853,-1.5559944042409697,-1.5536180135663886,-1.6938990477856932,-1.6059975354426073,-1.6818518413284709,-1.6676256957824624,-1.668066532942196,-1.671242125770116,-1.7096054982735867,-1.738303698454114,-1.7544613915990765,-1.7667926443949704,-1.7607295290353493,-1.7677308695194458,-1.7702778100945018,-1.7579468893604786,-1.7606602642544111,-1.7779338913657596,-1.74409945571265,-1.7590049284329832,-1.7800293174568362,-1.7472628219516924,-1.7884492395006288,-1.7939725588963096,-1.7849857242723892,-1.7518487236555265,-1.763385627624832,-1.7655050708057904,-1.7643407250322343,-1.7791840753981198,-1.77628630067328,-1.7762778689549799,-1.8000453072110034,-1.8204998260378205,-1.8073268083402025
-1.6838108796965714,1.6230008159948333,-1.4741730425114727,-1.6565738875547389,-1.5774999682111137,-1.9501888601665238,-1.6594656318687946,-1.719116329219584,-1.6812759071971661,-1.6406726686506938,-1.6599005537114981,-1.654989731027487,-1.6490051517746067,-1.6534787534802573,-1.6059975354426073,-1.6424031698669455,-1.6534249356225197,-1.6348664597815614,-1.6527979258877457,-1.6612139152250012,-1.6601389093972545,-1.6773573398591932,-1.6771813857429223,-1.6795097155048881,-1.6810986289156962,-1.6708345636254278,-1.6682371954815927,-1.655811857385434,-1.6699851513098765,-1.640137594545608,-1.6593634105836834,-1.637541673334556,-1.6011814144004957,-1.6274380544198424,-1.6277851384890483,-1.629512061021786,-1.6295880054778862,-1.6463412096526793,-1.6457286073861257,-1.6345373544514836,-1.638691105940669,-1.6155692164258275,-1.6195584435027588,-1.6148405546099012,-1.6062783714084525,-1.592992807598195
-1.835356405852898,1.7267928001164634,-1.5272201586555678,-2.0015009658334724,-2.0295056897615766,-2.1888831108644538,-1.8778574239929104,-1.9952003970036318,-1.9654638057876868,-1.9803133985361363,-2.0031229490353164,-2.0014733747803066,-1.982860135503378,-1.9364208136183159,-1.7777729132705515,-1.7607491842515222,-1.752830256742122,-1.712333297156377,-1.7542410252407852,-1.790258136687895,-1.8093625975967123,-1.8315654433389623,-1.8325075674064728,-1.8187436815571079,-1.8197102138816916,-1.8170746319622997,-1.8057920594292172,-1.8100006910162811,-1.8033335949083196,-1.7895827699732318,-1.7922187677160861,-1.8003846951885865,-1.7820441094638861,-1.7954497258084927,-1.7939725588963096,-1.7923892320462258,-1.8053377878582353,-1.8180063560118456,-1.7974454610510382,-1.8049042783387175,-1.7957126600401694,-1.8016626823965631,-1.8111044079443692,-1.808864581144394,-1.811573932094938,-1.8430491417972101
-1.9066719475735199,1.5840788219492197,-1.774773367328003,-1.7859215419092611,-1.8035028289863493,-1.7512769845849143,-1.7468223487184378,-1.7651303405169239,-1.6812759071971661,-1.7377128771893893,-1.757964095232589,-1.7539850578140133,-1.7443922899828246,-1.7747396363965722,-1.72051445399457,-1.7015761770592337,-1.6960272161023506,-1.6901999150492855,-1.717352625476044,-1.7660623451636028,-1.8164684875109733,-1.8636921315639148,-1.8803002386875645,-1.9057649103397436,-1.9178934198992719,-1.9282170838983252,-1.931385630859659,-1.9395193112661933,-1.9493818902780446,-1.9520231780467383,-1.9649307319882057,-1.9632277170426218,-1.9420380320199615,-1.9774623698128613,-1.974611059338982,-1.9774769263921812,-1.9581636855802773,-1.9350507739839984,-1.9331921195933097,-1.9590457809033717,-1.9940556757447996,-1.9792973544595338,-1.9329972944072136,-1.9058765944116405,-1.9097587654667332,-1.923424392075455
-2.004730817439377,1.7267928001164634,-1.7482498092559555,-1.8721533114789501,-1.7583022568312958,-2.0695359855154853,-2.0088924992673753,-1.9952003970036318,-2.012828455552782,-2.0773536070748317,-2.101186490556416,-2.100468701566824,-2.030553704607487,-2.0172614022291877,-1.8922898318225194,-1.839646527174577,-1.8096332973818956,-1.7787334434776458,-1.800351524946713,-1.8628455112607725,-1.9230568362248721,-1.9729228715287508,-1.9938078329801607,-1.9985875543745582,-2.010301143209933,-2.004261919433496,-2.0091340322213624,-2.0135299514089984,-2.0001812973631643,-2.010501724953203,-2.0247156426977835,-2.0039384725061318,-2.0811631820687264,-2.061468205507184,-2.061317539551463,-2.066319019678243,-2.0575005190996,-2.0442922307580145,-2.0369983878903564,-2.0726237301615313,-2.10975576823917,-2.097720469168185,-2.107129989354123,-2.0999006209461335,-2.0972025382674286,-2.146688976181718
-1.764040864132276,1.6489488120252407,-1.4299671123913977,-1.9583850810486316,-1.9843051176065312,-2.0297536103991645,-1.9652141408425536,-1.9952003970036318,-2.012828455552782,-1.9803133985361363,-2.0031229490353164,-1.951975711387048,-1.935166566399269,-1.89600051931288,-1.7491436836325607,-1.7410248485207593,-1.7244287364222362,-1.6791332239957406,-1.6989084255936735,-1.7176707621150173,-1.738303698454114,-1.7480360539540873,-1.74887039266456,-1.7433252832788213,-1.7446289386917766,-1.7468793991606026,-1.7400049505847006,-1.7359900508734716,-1.739834336051922,-1.724606606743833,-1.7324338570065034,-1.7393185619933262,-1.7194377919419404,-1.718444376422029,-1.7217171587192397,-1.7257576620816848,-1.7442074287694205,-1.763385627624832,-1.7575199732444757,-1.7562280143709446,-1.7791840753981198,-1.7509099189499968,-1.750157964712941,-1.7912260332776253,-1.7847962502662655,-1.78053505824745
-2.0403885882996877,1.7267928001164634,-1.6863615070878468,-2.1739645049728353,-2.3007091226918575,-1.8308417348175623,-2.3146410082411344,-2.2712844647876715,-2.249651704378216,-2.3199541284215788,-2.2973135735985983,-2.2984593551398675,-2.269021550128032,-2.219362873756374,-2.006806750374482,-1.8988195343668652,-1.8380348177017813,-1.8119335166382822,-1.8280178247702688,-1.8951065666264952,-1.9585862857961724,-2.0114748973986947,-2.023678252530844,-2.0391974611397887,-2.0391785567445173,-2.051058741301298,-2.0509985560315096,-2.044367718135166,-2.0827303338764875,-2.0364921902449633,-2.0579294819808864,-2.051434353880225,-2.0463818945565326,-2.033466260275743,-2.032415379480636,-2.0441084963567278,-2.0498592242135047,-2.075504075550595,-2.0769238756969077,-2.048285598177639,-2.0601700143130097,-2.0469677057216304,-2.046183546122707,-2.0469849773458146,-2.0972025382674286,-2.0484525591749625
-0.8725965926244816,0.8315869370673827,-1.0940020434788058,-0.27686557443980486,-0.13108165924962628,-0.63737048132792,-0.1744014454248286,-0.06261192251531272,0.07121613411108674,0.20309129358455302,0.10524319366818288,-0.02156683904991527,-0.2658916477554121,-0.5217105129280307,-0.7757498759408564,-0.81398106917489,-0.8439816065057639,-0.8823314681404992,-0.8689194308869816,-0.8546875310819155,-0.8571733490858745,-0.8613394589454076,-0.8826282256947555,-0.8847158259568086,-0.8956329807750618,-0.8986870028067483,-0.9086951206403501,-0.9033703492669009,-0.8952941932617835,-0.9253997990221791,-0.8954451070723802,-0.8979629490808162,-0.9264244366639908,-0.9133884510180817,-0.9196822167537747,-0.9187753147333221,-0.9113062861842998,-0.928468779423433,-0.9430400219907894,-0.9530696589025258,-0.9196976740113657,-0.9219481159894393,-0.9491475679571094,-0.944575735672554,-0.9279104317487686,-0.9231990552794068
-1.0063132333506495,1.0780928993562613,-1.0232725552866833,-0.6217926527185383,-0.4474856643349527,-0.7964999817932018,-0.9169335386468116,-0.5227520354887205,-0.44979501330488464,-0.37914995764762793,-0.48313805545838034,-0.5660411363757784,-0.6951337696924015,-0.9259134559823969,-1.0334129426827778,-0.9915000907517588,-0.9859892081051946,-1.004065069729494,-1.0072509300047638,-1.032123335593395,-1.0561382666851549,-1.0476742506501315,-1.0379544073583058,-1.0239497920090284,-1.0053671522064769,-0.9981302492758181,-0.9984048145192401,-0.9897160961001755,-0.9778432297751065,-0.9838783459286435,-0.9618727856385816,-0.9793844600078362,-0.947293209171306,-0.9623918551731045,-0.9558099168423072,-0.9483893458286691,-0.9495127606148076,-0.9440747018197179,-0.9669953146747223,-0.9530696589025258,-0.9279619663323964,-0.9304069098972044,-0.9230276637150705,-0.9533950096059446,-0.9100586438629912,-0.8696155550939018
-1.1043721032165064,0.8575349330977903,-1.0763196714307721,-0.6217926527185383,-0.5378868086450437,-1.2341061080727411,-0.6548633880978741,-0.7068080806780803,-0.6866182621303185,-0.6702705832637228,-0.7282969092611078,-0.8135294533420718,-0.9336016152129548,-1.0471743388987118,-1.11930063159675,-1.0309487622132845,-0.9717884479452519,-0.9819316876224045,-0.998028830063577,-1.015992807910532,-1.0561382666851549,-1.0798009388750842,-1.1036693303698082,-1.1167724360438387,-1.120876806344803,-1.1560695230796414,-1.1479209709840512,-1.1500724830762552,-1.1619910804586693,-1.191802068262732,-1.1877268927636604,-1.1761531114147934,-1.1977184792590791,-1.1654059581010598,-1.1725761173735119,-1.1778980868176554,-1.1863929020839714,-1.1781635377640347,-1.198563143952737,-1.1883382680801464,-1.134569274358057,-1.1757119332222716,-1.2016399756301483,-1.2267925015409153,-1.2046131439783767,-1.1553942227499119
-1.0419710042109604,0.7018469569153452,-1.0232725552866833,-0.5786767679336976,-0.5830873808000892,-1.393235608538023,-0.5675066712482308,-0.6147800580834004,-0.5445243128350582,-0.5732303747250187,-0.6792651385005622,-0.7640317899488132,-0.8859080461088459,-1.0067540445932688,-1.0047837130447872,-0.971775755020996,-0.9433869276253637,-0.9265982323546784,-0.915029930592908,-0.9353401694962238,-0.9637616977997758,-0.9834208742002265,-1.01405807171776,-1.0413540377655524,-1.063121979275638,-1.0858742902779404,-1.106056447173904,-1.1254022696953203,-1.1492912286873915,-1.1723092192939104,-1.1744413570504229,-1.1965084891465483,-1.1907622217566423,-1.1794069307167778,-1.187027197408928,-1.1927051023653341,-1.2016754918561723,-1.2249813049529001,-1.2624439244432213,-1.2451272427092204,-1.2585336591734466,-1.2772174601153925,-1.3061195925982916,-1.2620695972744527,-1.2581685076357219,-1.3072141399421722
-0.6853932956078378,0.585080974778509,-0.6342603702299965,-0.4062132287943271,-0.13108165924962628,-0.63737048132792,-0.6548633880978741,-0.47673802419138056,-0.3550657137747027,-0.33062985337828027,-0.3360427431767352,-0.41754814619599356,-0.5997466314841835,-0.6429713958443385,-0.7757498759408564,-0.7745323977133609,-0.7729778057060473,-0.7937979397121389,-0.7582542315927553,-0.7095127819361603,-0.6653143214008553,-0.6300273037257529,-0.6376907853791527,-0.6526592158697786,-0.6703891552053207,-0.688101304401649,-0.7113337941068003,-0.7183437489098817,-0.7365460461207806,-0.7564617746257336,-0.7293759106568793,-0.7486901790479524,-0.7872992866152307,-0.7803792111687361,-0.7896224964350509,-0.7929156825780712,-0.7814042731205644,-0.8036214002531322,-0.8472188512550576,-0.8313789989830765,-0.8205261661590448,-0.8289013830040715,-0.8446679509889661,-0.8475637224053075,-0.8475773862627636,-0.8338932216368942
-0.8012810509038596,0.5980549727937103,-0.6696251143260641,-0.6217926527185383,-0.5378868086450437,-1.0351942324911318,-0.5675066712482308,-0.7528220919754203,-0.7813475616604921,-0.6702705832637228,-0.7282969092611078,-0.7640317899488132,-0.8382144770047368,-0.8450728673715251,-0.8902667944928243,-0.8534297406364156,-0.8439816065057639,-0.838064703926318,-0.8228089311810537,-0.782100156509038,-0.7647967802004955,-0.7456833813355803,-0.7511983796717467,-0.7744889361654703,-0.7916742920505663,-0.8109429618046219,-0.8429080117958334,-0.8416948158145611,-0.8762444156048624,-0.8929117174074795,-0.8888023392157568,-0.9183183268125712,-0.919468179161554,-0.9553913688652456,-0.9630354568600126,-0.9631963613763426,-0.9647953503870194,-1.0064983914048682,-1.0388611927265212,-1.0423094761767933,-0.9858120125795757,-1.0234536428825722,-1.0710404544199537,-1.050407022873191,-1.0528729469492364,-1.0482272223789144
-0.854767707194323,0.7796909450065677,-0.7845605326382616,-0.7511403070730606,-0.5830873808000892,-0.9158471071421703,-0.6111850296730525,-0.6607940693807404,-0.6392536123652318,-0.6217504789943751,-0.6302333677400168,-0.6650364631622957,-0.8382144770047368,-0.8450728673715251,-0.8902667944928243,-0.8534297406364156,-0.8439816065057639,-0.8601980860334076,-0.8689194308869816,-0.8546875310819155,-0.8571733490858745,-0.8484887836554271,-0.8467837222339345,-0.8615101649481061,-0.860980084533566,-0.8694389891393715,-0.8608499505716115,-0.8787001358859658,-0.8698944897192236,-0.886414101084536,-0.8821595713591381,-0.857252193617311,-0.8707743766444868,-0.8783860194787818,-0.8618778966121157,-0.8595472525426177,-0.8578172219815909,-0.8582421286401347,-0.8951294366229234,-0.8638298416282584,-0.8618476277641746,-0.8796541464506379,-0.8533745857363042,-0.8475637224053075,-0.820799704434091,-0.8338932216368942
-0.9706554624903385,0.7148209549305465,-0.9260195090225132,-0.9236038462124312,-0.944691958040461,-0.9158471071421703,-0.8295768217971683,-0.8448501145701084,-0.7813475616604921,-0.7673107918024181,-0.8263604507821988,-0.8630271167353305,-0.9336016152129548,-0.8450728673715251,-0.9475252537688057,-0.8534297406364156,-0.8439816065057639,-0.8491313949798629,-0.8596973309457965,-0.8788833226062076,-0.9140204683999558,-0.9512941859752739,-0.9782135682569391,-0.9891413004959725,-1.0053671522064769,-1.027378262943195,-1.0163467532950181,-1.0390565228620456,-1.0349925627458652,-1.0423568928351035,-1.048228767774639,-1.0404505932030965,-1.030768299200567,-1.0323967182517093,-1.0280653170193772,-1.0150209157932155,-1.0030018248175272,-1.0455131973955858,-1.0468462902878246,-1.0260840548542023,-1.010604889542656,-1.014994848974819,-1.0100940111885377,-1.0151299271396412,-1.0260952651205637,-1.0035743055576518
-0.9349976916300275,0.585080974778509,-0.8110840907103092,-0.7080244222882198,-0.7638896694202791,-1.313670858305382,-1.0042902554964548,-0.8908641258674483,-0.8760768611906741,-0.8643510003411136,-0.875392221542753,-0.912524780128598,-1.0289887534211728,-1.0067540445932688,-1.0047837130447872,-0.8928784120979413,-0.8581823666657068,-0.8601980860334076,-0.8412531310634243,-0.8385570033990541,-0.8642792390001357,-0.8741901342353905,-0.9065245613353013,-0.9485313937307419,-0.9649387732580617,-0.9864310438088706,-1.0223273995536095,-1.0267214161715759,-1.0349925627458652,-1.061849741803925,-1.081442607057742,-1.0811613486666065,-1.0864183592200711,-1.0743996360988732,-1.0786440971433255,-1.081652485757762,-1.0870560685646489,-1.1001339257825995,-1.1346823634622416,-1.123436582789771,-1.1015121050739463,-1.108041581960187,-1.131986897651382,-1.1209612143402783,-1.1153542045494766,-1.101810722564407
-0.9973987906355734,0.6629249628697315,-0.9348606950465269,-0.9667197309972719,-0.944691958040461,-1.1545413578401003,-0.9169335386468116,-0.9368781371647883,-0.8760768611906741,-0.8643510003411136,-0.875392221542753,-0.912524780128598,-0.9336016152129548,-0.9259134559823969,-0.9188960241308151,-0.8731540763671785,-0.8581823666657068,-0.8712647770869525,-0.8781415308281669,-0.8950138502890703,-0.9282322482284754,-0.9577195236202654,-0.9841876521670745,-1.0065455462525004,-1.0226936003272227,-1.0449270711436203,-1.0641919233637567,-1.0822293962786829,-1.0857919698309895,-1.107333056064507,-1.1080136784842216,-1.0947316004877732,-1.1420684192395751,-1.109402067638173,-1.114771797231858,-1.118670024626951,-1.1176212481090508,-1.123542809377032,-1.1666227537074894,-1.1315492934510607,-1.1015121050739463,-1.1165003758679402,-1.131986897651382,-1.1209612143402783,-1.088576522720804,-1.0928801392001646
-0.783452165473701,0.6629249628697315,-0.6165779981819689,-0.7511403070730606,-0.8090902415753246,-1.2341061080727411,-0.87325518022199,-0.8448501145701084,-0.8287122114255873,-0.8158308960717658,-0.8263604507821988,-0.8630271167353305,-0.9336016152129548,-0.885493161676961,-0.8902667944928243,-0.81398106917489,-0.8155800861858759,-0.8269980128727733,-0.8135868312398685,-0.7982306841918992,-0.7790085600290151,-0.7649593942705523,-0.7691206314021571,-0.7802903514176449,-0.7801233266367357,-0.7875445508707228,-0.7950628417270948,-0.8108570490883891,-0.8127451567484648,-0.8409307868239541,-0.8356601963627976,-0.8504670677067228,-0.86381811914205,-0.8503840742473409,-0.8546523565944102,-0.8595472525426177,-0.8654585168676859,-0.8738480510364195,-0.9031145341842383,-0.8800552629508609,-0.8866405047272549,-0.9134893220816862,-0.931734298462421,-0.9092986399390167,-0.8832809620343186,-0.9053378885508967
-0.9617410197752624,0.6240029688241179,-0.9171783229984931,-0.9236038462124312,-0.8994913858854156,-1.0351942324911318,-0.7422201049475173,-0.8448501145701084,-0.8287122114255873,-0.8158308960717658,-0.8263604507821988,-0.8630271167353305,-0.8859080461088459,-0.9259134559823969,-0.8902667944928243,-0.8534297406364156,-0.8297808463458186,-0.838064703926318,-0.8412531310634243,-0.8708180587647769,-0.892702798657175,-0.9191674977503237,-0.9483431487062577,-0.9833398852437978,-0.9995916694995575,-1.0156790574762433,-1.0402693383293875,-1.051391629552511,-1.0730921180597073,-1.0748449744498074,-1.0880853749143606,-1.0743762227560232,-1.1072871317273862,-1.0814001224067322,-1.085869637161031,-1.0964595013054355,-1.1176212481090508,-1.1001339257825995,-1.1266972659009382,-1.099098450805879,-1.0767192281108662,-1.0995827880524218,-1.1494001671460705,-1.0768648446733504,-1.0707247348350266,-1.0571578057431568
-0.9349976916300275,0.6629249628697315,-0.828766462758343,-0.7511403070730606,-0.5830873808000892,-0.9556294822584908,-1.0042902554964548,-0.9368781371647883,-0.9708061607208476,-0.9128711046104613,-0.9244239923032984,-0.9620224435218566,-0.9812951843170639,-0.9663337502878327,-0.9188960241308151,-0.8337054049056528,-0.8439816065057639,-0.838064703926318,-0.8412531310634243,-0.8627527949233462,-0.8855969087429164,-0.9063168224603408,-0.9304208969758473,-0.9427299784785672,-0.9533878078442269,-0.9864310438088706,-0.9984048145192401,-1.002051202790641,-1.0095928592033052,-1.0293616601892255,-1.0216576963481594,-1.0404505932030965,-1.0168557841956885,-1.0113952593281275,-1.0136142369839611,-1.0076174080193736,-0.9953605299314213,-1.0064983914048682,-1.0548313878491393,-1.0017459228703103,-1.010604889542656,-1.014994848974819,-1.0013873764411874,-0.9533950096059446,-0.9368363256916638,-0.9053378885508967
-0.8815110353395579,0.7537429489761601,-0.6696251143260641,-0.9236038462124312,-0.8090902415753246,-1.2738884831890616,-1.0479686139212765,-1.0749201710568081,-1.0181708104859344,-1.0099113131491653,-1.0224875338243895,-1.061017770308374,-1.1243758916293993,-1.0471743388987118,-1.0047837130447872,-0.9126027478287041,-0.8723831268256496,-0.8823314681404992,-0.8689194308869816,-0.8708180587647769,-0.8713851289143942,-0.8613394589454076,-0.8766541417846158,-0.878914410704634,-0.8783065326543119,-0.8986870028067483,-0.9086951206403501,-0.8910352425764311,-0.8952941932617835,-0.8994093337304185,-0.9153734106422411,-0.9183183268125712,-0.919468179161554,-0.9063879647102228,-0.8980055967006533,-0.8965647914118067,-0.8883824015259929,-0.9050598958290003,-0.9430400219907894,-0.920618816257344,-0.9031690893693162,-0.9134893220816862,-0.931734298462421,-0.9181179138723947,-0.8743550680914235,-0.9231990552794068
-0.8815110353395579,0.6758989608849376,-0.6961486723981053,-0.8373720766427497,-0.7638896694202791,-1.4330179836543435,-1.0042902554964548,-1.0749201710568081,-1.0181708104859344,-0.9613912088798089,-0.973455763063844,-1.0115201069151154,-1.0289887534211728,-1.0067540445932688,-0.9761544834067964,-0.8731540763671785,-0.8581823666657068,-0.8491313949798629,-0.8504752310046112,-0.8466222672404834,-0.850067459171616,-0.8484887836554271,-0.864705973964345,-0.878914410704634,-0.8898574980681465,-0.904536605540222,-0.9086951206403501,-0.9157054559573662,-0.9270438226899868,-0.9513902643139395,-0.9286589463554785,-0.9386737045443262,-0.975118239181058,-0.9343899099416636,-0.9341332967891857,-0.9335823302809956,-0.9189475810704056,-0.928468779423433,-0.9510251195521041,-0.9287315269186337,-0.9031690893693162,-0.9050305281739212,-0.8969077594730316,-0.9357564617391634,-0.9368363256916638,-0.9231990552794068
-0.854767707194323,0.5980549727937103,-0.7845605326382616,-0.7511403070730606,-0.6282879529551346,-0.8760647320258499,-0.8295768217971683,-0.8448501145701084,-0.8287122114255873,-0.7673107918024181,-0.7773286800216532,-0.8135294533420718,-0.8382144770047368,-0.8046525730660892,-0.8043791055788472,-0.7942567334441272,-0.7729778057060473,-0.7937979397121389,-0.7859205314163127,-0.7982306841918992,-0.8003262297717959,-0.8099367577854855,-0.8348355544136594,-0.8615101649481061,-0.8725310499473966,-0.8869877973397967,-0.9027144743817588,-0.9218730093026032,-0.9270438226899868,-0.9448926479910005,-0.9419444820687207,-0.9454588304549095,-0.9681619816786212,-0.9413903962495276,-0.9413588368068962,-0.9409858380548376,-0.9418714657287125,-0.9440747018197179,-0.9590102171134076,-0.9530696589025258,-0.9362262586534154,-0.9304069098972044,-0.8882011247256936,-0.9004793660056261,-0.9189845378058862,-0.8785461384581442
-0.9528265770601798,0.8445609350825889,-0.8022429046862954,-1.225415039706324,-1.306296535280833,-0.9556294822584908,-1.179003689195749,-1.0749201710568081,-1.0655354602510212,-1.0099113131491653,-1.0224875338243895,-1.061017770308374,-1.0766823225252817,-1.0471743388987118,-0.9761544834067964,-0.8928784120979413,-0.8723831268256496,-0.8933981591940441,-0.8965857307105375,-0.9192096418133624,-0.9566558078855147,-0.970570198910246,-0.9782135682569391,-0.9833398852437978,-0.970714255964977,-0.974731838341919,-0.9685015832262753,-0.9588783293740035,-0.9778432297751065,-0.9513902643139395,-0.9552300177819582,-0.9793844600078362,-0.9542494666737428,-0.9343899099416636,-0.9341332967891857,-0.9261788225071536,-0.9113062861842998,-0.936271740621581,-0.9430400219907894,-0.9043933949347415,-0.878376212406236,-0.9134893220816862,-0.905614394220382,-0.8916600920722355,-0.8832809620343186,-0.9410602220079043
-0.819109936334012,0.7277949529457527,-0.5635308820378738,-0.9667197309972719,-0.8542908137303701,-1.2341061080727411,-1.091646972346098,-1.120934182354148,-1.0655354602510212,-1.0099113131491653,-1.0224875338243895,-1.061017770308374,-1.1243758916293993,-1.0875946332041477,-1.0047837130447872,-0.8928784120979413,-0.8439816065057639,-0.8491313949798629,-0.832031031122239,-0.8224264757161928,-0.8145380096003155,-0.8163620954304769,-0.8169133026832532,-0.8209002581828755,-0.8205517055851509,-0.8401909754719987,-0.8369273655372422,-0.8355272624693284,-0.8190950826341037,-0.8214379378551372,-0.829017428506179,-0.8368968158855559,-0.8429493466347348,-0.815381642708041,-0.7968480364527563,-0.7929156825780712,-0.7814042731205644,-0.8036214002531322,-0.8232635585711247,-0.7908154456765819,-0.779204704553915,-0.7866074134652701,-0.7924281425048882,-0.7770095309382203,-0.7583184468338509,-0.7892403048156442
-0.22184227442378832,0.5072369866872817,-0.12147158083709822,-0.4062132287943271,-0.22148280355971725,-1.4330179836543435,-0.43647159597376606,-0.47673802419138056,-0.40243036353978945,-0.28210974910893255,-0.23797920165564423,-0.17005982922970012,-0.12281094044308509,-0.1579278641791005,-0.3463114313709857,-0.43921869029038624,-0.5173641228270717,-0.5503307365341473,-0.536923833004304,-0.4272285474860792,-0.30291393577359754,-0.21238035680137646,-0.1776863242986368,-0.17694316519136502,-0.1679221597035927,-0.16163705838891101,-0.14915304579911162,-0.16943150118406564,-0.14600293875625026,-0.165178689238168,-0.16474064284417528,-0.15159909891649284,-0.15427985389335638,-0.17833738869274407,-0.17545159492996373,-0.1710210295756587,-0.16245938734630055,-0.194990426797902,-0.20841104635020533,-0.214812988724494,-0.22549711904514266,-0.21986822164529798,-0.20037697968535575,-0.22139527313490098,-0.23169070420330717,-0.20875238613935612
0.009933236168230084,0.1958610343223867,-0.06842446469300942,-0.1475179200852827,0.004520057215510169,-0.7169352315605609,-0.43647159597376606,-0.2006539564073326,-0.1182424649492688,0.10605108504585763,0.20330673518927386,0.3249168047028955,0.40181831970212223,0.32711566748614457,0.05449778356088929,-0.10390498286741152,-0.23334891962820775,-0.3289969154632474,-0.30637133447466747,-0.16914010456029158,-0.039996008945977456,0.05748382428822234,0.06127703210683061,0.05511344489566506,0.04577070045231377,0.03139983181575889,0.030266341958660098,0.021762652518181783,0.03814491192731249,0.02325218412709884,0.014614089284567781,0.02481417475870927,0.019626583667597394,-0.003325230996234634,0.005186905512708651,0.006663156996454645,0.013290395034037674,0.015689525551993093,-0.04870909512398944,-0.003882511530765673,-0.002361226377432298,-0.016857167859044155,-0.017537649991095652,-0.027371246600408076,-0.017469249573939305,0.05023453142390149
-0.9706554624903385,0.9483529192042189,-0.38670716155756735,-1.5272262332002167,-1.6227005403661594,-1.5921474841196324,-1.8778574239929104,-1.857158363111604,-1.8707345062575131,-1.883273189997441,-1.85602763675368,-1.8529803846005306,-1.8397794281910427,-1.5726381648693857,-1.3483344687006806,-1.129570440867102,-1.0569930089049087,-1.0372651428901285,-1.0072509300047638,-1.0079275440691013,-1.0063970372853348,-0.9834208742002265,-0.9662654004366682,-0.9543328089829165,-0.9418368424303923,-0.9337846192075947,-0.9385983519333148,-0.9218730093026032,-0.9270438226899868,-0.9318974153451179,-0.9087306427856177,-0.9047480749914044,-0.9333806941664325,-0.8993874784023638,-0.8907800566829478,-0.8817577758641226,-0.8730998117537919,-0.8816510122345674,-0.8791592415003053,-0.8557171309669687,-0.8618476277641746,-0.8542777647273547,-0.8533745857363042,-0.8211059006051483,-0.7850961286625233,-0.7624485547228916
-1.1043721032165064,0.7926649430217738,-0.6696251143260641,-1.397878578845687,-1.3966976795909238,-1.7114946094685939,-1.834179065568081,-1.8111443518142638,-1.8707345062575131,-1.883273189997441,-1.85602763675368,-1.8529803846005306,-1.7920858590869335,-1.4917975762585138,-1.2624467797867085,-1.0506730979440473,-0.9859892081051946,-0.9819316876224045,-0.998028830063577,-1.015992807910532,-1.0561382666851549,-1.0798009388750842,-1.1036693303698082,-1.1225738512960135,-1.1324277717586377,-1.1385207148792162,-1.1419403247254558,-1.156240036421488,-1.1556411545730305,-1.1528163703250889,-1.1677985891937994,-1.1625828595936216,-1.1420684192395751,-1.123403040253896,-1.1075462572141526,-1.0964595013054355,-1.1023386583368497,-1.0845280033863145,-1.086771778094387,-1.0747603188219867,-1.0436620588267669,-1.0657476124213736,-1.0623338196726155,-1.0151299271396412,-0.9903916893490089,-1.0303660556504044
-0.37338780058011484,0.45534099462646666,-0.08610683674103692,-0.9236038462124312,-0.8090902415753246,-1.393235608538023,-1.0479686139212765,-1.0749201710568081,-1.0181708104859344,-0.9613912088798089,-0.875392221542753,-0.7640317899488132,-0.6474402005882924,-0.5217105129280307,-0.6039744981129072,-0.5772890404057294,-0.6025686837867286,-0.6388642649625077,-0.6014785325926025,-0.5159464497418181,-0.4166081744017574,-0.3408871097011844,-0.32106433814191215,-0.3161771312435806,-0.3296356754972534,-0.34297474312663345,-0.34651437233266136,-0.3421229948506151,-0.36190041886801627,-0.36010717892637845,-0.3640236785427745,-0.3619380021446216,-0.40470512398112946,-0.39535246423641734,-0.3777667154257576,-0.37831924724312954,-0.37641564415715745,-0.397867417949638,-0.42400868050559054,-0.4176307552569211,-0.40731155010772324,-0.40596168761603363,-0.3745096746322778,-0.37132293000246597,-0.32987553757510235,-0.3159193865103663
-0.2664144879991755,0.4683149926416727,0.01998739554714697,-0.8373720766427497,-0.8090902415753246,-0.9954118573748113,-1.0479686139212765,-0.9828921484621282,-0.8760768611906741,-0.7673107918024181,-0.6792651385005622,-0.615538799769037,-0.5520530623800745,-0.5217105129280307,-0.518086809198935,-0.5378403689442037,-0.5741671634668429,-0.5945975007483265,-0.5553680328866761,-0.4594896028518048,-0.3455492752591565,-0.244507045026329,-0.21950491166959318,-0.21755307195659562,-0.21412602135892317,-0.208433880256709,-0.2149401546436282,-0.21877192794594005,-0.1968023458413746,-0.22365723614463254,-0.21124001784051571,-0.21945035802234128,-0.24471120142505412,-0.2273407928477669,-0.24048145508932312,-0.24505610731403663,-0.23123104132122116,-0.24180819398676756,-0.26430672927938603,-0.2472638313696874,-0.24202570368719223,-0.2537033972763463,-0.27003005766412214,-0.24785309493506022,-0.3030978557464298,-0.28912763641761374
-0.052467862837309434,0.24775702638320177,0.2056523020514735,-0.7080244222882198,-0.6734885251101881,-1.1545413578401003,-0.87325518022199,-0.7988361032727684,-0.7339829118954053,-0.5732303747250187,-0.48313805545838034,-0.36805048280273484,-0.3135852168595295,-0.1983481584845364,-0.23179451281902286,-0.3405970116365722,-0.4179588017074694,-0.45073051705224215,-0.40781443382770866,-0.25785800681603344,-0.09684312826005612,-0.000344214516691363,0.025432528646009648,0.020304953382613226,0.01689328691773325,0.008001420881859886,0.0003631106656995612,-0.015242667553218542,-0.006304569272168486,-0.009235897487605206,-0.018599749998535232,-0.04303708434713918,-0.02906721884946986,-0.05932912145911646,-0.05984295464665587,-0.05996841296808129,-0.0707638487130839,-0.07014304762759009,-0.12856007073710307,-0.1174604607889253,-0.10153273422975323,-0.11836269475217708,-0.12201726695923898,-0.15966035560119185,-0.16028355266018454,-0.17303005268236119
-0.24858560256902315,0.5202109847024877,0.12608162783533713,-1.0098356157821127,-0.944691958040461,-1.0749766076074523,-1.3100387644702138,-1.1669481936514963,-1.0655354602510212,-1.0099113131491653,-0.9244239923032984,-0.8135294533420718,-0.6951337696924015,-0.6025511015389026,-0.518086809198935,-0.5378403689442037,-0.5741671634668429,-0.5945975007483265,-0.5645901328278614,-0.4594896028518048,-0.3455492752591565,-0.2509323826713181,-0.21950491166959318,-0.194347410947893,-0.1967995732381732,-0.18503546932281,-0.1730756308334809,-0.16943150118406564,-0.16505271641317132,-0.165178689238168,-0.14481233927431442,-0.15159909891649284,-0.15427985389335638,-0.16433641607702112,-0.15377497487684222,-0.14881050625414322,-0.13953550268800452,-0.14817265960903642,-0.18445575366627237,-0.1499113034341187,-0.14285419583488304,-0.16065666429097844,-0.18296371019066726,-0.16847962953458245,-0.14243176477440708,-0.16409946931810612
-0.7388799518983138,0.7537429489761601,-0.015377348548914324,-1.5703421179850574,-1.6227005403661594,-1.7114946094685939,-1.834179065568081,-1.9952003970036318,-2.0601931053178686,-2.0773536070748317,-2.052154719795862,-2.0014733747803066,-1.935166566399269,-1.5726381648693857,-1.2624467797867085,-0.9915000907517588,-0.9007846471455352,-0.8712647770869525,-0.832031031122239,-0.8224264757161928,-0.8003262297717959,-0.7649593942705523,-0.7392502118514759,-0.7164747836437118,-0.7050420514468206,-0.6939509071351269,-0.6933918553310222,-0.6875059821837141,-0.6857466390356608,-0.6654951461045697,-0.6695909999472968,-0.6876240458526922,-0.6620866515713442,-0.6683714302429725,-0.6523372360986164,-0.6522490348751468,-0.643860965170734,-0.6709710598846835,-0.7034870951514712,-0.6772374964184338,-0.6387117350964643,-0.676643092664384,-0.6879485255367326,-0.6711782437375834,-0.6958371892336233,-0.682073304444634
-0.4625322277308892,0.6240029688241179,0.23217586012352104,-1.3547626940608462,-1.3514971074358784,-1.6717122343522735,-1.7905007071432595,-1.7651303405169239,-1.7760052067273397,-1.7377128771893893,-1.6599005537114981,-1.6054920676342284,-1.5536180135663886,-1.2492758104258912,-1.0047837130447872,-0.8534297406364156,-0.7587770455461046,-0.7495311754979577,-0.7029216319456437,-0.644990671204712,-0.5445141928584369,-0.46939386260099236,-0.4285978485243708,-0.39739694477404175,-0.4047169506871644,-0.4014707704613831,-0.3883788961428086,-0.3791283149220198,-0.3873001224105762,-0.3666047952493174,-0.38395198211263537,-0.3755082539657932,-0.3977488664786927,-0.36735051900497645,-0.36331563539034156,-0.34870521614777206,-0.34585046461275554,-0.35104965076078354,-0.3601279000151065,-0.3527290699665458,-0.34119721153951316,-0.3552089241694792,-0.3483897703902389,-0.31840728640214744,-0.2763201739177699,-0.28019705305337134
-0.4090455714404322,0.4812889906568742,0.0995580697632896,-1.225415039706324,-1.215895390970742,-1.552365109003312,-1.397395481319857,-1.5350602840302159,-1.586546607666984,-1.5436324601119986,-1.414741699908762,-1.3085060872746674,-1.1720694607335083,-0.885493161676961,-0.7471206463028657,-0.616737711867255,-0.5883679236267857,-0.6167308828554181,-0.5922564326514173,-0.5240117135832503,-0.4592435138873164,-0.40514048615108955,-0.3927533450635541,-0.3799926990175179,-0.38739050256641855,-0.38392196226095776,-0.36445631110843935,-0.37296076157678715,-0.36190041886801627,-0.3666047952493174,-0.3640236785427745,-0.3551528762340382,-0.34209880645918866,-0.3533495463892535,-0.3416390153372201,-0.3264946928262566,-0.3076439901822477,-0.31203484477005483,-0.32020241220855533,-0.3121655166600627,-0.308140042255414,-0.3129149546306658,-0.3309765008955504,-0.30076873853536623,-0.23169070420330717,-0.28019705305337134
-0.9795699052054146,0.688872958900139,-0.34250123143748606,-1.7859215419092611,-1.8035028289863493,-1.8308417348175623,-2.13992757454184,-2.2252704534903316,-2.297016354143303,-2.271434024152231,-2.2482818028380525,-2.1499663649600915,-2.078247273711596,-1.6130584591748214,-1.2338175501487179,-1.0506730979440473,-0.9433869276253637,-0.9376649234082233,-0.9334741304752802,-0.9272749056547931,-0.942444028056995,-0.9641448612652546,-0.9662654004366682,-0.9775384699916191,-0.9880407040857269,-0.9981302492758181,-0.9984048145192401,-1.0143863094811105,-1.0222927109745876,-1.009868811220404,-1.008372160634922,-1.0404505932030965,-1.0585933292103191,-1.0113952593281275,-0.9991631569485502,-0.9928103924717,-1.0030018248175272,-0.9752865466122986,-0.9749804122360372,-0.977407790886418,-0.9196976740113657,-0.9473244977127225,-0.9665608374518103,-0.9004793660056261,-0.8386514923198685,-0.7892403048156442
-0.9973987906355734,0.7277949529457527,-0.27177174324536346,-1.7428056571244204,-1.7131016846762503,-1.8706241099338827,-2.052570857692197,-2.2252704534903316,-2.297016354143303,-2.3199541284215788,-2.2973135735985983,-2.2984593551398675,-2.221327981023923,-1.815159930702008,-1.4055929279766672,-1.129570440867102,-1.0001899682651374,-0.9376649234082233,-0.9242520305340949,-0.9514706971790852,-0.9708675877140344,-0.9769955365552374,-0.9841876521670745,-0.9949427157481471,-0.9995916694995575,-0.9981302492758181,-1.0043854607778313,-1.002051202790641,-1.0286426368602264,-1.016366427543343,-1.008372160634922,-1.0065249636501745,-1.0238120416981253,-0.9763928277888275,-0.9630354568600126,-0.9557928536025111,-0.9571540555009135,-0.936271740621581,-0.9749804122360372,-0.9287315269186337,-0.9279619663323964,-0.9388657038049695,-0.931734298462421,-0.9357564617391634,-0.9100586438629912,-0.9142684719151518
-0.4536177850158194,0.5202109847024877,0.1526051859073784,-1.397878578845687,-1.4418982517459773,-1.7512769845849143,-1.5721089150191514,-1.673102317922244,-1.6339112574320793,-1.5921525643813461,-1.5618370121903984,-1.506496740847711,-1.3628437371499442,-1.1280149275095837,-0.9188960241308151,-0.7942567334441272,-0.730375525226219,-0.7163311023373233,-0.6660332321809009,-0.5804685604732666,-0.4947729634586168,-0.43084183673105064,-0.4106755967939603,-0.41480119053056974,-0.41049243339408376,-0.41901957866180833,-0.4242627736943647,-0.4161336349934245,-0.3999999741818539,-0.4120881095098994,-0.4171658213957384,-0.4162190094292984,-0.4186176389860079,-0.4093534368521353,-0.39221779546116853,-0.37831924724312954,-0.36113305438495646,-0.3822614955533532,-0.376098095137736,-0.37706720195043797,-0.35772579618156275,-0.37212651198499735,-0.3919229441269663,-0.4066000257360033,-0.36557911334667004,-0.32484996987462134
-0.24858560256902315,0.22180903035279423,0.11724044181131711,-1.0098356157821127,-0.9898925301955065,-1.2341061080727411,-1.397395481319857,-1.2589762162461762,-1.2549940593113766,-1.1554716259572084,-1.0224875338243895,-0.912524780128598,-0.7905209079006279,-0.5621308072334666,-0.4608283499229536,-0.4194943545596234,-0.44636032202735504,-0.47286389915933175,-0.4447028335924497,-0.35464117291320163,-0.26738448620229716,-0.19952968151139588,-0.18963449211890762,-0.21175165670441687,-0.22567698677275783,-0.2435314966575596,-0.24484338593658872,-0.24344214132687506,-0.2793513823546932,-0.2691405504052145,-0.2710249285500936,-0.28730161712818975,-0.30731751894699494,-0.2903451696185127,-0.28383469519556614,-0.27467013840939414,-0.25415492597952805,-0.26521707758118923,-0.28826202196331896,-0.29594009533746024,-0.2750828729713031,-0.27907977899962955,-0.29614996190616105,-0.27431091673520697,-0.24954249208909735,-0.22661355286786627
-1.3094042856632964,0.7926649430217738,-0.5900544401099214,-1.8290374266941019,-1.8035028289863493,-2.4275773615623764,-2.5330328003652425,-2.5933825438690596,-2.6759335522640053,-2.708114962576369,-2.6895677396829707,-2.644942998892687,-2.5551829647526945,-2.0981019908400667,-1.634626765080598,-1.2676407909824416,-1.1137960495446826,-1.059398524997218,-1.0625835296518755,-1.1289065016905646,-1.2124678447988737,-1.2789864058697864,-1.31276226722459,-1.331424800374341,-1.3518961146214594,-1.360805618751263,-1.3692048825519703,-1.3782719568499076,-1.396938338227352,-1.373735325305055,-1.4135809998887439,-1.3864920146429172,-1.371624916820033,-1.3404181157975692,-1.3170869177276519,-1.2963542111990696,-1.2933710304893997,-1.3030109169343465,-1.286399217127154,-1.2694653746931126,-1.2337407822103663,-1.226464696668838,-1.2451731493668756,-1.244431049407684,-1.1778354621497042,-1.1286024726571593
-0.2842433734293405,0.4293929985960591,0.2940641622916299,-1.225415039706324,-1.1706948188156965,-1.552365109003312,-1.5721089150191514,-1.5350602840302159,-1.4918173081368107,-1.4465922515733032,-1.3657099291482164,-1.2590084238814088,-1.1243758916293993,-0.885493161676961,-0.7471206463028657,-0.6759107190595469,-0.6451709642665595,-0.6388642649625077,-0.5738122327690467,-0.4594896028518048,-0.33844338534489543,-0.2509323826713181,-0.22547899557972859,-0.22335448720877024,-0.22567698677275783,-0.23183229119061216,-0.23288209341940622,-0.23727458798163803,-0.2349019011552122,-0.2301548524675715,-0.2311683214103766,-0.2465908616646797,-0.21688617141530211,-0.21333982023204395,-0.2043537550007907,-0.1932315528971742,-0.19302456689071332,-0.18718746559975402,-0.2004259487889019,-0.16613672475670965,-0.14285419583488304,-0.1437390764754603,-0.13072390170658943,-0.1420218077344232,-0.14243176477440708,-0.19089121941085865
-0.25750004528410564,0.33857501248963046,0.2586994181955686,-1.1822991549214832,-1.215895390970742,-1.8706241099338827,-1.4847521981695002,-1.581074295327564,-1.5391819579018973,-1.495112355842651,-1.316678158387671,-1.1600130970948914,-0.9812951843170639,-0.7238119844552174,-0.6039744981129072,-0.5378403689442037,-0.5599664033069001,-0.5613974275876922,-0.5277017330631187,-0.41916328364464994,-0.30291393577359754,-0.205955019156385,-0.19560857602904302,-0.18854599569571429,-0.2025750559450926,-0.22013308572366058,-0.22092080090221947,-0.2249394812911727,-0.2349019011552122,-0.21066200349874997,-0.2311683214103766,-0.21945035802234128,-0.27253623143480615,-0.2273407928477669,-0.23325591507161766,-0.22284558399252116,-0.2083071566629143,-0.20279338799603885,-0.2243812414728235,-0.20670027806319277,-0.1924399497610435,-0.21140942773754492,-0.1916703449380177,-0.1772989034679605,-0.18706123448885711,-0.23554413623210865
-1.0063132333506495,0.7148209549305465,-0.23640699914930216,-1.9152691962637909,-1.9391045454514857,-2.308230236213415,-2.2272842913914834,-2.45534050997704,-2.5812042527338317,-2.5625546497683174,-2.5424724274013344,-2.4469523453196436,-2.269021550128032,-1.855580225007444,-1.4055929279766672,-1.129570440867102,-0.9859892081051946,-0.9376649234082233,-0.9242520305340949,-0.9434054333376545,-0.9708675877140344,-0.9834208742002265,-1.0080839878076204,-1.0007441310003218,-1.0169181176203075,-1.021528660209717,-1.0043854607778313,-1.0390565228620456,-1.0349925627458652,-1.022864043866282,-1.0349432320614016,-1.013310089560758,-1.0168557841956885,-0.9973942867124094,-0.9702609968777233,-0.9409858380548376,-0.9342301708426066,-0.920665818225285,-0.9190847293068565,-0.8962806842734519,-0.8618476277641746,-0.8627365586351198,-0.8272546814942653,-0.8122866266717702,-0.8029479165483009,-0.7981708881798992
-0.9528265770601798,0.8445609350825889,-0.08610683674103692,-1.9152691962637909,-2.074706261916622,-2.1888831108644538,-2.4019977250907774,-2.45534050997704,-2.486474953203658,-2.5625546497683174,-2.5424724274013344,-2.4964500087129022,-2.3644086883362583,-1.9768411079237518,-1.52010984652863,-1.228192119520916,-1.0995952893847396,-1.0372651428901285,-1.0072509300047638,-0.9917970163862401,-0.9779734776282955,-0.9577195236202654,-0.9483431487062577,-0.9311271479742139,-0.918734911602727,-0.9337846192075947,-0.9326177056747236,-0.9157054559573662,-0.9270438226899868,-0.9189021826992401,-0.9353017142120973,-0.9251034527231545,-0.8777306341469235,-0.8993874784023638,-0.8835545166652372,-0.8743542680902912,-0.8730998117537919,-0.8660450898382827,-0.8711741439389905,-0.8476044203056675,-0.845319043122125,-0.8373601769118365,-0.8446679509889661,-0.8122866266717702,-0.8297255983769735,-0.8517543883654043
-1.0865432177863477,0.9353789211890176,-0.18335988300520706,-2.0015009658334724,-2.0295056897615766,-2.387794986446056,-2.4019977250907774,-2.5473685325717197,-2.6285689024989187,-2.708114962576369,-2.738599510443516,-2.694440662285946,-2.6028765338568034,-2.1789425794509385,-1.6632559947185885,-1.3070894624439706,-1.0995952893847396,-1.0372651428901285,-1.0349172298283198,-1.0482538632762561,-1.0987736061707138,-1.1183529647450259,-1.1215915821002187,-1.093566775035136,-1.086223910103303,-1.0800246875444666,-1.0582112771051613,-1.051391629552511,-1.0540423404027863,-1.0293616601892255,-1.0283004642047782,-1.0065249636501745,-0.9959870116883733,-0.9833933140966865,-0.9558099168423072,-0.9261788225071536,-0.9113062861842998,-0.8972569346308523,-0.88714433906162,-0.9043933949347415,-0.8618476277641746,-0.8542777647273547,-0.8446679509889661,-0.8211059006051483,-0.8029479165483009,-0.7624485547228916
-0.8369388217641707,0.6629249628697315,-0.14799513890914576,-1.7428056571244204,-1.8487034011413948,-1.9501888601665238,-2.13992757454184,-2.2252704534903316,-2.249651704378216,-2.271434024152231,-2.199250032077507,-2.1499663649600915,-1.982860135503378,-1.5726381648693857,-1.2051883205107272,-0.971775755020996,-0.8723831268256496,-0.8491313949798629,-0.832031031122239,-0.830491739557622,-0.850067459171616,-0.8484887836554271,-0.8408096383237991,-0.8325030886872248,-0.8263271882920662,-0.8343413727385208,-0.8249660730200596,-0.8478623691597937,-0.8508447120623025,-0.8214379378551372,-0.8489457320760398,-0.8436819417961393,-0.8429493466347348,-0.8503840742473409,-0.8329757365412888,-0.8299332214472601,-0.8272520424371781,-0.827030283847565,-0.8312486561324394,-0.8232662883217753,-0.7874689968749456,-0.7950662073730351,-0.8185480467469272,-0.8299251745385389,-0.7761702347196283,-0.7445873879943942
-0.2664144879991755,0.688872958900139,-0.8818135789024318,0.1542932734086101,0.18532234583570012,0.7947950228596452,0.917557515195735,1.179766382512899,1.3500616777684549,1.4160939003182713,1.3800692334423916,1.3148700725680955,1.1172218562637741,0.6100577276241959,0.1403854724748665,-0.16307799005970344,-0.3043527204279244,-0.41753044389160576,-0.41703653376889394,-0.4272285474860792,-0.39529050465897664,-0.3601631226361564,-0.3150902542317767,-0.2871700549827034,-0.25455440030733834,-0.23768189392408587,-0.2149401546436282,-0.2002692679102377,-0.2095021976126523,-0.1716763055611116,-0.16474064284417528,-0.17195447664824787,-0.12645482388360438,-0.1293339845377212,-0.12487281480601012,-0.12659998293262772,-0.10897032314359174,-0.11696081481645566,-0.09661968049185535,-0.08500961814374343,-0.06847556494564234,-0.059151137397845534,-0.026244284738433713,-0.0009134248002488156,-0.04424693140261188,-0.01227955212584597
-0.40013112872534967,1.01322290928024,-0.8376076487823567,-0.1475179200852827,-0.04068051493953531,0.6356655223943632,0.30606049724821693,0.7656402808368311,0.9711444796477523,1.0764531704328375,0.987815067358019,0.9188887654220174,0.6879797343267846,0.32711566748614457,-0.17453605354304144,-0.4589430260211525,-0.5599664033069001,-0.6499309560160526,-0.6475890322985305,-0.6288601435218506,-0.5800436424297348,-0.5143712261159255,-0.45846826807505636,-0.41480119053056974,-0.35851308903183393,-0.3254259349262082,-0.30464984852251403,-0.2742799080530427,-0.2349019011552122,-0.2301548524675715,-0.204597249983897,-0.2126652321117579,-0.20297365641042364,-0.16433641607702112,-0.15377497487684222,-0.1562140140279852,-0.14717679757409957,-0.14036969841088845,-0.1046047780531701,-0.09312232880503313,-0.12632561119283348,-0.12682148865993015,-0.09589736271721243,-0.10674471200087332,-0.10672818900283941,-0.11944655249685612
-0.5338477694515239,0.7277949529457527,-1.0055901832386496,-0.3199814592246456,-0.4022850921799072,0.7947950228596452,0.2623821388233953,0.5815842356474631,0.829050530352492,0.8338526490860904,0.7916879843158284,0.6714004484557151,0.4972054579103487,0.1654344902643938,-0.14590682390504564,-0.360321347367335,-0.4321595618674122,-0.5171306633735129,-0.5184796331219335,-0.5643380327904052,-0.6013613121725155,-0.6107512907907832,-0.5958721980081962,-0.5830422328436666,-0.5548795010669946,-0.5360116333313034,-0.5199531138318418,-0.5086469351719319,-0.4952488624664592,-0.5030547380310634,-0.4902362678185584,-0.45014463898222506,-0.4464426689957599,-0.4303548957757172,-0.4211199555319955,-0.4153367861123185,-0.40698082370157024,-0.39006445675150114,-0.36811299757642124,-0.36084178062784705,-0.35772579618156275,-0.34675013026171414,-0.3309765008955504,-0.35368438213568476,-0.33880143151799746,-0.35164171996737387
-0.25750004528410564,0.7407689509609541,-0.6961486723981053,-0.27686557443980486,-0.3118839478698162,0.7947950228596452,0.3497388556730463,0.7656402808368311,0.9711444796477523,1.0764531704328375,0.987815067358019,0.9188887654220174,0.7833668725350026,0.4483765504024523,-0.03138990535308283,-0.24197533298275467,-0.36115576106769565,-0.45073051705224215,-0.453924933533635,-0.4352938113275113,-0.4023963945732352,-0.353737784991165,-0.30911617032164135,-0.2871700549827034,-0.2372279521865884,-0.21428348299018687,-0.20297886212644142,-0.16943150118406564,-0.14600293875625026,-0.11319775865464708,-0.09831296427797398,-0.11088834345298763,-0.09862979387385236,-0.06632960776698042,-0.06706849466435619,-0.05996841296808129,-0.040198669168671125,-0.054537125231305265,-0.016768704878753066,-0.011995222192066907,-0.010625518698462958,-0.016857167859044155,-0.017537649991095652,0.016725123066532382,0.009308432254733264,0.06809569815239895
-0.49818999859120655,0.7537429489761601,-0.9437018810705406,-0.1906338048701234,-0.04068051493953531,0.7152302726270042,0.5244522893723328,0.673612258242143,0.7816858805874052,0.8338526490860904,0.7916879843158284,0.6714004484557151,0.4972054579103487,0.1654344902643938,-0.20316528318103214,-0.3800456830980978,-0.46056108218729785,-0.5281973544270577,-0.536923833004304,-0.5724032966318344,-0.5800436424297348,-0.5786246025658306,-0.5540536106372399,-0.5366309108262615,-0.5144511221185794,-0.4892148114635054,-0.4780885900216945,-0.4716416151005272,-0.44444945538133485,-0.43807857480165985,-0.3972375178258775,-0.4162190094292984,-0.3977488664786927,-0.3533495463892535,-0.34886455535493066,-0.34870521614777206,-0.3229265799544487,-0.31203484477005483,-0.28826202196331896,-0.28782738467617053,-0.2998757499343834,-0.29599736681514766,-0.2526167881694336,-0.27431091673520697,-0.24954249208909735,-0.22661355286786627
-0.4090455714404322,0.6499509648545301,-0.8641312068544044,-0.10440203530044195,-0.04068051493953531,0.8345773979759656,0.3934172140978679,0.673612258242143,0.8764151801175788,0.9794129618941334,0.8897515258369281,0.7703957752422412,0.6402861652226757,0.32711566748614457,-0.11727759426705495,-0.32087267590580937,-0.4179588017074694,-0.49499728126642134,-0.4908133332983777,-0.4998159220589568,-0.48766707354435573,-0.4565431873110118,-0.44054601634464585,-0.4264040210349231,-0.4047169506871644,-0.3956211677279052,-0.3823982498842174,-0.3791283149220198,-0.37460027063929396,-0.3796000278952,-0.34409537497291837,-0.3755082539657932,-0.3838363514738191,-0.3253476011578126,-0.3344134753195146,-0.33389820060009856,-0.3229265799544487,-0.34324668956263554,-0.2962471195246224,-0.28782738467617053,-0.2916114576133527,-0.27062098509186444,-0.27003005766412214,-0.28313019066859757,-0.2941719618035474,-0.2623358863248612
-0.21292783170871848,0.6369769668393239,-0.6961486723981053,0.06806150383892863,0.23052291799074562,0.31740652146379245,0.6554873646467976,0.8116542921341711,0.9711444796477523,1.0764531704328375,1.08587860887911,1.0178840922085346,0.8787540107432206,0.529217139013324,0.05449778356088929,-0.12362931859817432,-0.26175043994809594,-0.351130297570337,-0.34325973423941014,-0.36270643675463377,-0.3455492752591565,-0.30876042147623184,-0.2732716668608204,-0.2407587329652982,-0.20835053865200787,-0.19088507205628788,-0.16709498457488964,-0.13859373445789797,-0.12060323521369035,-0.10020252600876915,-0.05845635713825224,-0.09731809163181601,-0.04993599135678511,-0.03132717622767554,-0.02371525455811318,-0.008143858551218837,0.013290395034037674,0.02349248675012996,0.04711207561173102,0.061019173759609614,0.022431650585647937,0.0338955955875223,0.052115427987670694,0.05200221880006971,0.08071558379785589,0.10381803160940657
-0.31098670157457536,0.5980549727937103,-0.7403546025181866,-0.1475179200852827,-0.04068051493953531,0.7152302726270042,0.3934172140978679,0.673612258242143,0.829050530352492,0.9308928576247857,0.8897515258369281,0.8198934386354999,0.5925925961185666,0.32711566748614457,0.02586855392289858,-0.20252666152122906,-0.3185534805878672,-0.40646375283806097,-0.3985923338865234,-0.41109801980321786,-0.39529050465897664,-0.373013797926137,-0.3569088416027331,-0.34518420750446194,-0.31230922737650346,-0.29617792125883546,-0.29268855600533156,-0.2681123547078101,-0.24760175292649442,-0.23665246879051044,-0.22452555355375314,-0.21945035802234128,-0.20992991391286536,-0.17833738869274407,-0.18267713494766918,-0.1710210295756587,-0.1548180924602055,-0.14036969841088845,-0.1365451682984065,-0.1174604607889253,-0.11806131887180281,-0.109903900844412,-0.12201726695923898,-0.11556398593426392,-0.10672818900283941,-0.09265480240410358
-0.435788899585667,0.6369769668393239,-0.8022429046862954,-0.23374968965496415,-0.22148280355971725,0.31740652146379245,0.2187037803985737,0.48955621305278313,0.6395919312921364,0.6882923362780472,0.6445926720341919,0.5724051216691978,0.4495118888062312,0.1250141959589579,-0.20316528318103214,-0.32087267590580937,-0.4179588017074694,-0.48393059021287654,-0.4908133332983777,-0.4998159220589568,-0.5018788533728754,-0.48866987553596436,-0.47041643589532717,-0.4554110972958003,-0.433594364221749,-0.42486918139528207,-0.4182821274357734,-0.4099660816481875,-0.3999999741818539,-0.40559049318696044,-0.3573809106861558,-0.3822933798763766,-0.36992383646894067,-0.33934857377353056,-0.3344134753195146,-0.33389820060009856,-0.33056787484055455,-0.31983780596820277,-0.3042322170859371,-0.2716019633535796,-0.2668185806502725,-0.27907977899962955,-0.27873669241147253,-0.2654916428018289,-0.24954249208909735,-0.20875238613935612
-0.5160188840213589,0.7537429489761601,-0.8818135789024318,-0.06128615051560122,0.04972062937055565,0.5561007721617224,0.13134706354893047,0.4435422017554432,0.6869565810572232,0.7368124405473949,0.6445926720341919,0.5724051216691978,0.3064311814939043,0.044173607348086126,-0.26042374245701355,-0.43921869029038624,-0.48896260250718604,-0.5613974275876922,-0.5645901328278614,-0.5965990881561278,-0.6013613121725155,-0.5850499402108198,-0.5600276945473753,-0.5482337413306149,-0.5086756394116599,-0.5009140169304528,-0.49004988253888127,-0.46547406175529454,-0.4698491589238993,-0.4575714237704814,-0.4238085892523571,-0.47050001671398006,-0.40470512398112946,-0.4093534368521353,-0.41389441551429,-0.4079332783384765,-0.3993395288154643,-0.397867417949638,-0.3840831926990394,-0.40140533393433014,-0.3990472577867043,-0.39750289370828057,-0.3658030398849274,-0.41541929966939384,-0.3923567951753426,-0.3069888031461112
-0.4090455714404322,0.6369769668393239,-0.8022429046862954,-0.06128615051560122,-0.0858810870945808,0.3969712716964334,0.17502542197375207,0.627598246944803,0.7816858805874052,0.8338526490860904,0.7916879843158284,0.7208981118489738,0.5448990270144577,0.1654344902643938,-0.14590682390504564,-0.360321347367335,-0.44636032202735504,-0.5060639723199661,-0.5092575331807482,-0.5078811859003889,-0.47345529371583606,-0.45011784966602264,-0.4285978485243708,-0.4206026057827444,-0.4047169506871644,-0.38392196226095776,-0.3883788961428086,-0.3791283149220198,-0.38095019652493733,-0.36010717892637845,-0.3640236785427745,-0.3755082539657932,-0.34209880645918866,-0.33234808746567157,-0.3416390153372201,-0.34870521614777206,-0.3534917594988506,-0.3588526119589204,-0.34415770489248826,-0.3202782273213524,-0.3246686268974636,-0.33829133635394903,-0.32226986614819997,-0.3448651082023067,-0.3030978557464298,-0.2712664696891163
-0.25750004528410564,0.7018469569153452,-0.660783928302044,0.0249456190540879,0.14012177368065465,0.6356655223943632,0.3934172140978679,0.7196262695394829,0.9237798298826656,0.9308928576247857,0.9387832965974735,0.8693911020287587,0.7356733034308937,0.40795625609701636,-0.03138990535308283,-0.24197533298275467,-0.36115576106769565,-0.45073051705224215,-0.453924933533635,-0.4352938113275113,-0.39529050465897664,-0.33446177205619526,-0.29716800250136627,-0.26976580922617543,-0.2372279521865884,-0.208433880256709,-0.18503692335066765,-0.16943150118406564,-0.15235286464189363,-0.13269060762346857,-0.11824126784783484,-0.13124372118474265,-0.11949856638116761,-0.08033058038269839,-0.08151957469977737,-0.07477542851576528,-0.063122553826978,-0.054537125231305265,-0.0087836073174383,-0.028220643514657848,-0.043682687982562106,-0.016857167859044155,-0.017537649991095652,-0.009732698733626881,-0.02639514351683439,0.04130394805964641
-0.3644733578650324,0.6499509648545301,-0.6784663003500778,-0.23374968965496415,-0.17628223140467175,0.43675364681275386,0.2623821388233953,0.4435422017554432,0.5922272815270497,0.6882923362780472,0.6445926720341919,0.5724051216691978,0.4495118888062312,0.1654344902643938,-0.20316528318103214,-0.32087267590580937,-0.3895572813875838,-0.46179720810578695,-0.4631470334748219,-0.4675548666932341,-0.4521376239730553,-0.43084183673105064,-0.39872742897368946,-0.3857941142696925,-0.35851308903183393,-0.3371251403931598,-0.31661114103970084,-0.3112852281244474,-0.29840116001161426,-0.288633399374036,-0.26438216069347487,-0.28051649121760636,-0.24471120142505412,-0.24134176546348984,-0.24048145508932312,-0.23024909176636316,-0.2235897464351261,-0.21059634919418682,-0.19244085122758714,-0.17424943541801088,-0.1924399497610435,-0.19449183992201474,-0.15684380594862835,-0.18611817740135111,-0.133505870831512,-0.11944655249685612
-0.3555589151499625,0.3904710045504455,-0.7491957885422004,0.11117738862376936,0.14012177368065465,0.6356655223943632,0.48077393094751114,0.627598246944803,0.73432123082231,0.7853325448167426,0.7426562135552829,0.6714004484557151,0.5448990270144577,0.24627507887526562,-0.08864836462906424,-0.2814240044442803,-0.36115576106769565,-0.42859713494515256,-0.41703653376889394,-0.3949674921203565,-0.3597610550876762,-0.3408871097011844,-0.3509347576925977,-0.37419128376533917,-0.3758395371525839,-0.38392196226095776,-0.3943595424013999,-0.3852958682672525,-0.4126998259531361,-0.4120881095098994,-0.38395198211263537,-0.4162190094292984,-0.4116613814835711,-0.39535246423641734,-0.41389441551429,-0.4079332783384765,-0.40698082370157024,-0.4212763015440708,-0.39206829026035417,-0.3851799126117277,-0.4155758424287539,-0.41442048152379873,-0.40933621362166717,-0.41541929966939384,-0.41020858306112007,-0.35164171996737387
-0.40013112872534967,0.6240029688241179,-0.7668781605902342,-0.01817026573075283,0.04972062937055565,0.19805939611483106,0.2623821388233953,0.4435422017554432,0.6395919312921364,0.6397722320086995,0.6445926720341919,0.5724051216691978,0.4495118888062312,0.1654344902643938,-0.14590682390504564,-0.3011483401750466,-0.3895572813875838,-0.45073051705224215,-0.4631470334748219,-0.4836853943760954,-0.48056118363009714,-0.4629685249560032,-0.4465201002547813,-0.4380068515392723,-0.41626791610099906,-0.3956211677279052,-0.40034018865999543,-0.3791283149220198,-0.3428506412110952,-0.3471119462804959,-0.3308098392596762,-0.3415826244128666,-0.31427377644943666,-0.2833446833106487,-0.2693836151601501,-0.2672666306355521,-0.25415492597952805,-0.22620227159047163,-0.18445575366627237,-0.16613672475670965,-0.1924399497610435,-0.19449183992201474,-0.17425707544331684,-0.13320253380103259,-0.133505870831512,-0.14623830258960865
-0.4625322277308892,0.6110289708089165,-0.828766462758343,-0.3199814592246456,-0.49268623648999815,0.23784177123115152,0.2623821388233953,0.3515141791607551,0.5448626317619629,0.5912521277393432,0.5465291305131009,0.47340979488268037,0.3541247505980133,0.1250141959589579,-0.17453605354304144,-0.3011483401750466,-0.37535652122764096,-0.45073051705224215,-0.4631470334748219,-0.5078811859003889,-0.5231965231156561,-0.5207965637609169,-0.5122350232662836,-0.5134252498175589,-0.48557370858399473,-0.4658164005296064,-0.4721079437631033,-0.4531389550648248,-0.43174960361005715,-0.4575714237704814,-0.4238085892523571,-0.42978926125047,-0.40470512398112946,-0.37435100531283544,-0.3777667154257576,-0.3709157394692875,-0.3534917594988506,-0.3588526119589204,-0.3281875097698701,-0.30405280599876144,-0.31640433457643297,-0.329832542446196,-0.29614996190616105,-0.28313019066859757,-0.2852460678606523,-0.2623358863248612
-0.17727006084840113,0.4034450025656516,-0.4485954637256762,-0.1475179200852827,-0.26668337571476275,0.3969712716964334,0.30606049724821693,0.3515141791607551,0.45013333223178936,0.49421191920064783,0.4974973597525555,0.5229074582759391,0.4972054579103487,0.3675359617915805,-0.002760675715092124,-0.14335365432894062,-0.24754967978815057,-0.3400636065167922,-0.32481553435703964,-0.30624958986461753,-0.2531727063737775,-0.205955019156385,-0.18366040820877222,-0.17694316519136502,-0.16214667699667742,-0.15578745565543728,-0.14915304579911162,-0.15092884114836766,-0.13330308698497256,-0.14568584026935114,-0.131526803561077,-0.15159909891649284,-0.1960173989079869,-0.15733592976916214,-0.17545159492996373,-0.18582804512333218,-0.2159484515490202,-0.194990426797902,-0.18445575366627237,-0.20670027806319277,-0.22549711904514266,-0.23678580946082814,-0.26132342291678406,-0.2566723688684383,-0.2852460678606523,-0.3159193865103663
-0.08812563369762677,0.20883503233758816,-0.4751190217977175,0.24052504297829155,0.2757234901457911,0.7550126477433247,0.48077393094751114,0.673612258242143,0.7816858805874052,0.8338526490860904,0.8407197550763825,0.8693911020287587,0.7833668725350026,0.529217139013324,0.1976439317508479,-0.005283304213597493,-0.11974283834866271,-0.22939669598134022,-0.22337243500399845,-0.16914010456029158,-0.1110549080885783,-0.07744826625657705,-0.07612689782631357,-0.09572335166090389,-0.08706540180676234,-0.09144182558721399,-0.10130787573037306,-0.11392352107696296,-0.08885360578549159,-0.11969537497758605,-0.09831296427797398,-0.11767346936357102,-0.11254230887873085,-0.11533301192200326,-0.12487281480601012,-0.14881050625414322,-0.17774197711851236,-0.16377858200532125,-0.152515363421036,-0.16613672475670965,-0.1924399497610435,-0.20295063382977982,-0.2090836144327062,-0.23903382100166964,-0.1959871284317522,-0.22661355286786627
-0.3377300297197975,0.6758989608849376,-0.6873074863740916,-0.27686557443980486,-0.3118839478698162,0.35718889658011294,0.2623821388233953,0.48955621305278313,0.6869565810572232,0.7368124405473949,0.6936244427947375,0.6714004484557151,0.5925925961185666,0.2866953731807015,-0.17453605354304144,-0.3011483401750466,-0.4037580415475266,-0.49499728126642134,-0.5000354332395629,-0.4756201305346662,-0.4379258441445356,-0.3987151485060981,-0.36288292551286855,-0.3509856227566366,-0.31808471008341876,-0.29617792125883546,-0.29268855600533156,-0.2619448013625774,-0.26030160469777214,-0.249647701436393,-0.2311683214103766,-0.23302060984351292,-0.27253623143480615,-0.18533787500060306,-0.19712821498308522,-0.18582804512333218,-0.1853832720046074,-0.16377858200532125,-0.11258987561447353,-0.1174604607889253,-0.14285419583488304,-0.15219787038321336,-0.10460399746455049,-0.12438325986765453,-0.12457997688862958,-0.0837242190398485
-0.5071044413062891,0.7148209549305465,-0.8110840907103092,-0.23374968965496415,-0.17628223140467175,0.0787122707658626,0.2187037803985737,0.3055001678634151,0.45013333223178936,0.4456918149313001,0.3994338182314645,0.3249168047028955,0.1633504741815773,0.0037533130426502343,-0.26042374245701355,-0.3997700188288606,-0.4321595618674122,-0.49499728126642134,-0.5092575331807482,-0.556272768948973,-0.5800436424297348,-0.5850499402108198,-0.5779499462777858,-0.559836571834964,-0.5317775702393294,-0.5067636196639307,-0.49004988253888127,-0.4716416151005272,-0.47619908480953815,-0.4315809584787209,-0.41052305353911495,-0.409433883518715,-0.3907926089762559,-0.36735051900497645,-0.34886455535493066,-0.33389820060009856,-0.3229265799544487,-0.34324668956263554,-0.28826202196331896,-0.28782738467617053,-0.2750828729713031,-0.27907977899962955,-0.27873669241147253,-0.2566723688684383,-0.24954249208909735,-0.2980582197818688
0.001018793453160249,0.1180170462311641,-0.32481885938945854,0.1974091581934508,0.18532234583570012,0.31740652146379245,0.3934172140978679,0.4435422017554432,0.5922272815270497,0.6397722320086995,0.6445926720341919,0.6714004484557151,0.6402861652226757,0.6100577276241959,0.3407900799408065,0.09333837444022004,-0.020337517229063008,-0.12979647649943504,-0.12192933565095891,-0.10461799382884611,-0.039996008945977456,0.006081123128297779,0.007510276915599167,0.0029007076260852485,-0.0004331612030166969,0.002151818148386175,0.0003631106656995612,-0.009075114207985884,-0.006304569272168486,-0.01573351381054417,-0.005314214285293084,-0.04982221025772258,0.012670326165155683,-0.03132717622767554,-0.04539187461123469,-0.05996841296808129,-0.08604643848528487,-0.10135489242017084,-0.12057497317578829,-0.09312232880503313,-0.10153273422975323,-0.11836269475217708,-0.11331063221190092,-0.13320253380103259,-0.16920944660307963,-0.16409946931810612
-0.13269784727301395,0.1958610343223867,-0.3601836034855198,0.06806150383892863,0.18532234583570012,-0.0008524794667783463,0.17502542197375207,0.25948615656607515,0.3554040327016074,0.39717171066195245,0.3994338182314645,0.4239121314894217,0.3541247505980133,0.32711566748614457,0.08312701319888507,-0.08418064713664872,-0.16234511882849367,-0.24046338703488698,-0.22337243500399845,-0.20140115992601718,-0.16079613748839586,-0.12885096741650162,-0.12989365301754077,-0.13633325842613445,-0.1390447461690122,-0.1440882501884857,-0.1551336920577029,-0.13242618111266533,-0.16505271641317132,-0.165178689238168,-0.15809787498755656,-0.17195447664824787,-0.15427985389335638,-0.15033544346130315,-0.16822605491225828,-0.18582804512333218,-0.2083071566629143,-0.2340052327886196,-0.2004259487889019,-0.19858756740190306,-0.25855428832925353,-0.2537033972763463,-0.26132342291678406,-0.24785309493506022,-0.2941719618035474,-0.28019705305337134
-0.4714466704459717,0.7537429489761601,-0.8022429046862954,0.0249456190540879,0.2757234901457911,0.15827702099850352,0.2187037803985737,0.3975281904581032,0.5448626317619629,0.5912521277393432,0.5465291305131009,0.47340979488268037,0.3064311814939043,0.1250141959589579,-0.23179451281902286,-0.3800456830980978,-0.44636032202735504,-0.5281973544270577,-0.536923833004304,-0.5643380327904052,-0.5729377525154762,-0.5529232519858694,-0.5182091071764232,-0.5076238345653843,-0.4740227431701642,-0.44826759232918106,-0.43024341995295595,-0.4099660816481875,-0.393650048296215,-0.39259526054107785,-0.3507381428295371,-0.3822933798763766,-0.32818629145431016,-0.3183471148499536,-0.30551131524868763,-0.2968806617309096,-0.30000269529614176,-0.30423188357191794,-0.25632163171807126,-0.20670027806319277,-0.2089685344030931,-0.21986822164529798,-0.20037697968535575,-0.19493745133474172,-0.16920944660307963,-0.14623830258960865
-0.4090455714404322,0.7277949529457527,-0.5812132540859076,-0.36309734400948634,-0.4022850921799072,0.23784177123115152,0.00031198827446561627,0.16745813397139525,0.26067473317143386,0.300131502123257,0.2523385059498193,0.22592147791637815,0.06796333597335086,-0.11750756987366463,-0.31768220173299494,-0.3997700188288606,-0.47476184234724067,-0.5503307365341473,-0.5277017330631187,-0.5401422412661117,-0.516090633201395,-0.48224453789097294,-0.45249418416491666,-0.4380068515392723,-0.4047169506871644,-0.3722227567940062,-0.3584756648498481,-0.3421229948506151,-0.3174509376685353,-0.334116713634618,-0.2710249285500936,-0.28730161712818975,-0.25862371642992765,-0.2273407928477669,-0.21880483503620674,-0.2006350606710162,-0.2083071566629143,-0.20279338799603885,-0.16848555854365418,-0.16613672475670965,-0.15938278047693263,-0.12682148865993015,-0.11331063221190092,-0.11556398593426392,-0.10672818900283941,-0.0837242190398485
-0.07029674826746177,0.1569390402767731,-0.2452481851733159,-0.1906338048701234,-0.26668337571476275,0.5163183970454018,-0.13072308700000698,0.12144412267405529,0.21331008340634708,0.25161139785390935,0.3013702767103648,0.3249168047028955,0.3541247505980133,0.32711566748614457,0.11175624283687578,-0.0447319756751231,-0.13394359850860804,-0.20726331387425062,-0.19570613518044266,-0.15300957687743022,-0.09684312826005612,-0.05817225332160506,-0.0582046460959031,-0.06671627540002255,-0.05818798827218183,-0.062193811919837125,-0.07738529069600378,-0.07691820100555825,-0.06980382812857053,-0.09370490968582557,-0.06509912499487568,-0.09731809163181601,-0.07776102136653712,-0.0733300940748394,-0.0887451147174777,-0.09698595183728077,-0.09368773337139077,-0.10135489242017084,-0.08863458293055192,-0.09312232880503313,-0.11806131887180281,-0.12682148865993015,-0.11331063221190092,-0.13320253380103259,-0.15135765871730214,-0.11944655249685612
-0.4447033423007369,0.5331849827176892,-0.7138310444461391,-0.4924449983640162,-0.6734885251101881,0.3969712716964334,0.00031198827446561627,0.2134721452687352,0.3080393829365206,0.34865160639260473,0.3013702767103648,0.22592147791637815,0.11565690507746833,0.0037533130426502343,-0.23179451281902286,-0.3011483401750466,-0.34695500090775283,-0.40646375283806097,-0.43548073365126444,-0.4594896028518048,-0.48766707354435573,-0.4950952131809558,-0.49431277153587305,-0.4902195888088563,-0.4797982258770795,-0.4658164005296064,-0.45416600498732523,-0.44080384837435954,-0.438099529495696,-0.4185857258328383,-0.40388028568249623,-0.4026487576081316,-0.36992383646894067,-0.3463490600813945,-0.34886455535493066,-0.3413017083739406,-0.33056787484055455,-0.31983780596820277,-0.2722918268406894,-0.26348925269227835,-0.25855428832925353,-0.2537033972763463,-0.2264968839273947,-0.19493745133474172,-0.2049130223746346,-0.19089121941085865
-0.3555589151499625,0.585080974778509,-0.6342603702299965,-0.27686557443980486,-0.35708452002486174,0.35718889658011294,0.08766870512410885,0.3055001678634151,0.45013333223178936,0.49421191920064783,0.44846558899201,0.4239121314894217,0.3541247505980133,0.1250141959589579,-0.20316528318103214,-0.2814240044442803,-0.34695500090775283,-0.41753044389160576,-0.41703653376889394,-0.4352938113275113,-0.4379258441445356,-0.4244164990860592,-0.4047015128838249,-0.39159552952186716,-0.3700640544456686,-0.3488243458601072,-0.3285724335568833,-0.3112852281244474,-0.3174509376685353,-0.28213578305109244,-0.2843104642633357,-0.29408674303877314,-0.25862371642992765,-0.2343412791556259,-0.24048145508932312,-0.23765259954020515,-0.23123104132122116,-0.24180819398676756,-0.19244085122758714,-0.19047485674060183,-0.21723282672412375,-0.21986822164529798,-0.2090836144327062,-0.23021454706827904,-0.2138389163175297,-0.19982180277511374
-0.4536177850158194,0.5202109847024877,-0.6784663003500778,-0.4062132287943271,-0.4022850921799072,0.11849464588218306,0.00031198827446561627,0.07543011137671533,0.21331008340634708,0.25161139785390935,0.20330673518927386,0.17642381452311948,0.06796333597335086,-0.07708727556822874,-0.31768220173299494,-0.360321347367335,-0.37535652122764096,-0.42859713494515256,-0.43548073365126444,-0.4675548666932341,-0.48766707354435573,-0.5015205508259449,-0.49431277153587305,-0.4902195888088563,-0.4797982258770795,-0.4658164005296064,-0.466127297504512,-0.4593065084100619,-0.44444945538133485,-0.4510738074475424,-0.4304513571089758,-0.4026487576081316,-0.4186176389860079,-0.36035003269711247,-0.36331563539034156,-0.34870521614777206,-0.3229265799544487,-0.31203484477005483,-0.2962471195246224,-0.27971467401486927,-0.2833471652923338,-0.2452446033685812,-0.2264968839273947,-0.21257599920151038,-0.2138389163175297,-0.17303005268236119
-0.4447033423007369,0.4683149926416727,-0.34250123143748606,-0.6649085375033791,-0.6734885251101881,-0.43845860574631057,-0.6548633880978741,-0.5687660467860605,-0.5445243128350582,-0.5732303747250187,-0.5321698262189258,-0.5165434729825197,-0.5043594932759655,-0.40044963001172307,-0.48945757956094427,-0.4589430260211525,-0.46056108218729785,-0.5060639723199661,-0.4908133332983777,-0.49175065821752756,-0.48056118363009714,-0.4629685249560032,-0.4465201002547813,-0.46121251254797496,-0.4393698469286643,-0.4365683868622295,-0.4422047124701427,-0.42230118833865715,-0.44444945538133485,-0.43807857480165985,-0.4238085892523571,-0.42978926125047,-0.43253015399088146,-0.3883519779285534,-0.3994433354788791,-0.39312626279080304,-0.3993395288154643,-0.39006445675150114,-0.3840831926990394,-0.3851799126117277,-0.3990472577867043,-0.41442048152379873,-0.40933621362166717,-0.38896147786923463,-0.3834309012324475,-0.3427111366031188
-0.48036111316105423,0.7407689509609541,-0.6696251143260641,-0.44932911357917543,-0.5830873808000892,-0.12019960481573976,-0.043366370150356,0.12144412267405529,0.26067473317143386,0.25161139785390935,0.20330673518927386,0.12692615112986078,0.02026976686924187,-0.11750756987366463,-0.3749406610089764,-0.43921869029038624,-0.48896260250718604,-0.5392640454806026,-0.5461459329454909,-0.5724032966318344,-0.5800436424297348,-0.5657739272758501,-0.5361313589068294,-0.5076238345653843,-0.48557370858399473,-0.4658164005296064,-0.45416600498732523,-0.42230118833865715,-0.393650048296215,-0.4120881095098994,-0.37066644639939794,-0.3755082539657932,-0.3629675789665039,-0.3253476011578126,-0.3271879353018091,-0.31909118505242506,-0.3076439901822477,-0.29642892237377,-0.25632163171807126,-0.23915112070838618,-0.22549711904514266,-0.21986822164529798,-0.2090836144327062,-0.20375672526811978,-0.23169070420330717,-0.18196063604661628
-0.275328930714258,0.49426298867208024,-0.14799513890914576,-0.6217926527185383,-0.944691958040461,-0.47824098086263106,-0.30543652069929345,-0.47673802419138056,-0.44979501330488464,-0.47619016618632337,-0.48313805545838034,-0.46704580958925224,-0.4089723550677475,-0.2791887470954082,-0.3463114313709857,-0.3997700188288606,-0.3895572813875838,-0.45073051705224215,-0.453924933533635,-0.4272285474860792,-0.38107872483045696,-0.32803643441120384,-0.27924575077095576,-0.2639643939740008,-0.24300343489350779,-0.2435314966575596,-0.22690144716081495,-0.2249394812911727,-0.1968023458413746,-0.20416438717581104,-0.204597249983897,-0.2262354839329295,-0.1821048839031084,-0.19233836130846702,-0.19712821498308522,-0.1932315528971742,-0.20066586177681925,-0.20279338799603885,-0.16050046098233944,-0.17424943541801088,-0.14285419583488304,-0.13528028256769523,-0.11331063221190092,-0.12438325986765453,-0.16028355266018454,-0.12837713586111119
-0.31990114428964517,0.4034450025656516,-0.2275658131252884,-0.7511403070730606,-0.8542908137303701,-0.23954673016470823,-0.6985417465226957,-0.5227520354887205,-0.44979501330488464,-0.47619016618632337,-0.48313805545838034,-0.46704580958925224,-0.4089723550677475,-0.3196090414008441,-0.31768220173299494,-0.360321347367335,-0.36115576106769565,-0.41753044389160576,-0.3985923338865234,-0.3949674921203565,-0.38107872483045696,-0.3601631226361564,-0.33301250596218723,-0.32197854649575935,-0.31230922737650346,-0.3078771267257829,-0.29268855600533156,-0.2866150147435124,-0.3174509376685353,-0.3081262483428575,-0.26438216069347487,-0.30765699485994474,-0.24471120142505412,-0.26934371069493074,-0.27660915517786067,-0.2894771539570676,-0.2923614004100359,-0.30423188357191794,-0.2802769244020042,-0.29594009533746024,-0.31640433457643297,-0.32137374853843087,-0.29614996190616105,-0.2919494646019882,-0.3120237496893249,-0.28019705305337134
-0.3644733578650324,0.688872958900139,-0.4397542777016562,-0.44932911357917543,-0.49268623648999815,0.11849464588218306,-0.26175816227447185,0.029416100079375368,0.1185807838761735,0.10605108504585763,0.10524319366818288,0.027930824343343413,-0.0751173713389761,-0.1983481584845364,-0.4035698906469671,-0.43921869029038624,-0.47476184234724067,-0.5171306633735129,-0.5000354332395629,-0.4998159220589568,-0.48056118363009714,-0.4436925120210312,-0.4047015128838249,-0.3857941142696925,-0.35273760632491863,-0.3312755376596819,-0.30464984852251403,-0.29895012143397776,-0.26665153058341545,-0.2691405504052145,-0.2311683214103766,-0.23302060984351292,-0.1960173989079869,-0.199338847616326,-0.19712821498308522,-0.18582804512333218,-0.16245938734630055,-0.16377858200532125,-0.14453026585972126,-0.1499113034341187,-0.1345899035138524,-0.13528028256769523,-0.11331063221190092,-0.10674471200087332,-0.09780229505995701,-0.09265480240410358
-0.38230224329519735,0.585080974778509,-0.30713648734142474,-0.6217926527185383,-0.6734885251101881,-0.35889385551366965,-0.7422201049475173,-0.5687660467860605,-0.49715966306997145,-0.47619016618632337,-0.43410628469783485,-0.36805048280273484,-0.3612787859636385,-0.3196090414008441,-0.4321991202849629,-0.43921869029038624,-0.46056108218729785,-0.5281973544270577,-0.5184796331219335,-0.5159464497418181,-0.48766707354435573,-0.43726717437604207,-0.4047015128838249,-0.37419128376533917,-0.35851308903183393,-0.3488243458601072,-0.3345530798154788,-0.32978788816014976,-0.3428506412110952,-0.3016286320199139,-0.3175243035464341,-0.3483677503234548,-0.30036126144455816,-0.31134662854208967,-0.3344134753195146,-0.33389820060009856,-0.3382091697266496,-0.36665557315706837,-0.32020241220855533,-0.3283909379826536,-0.2998757499343834,-0.34675013026171414,-0.33968313564288843,-0.35368438213568476,-0.33880143151799746,-0.33378055323886374
-0.2307567171388708,0.5721069767633028,-0.37786597553354734,-0.27686557443980486,-0.26668337571476275,-0.04063485458309882,0.04399034669928723,0.12144412267405529,0.26067473317143386,0.300131502123257,0.3013702767103648,0.27541914130963685,0.1633504741815773,0.0037533130426502343,-0.14590682390504564,-0.2814240044442803,-0.3185534805878672,-0.3732636796774266,-0.3801481340041512,-0.3788369644374951,-0.35265516517341766,-0.3023350838312427,-0.2732716668608204,-0.2581629787218262,-0.21990150406583844,-0.19088507205628788,-0.19699821586785018,-0.15709639449360033,-0.13330308698497256,-0.10020252600876915,-0.09831296427797398,-0.12445859527415443,-0.07080476386410035,-0.05232863515125748,-0.038166334593534364,-0.037757889646565804,-0.040198669168671125,-0.02332528043873561,-0.0007985097561348809,0.012342909791825266,-0.002361226377432298,-0.02531596176680924,-0.04365755423313458,0.016725123066532382,0.01823432619762835,0.03237336469540403
-0.25750004528410564,0.5202109847024877,-0.4485954637256762,-0.3199814592246456,-0.4474856643349527,0.23784177123115152,-0.13072308700000698,0.2134721452687352,0.3554040327016074,0.39717171066195245,0.3994338182314645,0.374414468096163,0.2110440432856863,0.044173607348086126,-0.20316528318103214,-0.2814240044442803,-0.33275424074781,-0.39539706178451617,-0.3801481340041512,-0.3788369644374951,-0.35265516517341766,-0.31518575912122326,-0.28521983468109546,-0.27556722447835,-0.25455440030733834,-0.23183229119061216,-0.23288209341940622,-0.21877192794594005,-0.2095021976126523,-0.17817392188405057,-0.171383410700794,-0.2058801062011745,-0.16819236889823486,-0.1363344708455802,-0.14654943485913163,-0.14140699848030122,-0.13189420780189862,-0.11696081481645566,-0.09661968049185535,-0.08500961814374343,-0.10153273422975323,-0.11836269475217708,-0.11331063221190092,-0.08910616413410466,-0.07995050717416685,-0.07479363567560612
-0.22184227442378832,0.2737050224136093,-0.06842446469300942,-0.6217926527185383,-0.7638896694202791,-0.35889385551366965,-0.6548633880978741,-0.6147800580834004,-0.5445243128350582,-0.6217504789943751,-0.5812015969794714,-0.5165434729825197,-0.4566659241718565,-0.2791887470954082,-0.28905297209500425,-0.26169966871351746,-0.3043527204279244,-0.351130297570337,-0.3340376342982249,-0.30624958986461753,-0.26738448620229716,-0.23165636973634843,-0.2135308277594535,-0.21755307195659562,-0.20835053865200787,-0.1967346747897616,-0.20297886212644142,-0.212604374600703,-0.20315227172701344,-0.21066200349874997,-0.19131171427065485,-0.2465908616646797,-0.17514862640067164,-0.206339333924185,-0.21880483503620674,-0.22284558399252116,-0.23123104132122116,-0.21839931039233476,-0.23236633903413828,-0.23915112070838618,-0.25855428832925353,-0.2621621911841114,-0.27873669241147253,-0.23903382100166964,-0.24061659814620226,-0.19982180277511374
-0.11486896184284895,0.364523008520038,-0.03305972059694183,-0.6649085375033791,-0.8994913858854156,0.03892989564954212,-0.34911487912411504,-0.38471000159669244,-0.3550657137747027,-0.37914995764762793,-0.3360427431767352,-0.2690551560162175,-0.1705045095471941,-0.03666698126279284,-0.14590682390504564,-0.18280232579046624,-0.23334891962820775,-0.3068635333561558,-0.2971492345334822,-0.2659232706574627,-0.21053736688821595,-0.1609776556414519,-0.12391956910740536,-0.11312759741743186,-0.09284088451367763,-0.068043414653315,-0.07140464443740828,-0.052247987624623245,-0.03805419870037176,-0.022231130133483133,-0.02524251785515395,-0.03625195843655578,-0.015154703844596327,-0.017326203611957577,-0.016489714540412856,-0.01554736632506084,-0.001992194738163288,-0.02332528043873561,-0.024753802440056486,-0.028220643514657848,-0.010625518698462958,-0.016857167859044155,-0.00012438049639478584,0.016725123066532382,0.009308432254733264,0.02344278133114895
-0.30207225885949285,0.585080974778509,-0.5193249519177988,-0.23374968965496415,-0.26668337571476275,0.35718889658011294,-0.13072308700000698,0.2134721452687352,0.3080393829365206,0.34865160639260473,0.3504020474709103,0.27541914130963685,0.2110440432856863,0.08459390165352203,-0.14590682390504564,-0.24197533298275467,-0.3185534805878672,-0.39539706178451617,-0.3985923338865234,-0.41109801980321786,-0.39529050465897664,-0.37943913557112613,-0.3569088416027331,-0.33938279225228735,-0.31230922737650346,-0.2903283185253576,-0.28072726348814475,-0.24344214132687506,-0.22855197526957335,-0.2301548524675715,-0.17802617855741742,-0.2126652321117579,-0.15427985389335638,-0.14333495715344416,-0.13932389484143132,-0.13400349070646975,-0.13953550268800452,-0.1091578536183188,-0.08863458293055192,-0.10123503946633437,-0.09326844190872258,-0.1014451069366469,-0.087190727969862,-0.04500979446717674,-0.07995050717416685,-0.021210135490101048
-0.31098670157457536,0.5721069767633028,-0.4397542777016562,-0.44932911357917543,-0.4474856643349527,0.19805939611483106,-0.08704472857518537,0.029416100079375368,0.1659454336412603,0.20309129358455302,0.15427496442872837,0.12692615112986078,0.06796333597335086,-0.07708727556822874,-0.26042374245701355,-0.32087267590580937,-0.36115576106769565,-0.40646375283806097,-0.41703653376889394,-0.41916328364464994,-0.4023963945732352,-0.373013797926137,-0.3509347576925977,-0.3335813770001086,-0.3065337446695882,-0.2844787157918839,-0.28072726348814475,-0.25577724801734036,-0.2349019011552122,-0.22365723614463254,-0.21788278569713443,-0.23302060984351292,-0.17514862640067164,-0.17833738869274407,-0.17545159492996373,-0.1636175218018167,-0.13953550268800452,-0.14817265960903642,-0.08863458293055192,-0.1174604607889253,-0.10979702655077216,-0.09298631302889385,-0.10460399746455049,-0.11556398593426392,-0.03532103745971679,-0.03907130221859851
-0.29315781614441033,0.053147056155142966,-0.4220719056536287,0.28364092776313227,0.41132520661092753,0.6754478975106838,0.30606049724821693,0.3975281904581032,0.4027686824667026,0.39717171066195245,0.3013702767103648,0.17642381452311948,-0.0751173713389761,-0.3196090414008441,-0.3463114313709857,-0.2814240044442803,-0.21914815946826494,-0.14086316755297984,-0.14037353553332943,-0.16914010456029158,-0.2389609265452578,-0.2894844085412621,-0.32106433814191215,-0.327779961747934,-0.3354111582041687,-0.34297474312663345,-0.36445631110843935,-0.3852958682672525,-0.38095019652493733,-0.39259526054107785,-0.3905947499692541,-0.39586363169754823,-0.3977488664786927,-0.3883519779285534,-0.39221779546116853,-0.38572275501697156,-0.39169823392936925,-0.405670379147786,-0.39206829026035417,-0.40951804459561986,-0.382518673144643,-0.36366771807723225,-0.3919229441269663,-0.380142203935844,-0.3923567951753426,-0.36950288669587134
-0.01681009197699209,0.10504304821595803,-0.21872462710126836,0.1974091581934508,0.18532234583570012,0.5958831472780428,0.3934172140978679,0.673612258242143,0.7816858805874052,0.8338526490860904,0.7916879843158284,0.6714004484557151,0.4972054579103487,0.08459390165352203,-0.11727759426705495,-0.12362931859817432,-0.11974283834866271,-0.06339633017816623,-0.06659673600384568,-0.056226410780262005,-0.047101898860236024,-0.03247090274164392,-0.028334226545221792,-0.020304953382617348,-0.017759609323766645,-0.015396990052039117,-0.005617535592891696,-0.02141022089845558,-0.012654495157807337,-0.03522636277936567,-0.011956982141916518,-0.03625195843655578,-0.04297973385434834,-0.05232863515125748,-0.05261741462894528,-0.037757889646565804,-0.047839964054777036,-0.03112824163687248,-0.024753802440056486,-0.04444606483726032,-0.027154103340512534,-0.04223354958232738,-0.06977745847517351,-0.053829068400554805,-0.10672818900283941,-0.12837713586111119
0.009933236168230084,0.0012510640943279036,-0.27177174324536346,0.6716838908267142,0.9085315003164439,0.43675364681275386,0.7865224399212702,0.8116542921341711,0.829050530352492,0.9794129618941334,0.8897515258369281,0.7703957752422412,0.5448990270144577,0.24627507887526562,-0.002760675715092124,-0.005283304213597493,0.008064003090825148,0.047270580357285714,0.025624263408008597,0.01636096379261559,0.002639330539581538,-0.013194889806674213,-0.022360142635082136,-0.014503538130442731,-0.01198412661684726,-0.015396990052039117,-0.023559474368669717,-0.02141022089845558,-0.03805419870037176,-0.028728746456422094,-0.005314214285293084,-0.02946683252596756,-0.02906721884946986,0.00367525531162435,-0.002038634505001941,0.006663156996454645,0.005649100147942622,0.015689525551993093,0.023156782927798072,0.004230199130524032,0.030695942906678597,0.05081318340304045,0.04340879324033264,0.034363670933301046,0.045012008026288235,-0.030140718854356124
0.08124877788886477,-0.24525489819455057,0.06419332566722831,0.3698726973328214,0.456525778765973,0.9539245233249342,0.2623821388233953,0.3975281904581032,0.4027686824667026,0.39717171066195245,0.3504020474709103,0.27541914130963685,0.1633504741815773,-0.07708727556822874,-0.08864836462906424,-0.08418064713664872,-0.06293979770889145,-0.019129565963985063,0.016402163466823334,0.08088307452406393,0.13054534899626358,0.15386388896307773,0.1389401229386037,0.11892901266960236,0.09197456210764833,0.06649744821660947,0.0362469882172556,0.00325999248247943,0.0063952824991092136,-0.04172397910230464,-0.05845635713825224,-0.09053296572123261,-0.13341108138604113,-0.11533301192200326,-0.14654943485913163,-0.1562140140279852,-0.1853832720046074,-0.21839931039233476,-0.2243812414728235,-0.2716019633535796,-0.2502899960082229,-0.27907977899962955,-0.32226986614819997,-0.3448651082023067,-0.33880143151799746,-0.35164171996737387
-0.025724534692074592,-0.2712028942249581,0.011146209523133218,0.24052504297829155,0.23052291799074562,0.11849464588218306,0.48077393094751114,0.25948615656607515,0.26067473317143386,0.300131502123257,0.20330673518927386,0.0774284877366021,-0.0751173713389761,-0.2387684527899723,-0.28905297209500425,-0.20252666152122906,-0.14814435866855086,-0.09659640333880064,-0.06659673600384568,0.00023043610975422094,0.05948644985366272,0.07675983722319205,0.05530294819669095,0.026106368634787845,-0.02931057473759721,-0.062193811919837125,-0.09532722947177755,-0.15092884114836766,-0.16505271641317132,-0.19766677085287207,-0.22452555355375314,-0.27373136530701814,-0.30731751894699494,-0.3043461422342307,-0.3344134753195146,-0.3561087239216141,-0.40698082370157024,-0.39006445675150114,-0.4080384853829724,-0.4257434659182223,-0.44036871939183414,-0.43979686324708195,-0.4876959263477716,-0.5212505868700184,-0.5440969922044829,-0.5213228038881315
0.09016322060393461,0.13099104424636557,-0.059583278668989374,0.28364092776313227,0.36612463445588206,0.6356655223943632,0.5244522893723328,0.673612258242143,0.7816858805874052,0.8338526490860904,0.7426562135552829,0.6714004484557151,0.4972054579103487,0.1654344902643938,-0.06001913499107354,-0.10390498286741152,-0.07714055786883427,-0.052329639124621435,-0.04815253612147515,-0.0239653554145364,0.016851110368103727,0.05748382428822234,0.0851733677473765,0.107326182165249,0.10930101022839418,0.11329427008440748,0.1319373283547327,0.11427595269669355,0.13339380021191327,0.10122358000238024,0.1208983749904861,0.10623568568572452,0.10310167369685343,0.12268352254525196,0.11357000577831619,0.10290875805635859,0.09734463878115926,0.10932505992971314,0.1030077585409117,0.10158272706609273,0.12160315843796887,0.09310715294184183,0.08694196697706005,0.08727931453361956,0.0717896898549608,0.06809569815239895
-0.04355342012222693,-0.2322809001793491,-0.02421853457292808,0.32675681254798067,0.23052291799074562,0.43675364681275386,0.2187037803985737,0.16745813397139525,0.1659454336412603,0.15457118931520533,0.0562114229076374,-0.02156683904991527,-0.12281094044308509,-0.1983481584845364,-0.20316528318103214,-0.10390498286741152,-0.06293979770889145,-0.00806287491044026,0.00718006352563807,0.01636096379261559,0.023957000282362296,0.012506460773289206,-0.016386058724946726,-0.037709199139145326,-0.06973895368601239,-0.09144182558721399,-0.11924981450615108,-0.15092884114836766,-0.15870279052753247,-0.17817392188405057,-0.17802617855741742,-0.18552472846941948,-0.24471120142505412,-0.2343412791556259,-0.2477069951070337,-0.2524596150878786,-0.2617962208656339,-0.26521707758118923,-0.25632163171807126,-0.2716019633535796,-0.2916114576133527,-0.29599736681514766,-0.32226986614819997,-0.3360458342689161,-0.36557911334667004,-0.39629463678862387
0.14364987689440428,-0.5825788465898577,0.11724044181131711,0.5423362364721843,0.5921274952311175,0.47653602192907435,0.3934172140978679,0.4435422017554432,0.3554040327016074,0.300131502123257,0.2523385059498193,0.22592147791637815,0.1633504741815773,0.0037533130426502343,0.05449778356088929,0.09333837444022004,0.135870844530313,0.1800708729998253,0.21006626223171715,0.2502536151941126,0.2797690371957213,0.26309462892791596,0.21660321377038103,0.17694316519135678,0.12662745834914413,0.0781966536835569,0.0362469882172556,-0.009075114207985884,-0.006304569272168486,-0.07421206071700406,-0.09167019642135525,-0.13124372118474265,-0.14036733888848285,-0.15033544346130315,-0.18267713494766918,-0.2006350606710162,-0.2235897464351261,-0.28082299997748517,-0.24833653415675647,-0.29594009533746024,-0.3246686268974636,-0.34675013026171414,-0.40062957887431677,-0.41541929966939384,-0.4280603709468976,-0.4677393037026264
0.1525643196094868,-0.0376709299512857,-0.07726565071702317,0.32675681254798067,0.5017263509210266,0.8743597730922932,0.7865224399212702,0.8116542921341711,0.9237798298826656,0.9794129618941334,0.9387832965974735,0.8198934386354999,0.6402861652226757,0.2866953731807015,0.05449778356088929,0.03416536724792812,0.05066628357065359,0.09153734457146492,0.09940106293749235,0.11314412988978667,0.13054534899626358,0.13458787602810574,0.1389401229386037,0.14213467367830496,0.14972938917680936,0.15424148921873176,0.14987926713051075,0.14511371942286122,0.1587935037544732,0.1272140452941407,0.1474694464169657,0.18087207070215636,0.1100579311992902,0.15068546777669287,0.1569232458845592,0.1695403280208945,0.1737575876421858,0.19515763310929632,0.19882892927663215,0.2232733869855536,0.22903895861130874,0.20307147374273984,0.18271494919786532,0.20192987566763468,0.22352988688410114,0.25563794880166674
0.08124877788886477,0.09206905020075196,-0.02421853457292808,0.3698726973328214,0.456525778765973,0.35718889658011294,0.5244522893723328,0.5815842356474631,0.5922272815270497,0.6882923362780472,0.6445926720341919,0.5229074582759391,0.40181831970212223,0.08459390165352203,-0.06001913499107354,-0.08418064713664872,-0.06293979770889145,-0.030196257017529864,-0.029708336239104627,-0.00783482773167503,0.023957000282362296,0.051058486643230906,0.07322519992710143,0.08992193640872102,0.1035255275214789,0.10744466735093376,0.10203409706177219,0.0957732926609912,0.13339380021191327,0.10772119632531921,0.11425560713386738,0.11302081159630792,0.08223290118953819,0.12268352254525196,0.1207955457960165,0.11031226583019006,0.09734463878115926,0.12493098232600906,0.11099285610221511,0.11780814838868367,0.14639603540104912,0.12694232857289015,0.09564860172441049,0.1313756842005475,0.12534505351230593,0.0948874482451515
0.1525643196094868,-0.3490468823161853,0.19681111602745974,0.5854521212570251,0.637328067386163,0.23784177123115152,0.48077393094751114,0.25948615656607515,0.21331008340634708,0.20309129358455302,0.15427496442872837,0.12692615112986078,0.06796333597335086,0.0037533130426502343,0.02586855392289858,0.05388970297869443,0.07906780389053923,0.12473741773209933,0.12706736276104816,0.177666240621235,0.21581602796738156,0.21811726541298285,0.19868096203997054,0.17694316519135678,0.1439539064698941,0.13084307828483277,0.10801474332036344,0.0834381859705215,0.0762444672411546,0.04274503309592034,0.04782792856766607,0.01802904884812587,-0.008198446342154617,0.010675741619488309,-0.02371525455811318,-0.045161397420407805,-0.0707638487130839,-0.062340086429453226,-0.05669419268530421,-0.09312232880503313,-0.10153273422975323,-0.109903900844412,-0.10460399746455049,-0.1508410816678138,-0.18706123448885711,-0.20875238613935612
0.07233433517378227,0.13099104424636557,-0.015377348548914324,0.41298858211766215,0.456525778765973,0.23784177123115152,0.43709557252268955,0.5355702243501231,0.5448626317619629,0.5912521277393432,0.5465291305131009,0.47340979488268037,0.3541247505980133,0.08459390165352203,-0.08864836462906424,-0.10390498286741152,-0.09134131802877708,-0.06339633017816623,-0.05737463606266042,-0.032030619255968514,0.002639330539581538,0.03820781135325034,0.06127703210683061,0.07831910590437179,0.09197456210764833,0.1015950646174559,0.09605345080318092,0.0957732926609912,0.13339380021191327,0.10122358000238024,0.10761283927724867,0.11980593750689614,0.054407871179786176,0.10168206362167002,0.10634446576060559,0.10290875805635859,0.10498593366726516,0.10932505992971314,0.1030077585409117,0.06913188442089932,0.11333886611693822,0.110024740757372,0.08694196697706005,0.11373713633377883,0.0717896898549608,0.06809569815239895
0.03667656431346492,-0.2971508902553656,0.1349228138593509,0.32675681254798067,0.36612463445588206,0.31740652146379245,0.00031198827446561627,-0.016597911217972765,-0.1182424649492688,-0.08802933203153315,-0.13991566013455325,-0.17005982922970012,-0.1705045095471941,-0.1983481584845364,-0.11727759426705495,-0.005283304213597493,0.022264763250767962,0.06940396246437532,0.0901789629963071,0.0970136022069253,0.10212178933922171,0.08961051251317262,0.06725111601696603,0.037709199139141204,0.01689328691773325,0.002151818148386175,-0.029540120627260975,-0.04608043427939059,-0.03805419870037176,-0.08720729336288661,-0.07174189285149439,-0.0633924620788942,-0.1821048839031084,-0.12233349822986224,-0.1320983548237207,-0.14881050625414322,-0.17010068223240646,-0.17938450440160605,-0.18445575366627237,-0.214812988724494,-0.20070424208206242,-0.22832701555306306,-0.23520351867474512,-0.28313019066859757,-0.2852460678606523,-0.2623358863248612
-0.061382305552391936,-0.10254092002730683,0.02882858157116701,0.06806150383892863,0.004520057215510169,0.19805939611483106,-0.043366370150356,-0.10862593381265269,-0.16560711471435557,-0.13654943630088084,-0.18894743089509874,-0.2195574926229588,-0.21819807865130308,-0.2791887470954082,-0.23179451281902286,-0.14335365432894062,-0.07714055786883427,-0.019129565963985063,-0.02048623629791936,-0.0239653554145364,-0.039996008945977456,-0.05174691567661592,-0.07612689782631357,-0.07251769065220129,-0.07551443639292767,-0.07974262012026241,-0.09532722947177755,-0.13242618111266533,-0.10790338344241264,-0.13918822394640754,-0.1381695714176957,-0.15159909891649284,-0.17514862640067164,-0.17833738869274407,-0.18990267496537463,-0.2006350606710162,-0.23123104132122116,-0.21839931039233476,-0.20841104635020533,-0.2553765420309771,-0.2502899960082229,-0.2537033972763463,-0.27873669241147253,-0.27431091673520697,-0.3120237496893249,-0.36950288669587134
0.018847678883312586,0.0401730581399369,0.03766976759518076,0.0249456190540879,0.004520057215510169,0.31740652146379245,0.30606049724821693,0.25948615656607515,0.26067473317143386,0.300131502123257,0.2523385059498193,0.17642381452311948,0.06796333597335086,-0.1579278641791005,-0.17453605354304144,-0.14335365432894062,-0.1055420781887199,-0.04126294807107467,-0.02048623629791936,-0.00783482773167503,-0.011572449288938125,-0.000344214516691363,0.013484360825734579,0.020304953382613226,0.02844425233156792,0.02555022908228518,0.030266341958660098,0.027930205863418822,0.031794986041673634,0.010256951481216298,0.02789962499780521,0.02481417475870927,0.040495356174912636,0.017676227927347292,0.012412445530419243,0.006663156996454645,0.020931689920143586,0.015689525551993093,0.023156782927798072,0.012342909791825266,0.014167358264617277,0.0338955955875223,0.0347021584929822,-0.009732698733626881,-0.03532103745971679,-0.030140718854356124
0.07233433517378227,0.0790950521855505,-0.02421853457292808,0.28364092776313227,0.2757234901457911,0.43675364681275386,0.48077393094751114,0.5815842356474631,0.6395919312921364,0.6397722320086995,0.5955609012736465,0.47340979488268037,0.3064311814939043,0.044173607348086126,-0.08864836462906424,-0.10390498286741152,-0.048739037548948635,0.0030038161431045402,0.00718006352563807,0.02442622763404771,0.023957000282362296,0.031782473708258915,0.04335478037642013,0.0609148601478438,0.07464811398689838,0.0781966536835569,0.07811151202740291,0.08960573931575416,0.08259439312679347,0.08822834735650231,0.13418391070372826,0.11980593750689614,0.09614541619441666,0.14368498146883388,0.1496977058668486,0.14732980469938955,0.1508337029838789,0.17174874951486355,0.18285873415401396,0.1259208590499849,0.17118891236412934,0.19461267983497474,0.20883485343990427,0.21956842353440334,0.1431968413980961,0.0859568648809091
0.07233433517378227,-0.2322809001793491,0.2675406042195823,0.06806150383892863,0.04972062937055565,0.3969712716964334,-0.1744014454248286,-0.2006539564073326,-0.26033641424452914,-0.23358964483958486,-0.2870109724161897,-0.31855281940947616,-0.3135852168595295,-0.2791887470954082,-0.20316528318103214,-0.10390498286741152,-0.020337517229063008,0.025137198250194143,0.044068463290379126,0.07281781068263181,0.09501589942496315,0.1088865254481446,0.10309561947778698,0.08992193640872102,0.07464811398689838,0.06649744821660947,0.04820828073443812,0.034097759208651476,0.012745208384752576,-0.028728746456422094,-0.018599749998535232,-0.03625195843655578,-0.10558605137628913,-0.06632960776698042,-0.0887451147174777,-0.11179296738495426,-0.14717679757409957,-0.14817265960903642,-0.14453026585972126,-0.22292569938579523,-0.21723282672412375,-0.2621621911841114,-0.287443327158823,-0.27431091673520697,-0.33880143151799746,-0.3427111366031188
0.09907766331901711,0.014225062109529365,-0.050742092644975624,0.45610446690250284,0.456525778765973,0.5163183970454018,0.3934172140978679,0.673612258242143,0.73432123082231,0.7368124405473949,0.6936244427947375,0.5724051216691978,0.40181831970212223,0.1654344902643938,-0.002760675715092124,0.014441031517165312,0.022264763250767962,0.05833727141083051,0.05329056323156439,0.06475254684120256,0.06659233976792128,0.0703344995782029,0.0851733677473765,0.10152476691307438,0.09197456210764833,0.11329427008440748,0.11399538957895469,0.10810839935145651,0.11434402255499222,0.10772119632531921,0.11425560713386738,0.12659106341747953,0.10310167369685343,0.1366844951609749,0.14247216584913802,0.14732980469938955,0.143192408097773,0.14833986592043075,0.17487363659271055,0.1340335697112746,0.17945320468514825,0.1776950920194566,0.18271494919786532,0.1754720538674754,0.1610486292838736,0.24670736543741165
0.06341989245869976,0.053147056155142966,0.23217586012352104,-0.01817026573075283,-0.0858810870945808,-0.19976435504838777,0.04399034669928723,-0.016597911217972765,0.023851484345999954,0.05753098077650993,0.007179652147091912,-0.07106450244317396,-0.1705045095471941,-0.3196090414008441,-0.31768220173299494,-0.22225099725199185,-0.14814435866855086,-0.08552971228525584,-0.04815253612147515,-0.00783482773167503,0.023957000282362296,0.051058486643230906,0.06725111601696603,0.07831910590437179,0.08042359669381366,0.09574546188398218,0.08409215828599416,0.10194084600622386,0.10799409666935338,0.08173073103355874,0.08768453570738781,0.0858803079539695,0.08223290118953819,0.11568303623739297,0.1207955457960165,0.11031226583019006,0.09734463878115926,0.12493098232600906,0.11897795366352988,0.061019173759609614,0.10507457379590755,0.110024740757372,0.09564860172441049,0.10491786240038822,0.08964147774075097,0.0859568648809091
-0.061382305552391936,0.053147056155142966,0.21449348807548724,-0.06128615051560122,-0.13108165924962628,-0.2793291052810287,-0.26175816227447185,-0.4307240128940406,-0.49715966306997145,-0.5247102704556711,-0.5321698262189258,-0.5660411363757784,-0.5043594932759655,-0.48129021862259486,-0.3749406610089764,-0.22225099725199185,-0.16234511882849367,-0.14086316755297984,-0.12192933565095891,-0.11268325767027536,-0.09684312826005612,-0.07102292861158792,-0.07015281391617817,-0.055113444895673304,-0.040861540151431876,-0.0504946064528897,-0.05346270566163025,-0.06458309431509295,-0.05075405047164946,-0.08720729336288661,-0.045170821425014815,-0.04303708434713918,-0.12645482388360438,-0.08733106669055737,-0.09597065473518829,-0.10438945961111225,-0.13189420780189862,-0.11696081481645566,-0.12057497317578829,-0.15802401409541994,-0.14285419583488304,-0.1437390764754603,-0.15684380594862835,-0.16847962953458245,-0.1959871284317522,-0.18196063604661628
-0.007895649261922254,-0.43986486842261396,0.12608162783533713,-0.01817026573075283,-0.0858810870945808,0.31740652146379245,-0.1744014454248286,-0.29268197900201254,-0.3077010640096159,-0.33062985337828027,-0.3360427431767352,-0.36805048280273484,-0.3135852168595295,-0.2387684527899723,-0.08864836462906424,-0.025007639944360296,0.03646552341071078,0.09153734457146492,0.11784526281986288,0.12120939373121878,0.10212178933922171,0.07675983722319205,0.03140661255614506,-0.00870212287826811,-0.040861540151431876,-0.068043414653315,-0.11326916824755558,-0.13859373445789797,-0.14600293875625026,-0.19116915452992847,-0.19131171427065485,-0.21945035802234128,-0.2934050039421214,-0.2273407928477669,-0.2549325351247392,-0.2672666306355521,-0.30000269529614176,-0.29642892237377,-0.31221731464724056,-0.30405280599876144,-0.31640433457643297,-0.33829133635394903,-0.3483897703902389,-0.3448651082023067,-0.3566532194037749,-0.39629463678862387
0.1525643196094868,-0.08956692201210076,0.1349228138593509,0.06806150383892863,0.004520057215510169,0.5163183970454018,0.3934172140978679,0.3975281904581032,0.4027686824667026,0.49421191920064783,0.3994338182314645,0.3249168047028955,0.2587376123897953,0.044173607348086126,-0.03138990535308283,-0.025007639944360296,0.022264763250767962,0.06940396246437532,0.08095686305512183,0.11314412988978667,0.13054534899626358,0.1474385513180863,0.15088829075887877,0.16534033468700754,0.1670558372975593,0.17179029741915705,0.1618405596476975,0.15744882611332653,0.1714933555257554,0.14020927794002325,0.1541122142735844,0.14016131523865116,0.12397044620416868,0.12968400885311093,0.13524662583143768,0.13252278915170554,0.12790981832557205,0.11712802112786111,0.12696305122484464,0.10969543772739396,0.12160315843796887,0.10156594684960692,0.06952869748237156,0.11373713633377883,0.08964147774075097,0.0859568648809091
-0.034638977407157094,-0.06361892598169323,0.32058772036367744,-0.27686557443980486,-0.4022850921799072,-0.04063485458309882,-0.43647159597376606,-0.6147800580834004,-0.7339829118954053,-0.7187906875330704,-0.7282969092611078,-0.7145341265555545,-0.6951337696924015,-0.5621308072334666,-0.3463114313709857,-0.22225099725199185,-0.11974283834866271,-0.06339633017816623,-0.05737463606266042,-0.032030619255968514,-0.03289011903171636,-0.03247090274164392,-0.034308310455357205,-0.03190778388697071,-0.023535092030681926,-0.021246592785516983,-0.029540120627260975,-0.03991288093415355,-0.04440412458601061,-0.07421206071700406,-0.05845635713825224,-0.0633924620788942,-0.11254230887873085,-0.06632960776698042,-0.07429403468206679,-0.08958244406343877,-0.10897032314359174,-0.10135489242017084,-0.12856007073710307,-0.15802401409541994,-0.1676470727979633,-0.16911545819874355,-0.17425707544331684,-0.13320253380103259,-0.18706123448885711,-0.2534053029606188
0.11690654874916945,-0.0376709299512857,0.0995580697632896,0.1974091581934508,0.23052291799074562,0.23784177123115152,0.30606049724821693,0.3055001678634151,0.3554040327016074,0.39717171066195245,0.3504020474709103,0.27541914130963685,0.2110440432856863,0.0037533130426502343,-0.06001913499107354,-0.0447319756751231,-0.020337517229063008,0.025137198250194143,0.044068463290379126,0.07281781068263181,0.08791000951070205,0.09603585015816404,0.10309561947778698,0.12473042792177698,0.12085197564222884,0.1249934755513549,0.1319373283547327,0.11427595269669355,0.10799409666935338,0.11421881264826278,0.13418391070372826,0.09266543386455772,0.13092670370660545,0.12268352254525196,0.1207955457960165,0.12511928137787406,0.10498593366726516,0.11712802112786111,0.14293324634746282,0.1259208590499849,0.14639603540104912,0.12694232857289015,0.11306187121909898,0.14901423206731615,0.1431968413980961,0.1306097817021591
0.05450544974362993,-0.05064492796649177,0.39131720855580004,-0.36309734400948634,-0.4474856643349527,0.23784177123115152,-0.5675066712482308,-0.5227520354887205,-0.591888962600145,-0.5732303747250187,-0.5812015969794714,-0.5660411363757784,-0.5043594932759655,-0.440869924317159,-0.31768220173299494,-0.18280232579046624,-0.1055420781887199,-0.06339633017816623,-0.03893043618028989,0.00023043610975422094,0.023957000282362296,0.051058486643230906,0.06725111601696603,0.07831910590437179,0.09197456210764833,0.08989585915050848,0.07811151202740291,0.06493552593481915,0.08259439312679347,0.06223788206473723,0.034542392854423926,0.06552493022221931,-0.0012421888397178503,0.024676714235206277,-0.009264174522702265,-0.01554736632506084,-0.047839964054777036,-0.04673416403316839,-0.04870909512398944,-0.0768969074824422,-0.076739857266673,-0.109903900844412,-0.11331063221190092,-0.12438325986765453,-0.1781353405459747,-0.16409946931810612
0.009933236168230084,-0.3101248882705717,0.2675406042195823,-0.06128615051560122,-0.17628223140467175,-0.04063485458309882,-0.30543652069929345,-0.5687660467860605,-0.6866182621303185,-0.6217504789943751,-0.6302333677400168,-0.615538799769037,-0.5043594932759655,-0.40044963001172307,-0.23179451281902286,-0.06445631140588591,0.022264763250767962,0.06940396246437532,0.08095686305512183,0.08894833836549605,0.06659233976792128,0.04463314899823948,0.007510276915599167,-0.0029007076260893707,-0.017759609323766645,-0.021246592785516983,-0.04150141314444774,-0.0707506476603256,-0.09520353167113044,-0.10670014233170812,-0.1049557321345927,-0.13124372118474265,-0.12645482388360438,-0.1293339845377212,-0.15377497487684222,-0.1636175218018167,-0.19302456689071332,-0.1715815432034692,-0.2004259487889019,-0.23915112070838618,-0.22549711904514266,-0.2452446033685812,-0.287443327158823,-0.28313019066859757,-0.3120237496893249,-0.32484996987462134
-0.01681009197699209,0.2347830283680003,0.01998739554714697,0.11117738862376936,0.04972062937055565,-0.04063485458309882,0.17502542197375207,0.25948615656607515,0.3080393829365206,0.25161139785390935,0.20330673518927386,0.12692615112986078,0.02026976686924187,-0.1983481584845364,-0.26042374245701355,-0.22225099725199185,-0.1765458789884365,-0.11872978544589025,-0.08504093588621785,-0.08848746614598474,-0.08973723834579754,-0.08387360390156848,-0.0641787300060385,-0.03190778388697071,-0.01198412661684726,0.002151818148386175,0.018305049441477584,0.027930205863418822,0.05719468958423355,0.04274503309592034,0.08768453570738781,0.0858803079539695,0.040495356174912636,0.10868254992952901,0.1280210858137271,0.13992629692554753,0.13555111321167795,0.13273394352414594,0.158903441470081,0.10969543772739396,0.17118891236412934,0.16077750420392645,0.1565950449558264,0.19311060173424408,0.17890041716965108,0.1752626985234091
0.14364987689440428,-0.4658128644530215,0.4089995806038338,0.06806150383892863,0.09492120152560113,-0.3986762306299901,-0.26175816227447185,-0.47673802419138056,-0.6392536123652318,-0.5732303747250187,-0.5321698262189258,-0.5165434729825197,-0.4089723550677475,-0.2791887470954082,-0.06001913499107354,0.03416536724792812,0.10746932421042737,0.1800708729998253,0.19162206234934664,0.20992729598695775,0.21581602796738156,0.205266590123,0.1867327942196997,0.15953891943483292,0.13817842376297879,0.10744466735093376,0.07811151202740291,0.05876797258958649,0.04449483781295134,-0.002738281164661627,0.014614089284567781,-0.0023263288836291446,-0.07776102136653712,-0.03832766253553453,-0.05261741462894528,-0.07477542851576528,-0.10132902825748583,-0.1091578536183188,-0.1046047780531701,-0.1174604607889253,-0.10979702655077216,-0.1437390764754603,-0.16555044069597877,-0.16847962953458245,-0.1959871284317522,-0.2712664696891163
0.11690654874916945,-0.21930690216414303,0.4178407666278476,-0.1906338048701234,-0.3118839478698162,-0.12019960481573976,-0.34911487912411504,-0.47673802419138056,-0.591888962600145,-0.6217504789943751,-0.5812015969794714,-0.5660411363757784,-0.4566659241718565,-0.36002933570628,-0.14590682390504564,-0.025007639944360296,0.022264763250767962,0.047270580357285714,0.0901789629963071,0.11314412988978667,0.13054534899626358,0.13458787602810574,0.12101787120819321,0.12473042792177698,0.12085197564222884,0.1249934755513549,0.1199760358375502,0.08960573931575416,0.10799409666935338,0.06873549838768081,0.08768453570738781,0.051954678401047685,0.03353909867247093,0.05967914577450618,0.04854014561895167,0.028873680317970128,0.020931689920143586,0.015689525551993093,-0.0087836073174383,-0.028220643514657848,-0.027154103340512534,-0.04223354958232738,-0.06107082372782307,-0.06264834233394541,-0.10672818900283941,-0.19089121941085865
0.12582099146425196,0.13099104424636557,0.16144637193139844,0.1974091581934508,0.09492120152560113,0.0787122707658626,0.3497388556730463,0.25948615656607515,0.3554040327016074,0.39717171066195245,0.3994338182314645,0.3249168047028955,0.2110440432856863,-0.03666698126279284,-0.11727759426705495,-0.12362931859817432,-0.11974283834866271,-0.07446302123171103,-0.04815253612147515,0.00023043610975422094,0.04527467002514306,0.09603585015816404,0.12101787120819321,0.14793608893047958,0.17283132000447868,0.1776399001526308,0.18576314468206678,0.18828659283949858,0.20324298495395418,0.15970212690884475,0.19396882141330613,0.194442322523328,0.18657676372610946,0.19268838562385673,0.20750202600850254,0.206557866890094,0.18139888252828085,0.2029605943074443,0.20681402683794692,0.17459712301776925,0.17945320468514825,0.1776950920194566,0.1565950449558264,0.19311060173424408,0.17890041716965108,0.14847094843065656
0.14364987689440428,-0.1155149180425129,0.1526051859073784,0.24052504297829155,0.23052291799074562,0.19805939611483106,0.2623821388233953,0.25948615656607515,0.21331008340634708,0.300131502123257,0.3013702767103648,0.22592147791637815,0.1633504741815773,0.0037533130426502343,-0.03138990535308283,0.014441031517165312,0.05066628357065359,0.09153734457146492,0.10862316287867761,0.12120939373121878,0.12343945908200248,0.13458787602810574,0.1389401229386037,0.1363332584261262,0.13817842376297879,0.14839188648525806,0.12595668209614147,0.13277861273239153,0.1587935037544732,0.13371166161708428,0.1474694464169657,0.14016131523865116,0.0891891586919799,0.15768595408455185,0.1496977058668486,0.15473331247322103,0.143192408097773,0.17174874951486355,0.1509183439087776,0.1340335697112746,0.19598178932719784,0.19461267983497474,0.1740083144505149,0.1754720538674754,0.169974523226756,0.1306097817021591
0.2149654186150263,-0.4139168723922018,0.506252626868004,-0.10440203530044195,-0.22148280355971725,0.11849464588218306,-0.34911487912411504,-0.47673802419138056,-0.49715966306997145,-0.5247102704556711,-0.48313805545838034,-0.46704580958925224,-0.3135852168595295,-0.2387684527899723,-0.06001913499107354,0.05388970297869443,0.135870844530313,0.1690041819462805,0.2008441622905319,0.2502536151941126,0.26555725736720165,0.2695199665729051,0.25244771723120196,0.23495731771311534,0.2074842162459745,0.18933910561958237,0.17380185216488,0.16361637945856358,0.15244357786883433,0.15320451058590118,0.1541122142735844,0.13337618932806294,0.09614541619441666,0.1366844951609749,0.1280210858137271,0.11771577360403206,0.10498593366726516,0.09371913753342832,0.1030077585409117,0.061019173759609614,0.08854598915385799,0.110024740757372,0.07823533222970962,0.060821492733460304,0.01823432619762835,-0.021210135490101048
-0.04355342012222693,-0.10254092002730683,0.30290534831564364,-0.23374968965496415,-0.3118839478698162,-0.63737048132792,-0.6111850296730525,-0.7528220919754203,-0.8760768611906741,-0.8158308960717658,-0.8263604507821988,-0.7640317899488132,-0.6951337696924015,-0.5217105129280307,-0.3463114313709857,-0.20252666152122906,-0.11974283834866271,-0.06339633017816623,-0.06659673600384568,-0.048161146938829884,-0.03289011903171636,-0.03247090274164392,-0.034308310455357205,-0.043510614391319945,-0.040861540151431876,-0.0504946064528897,-0.06542399817881701,-0.08308575435079092,-0.06980382812857053,-0.11319775865464708,-0.09831296427797398,-0.10410321754239941,-0.15427985389335638,-0.1293339845377212,-0.13932389484143132,-0.1636175218018167,-0.20066586177681925,-0.18718746559975402,-0.2004259487889019,-0.214812988724494,-0.2502899960082229,-0.2537033972763463,-0.29614996190616105,-0.28313019066859757,-0.33880143151799746,-0.33378055323886374
0.1525643196094868,0.027199060124735438,0.2410170461475348,0.1542932734086101,0.14012177368065465,-0.04063485458309882,0.2187037803985737,0.12144412267405529,0.1185807838761735,0.15457118931520533,0.15427496442872837,0.0774284877366021,0.02026976686924187,-0.07708727556822874,-0.11727759426705495,-0.0447319756751231,-0.006136757069117668,0.03620388930373895,0.05329056323156439,0.08088307452406393,0.08791000951070205,0.1088865254481446,0.12699195511833286,0.1537375041826542,0.16128035459064402,0.1834895028861045,0.18576314468206678,0.18828659283949858,0.20959291083959303,0.19219020852354418,0.2205398928397857,0.20801257434449477,0.19353302122855118,0.19968887193171572,0.21472756602621312,0.22876839021160947,0.2272466518448946,0.2419754002981619,0.23076931952187987,0.21516067632425237,0.2786247125374692,0.2453654432815412,0.22624812293459276,0.22838769746779394,0.2413816747698913,0.25563794880166674
0.08124877788886477,-0.4139168723922018,0.5416173709640653,-0.23374968965496415,-0.3118839478698162,-0.5975881062115995,-0.6985417465226957,-0.8908641258674483,-1.0181708104859344,-1.0099113131491653,-0.973455763063844,-0.912524780128598,-0.7905209079006279,-0.5621308072334666,-0.31768220173299494,-0.12362931859817432,0.008064003090825148,0.08047065351792011,0.12706736276104816,0.15347044909694152,0.1589689086533029,0.15386388896307773,0.12699195511833286,0.08992193640872102,0.07464811398689838,0.0606478454831316,0.02428569570006884,0.015595099172949127,-0.012654495157807337,-0.048221595425243596,-0.02524251785515395,-0.04303708434713918,-0.10558605137628913,-0.03832766253553453,-0.04539187461123469,-0.052564905194249806,-0.0707638487130839,-0.062340086429453226,-0.07266438780792239,-0.0768969074824422,-0.051946980303592766,-0.05069234349009247,-0.07848409322251157,-0.09792543806749526,-0.07102461323128445,-0.03907130221859851
0.018847678883312586,-0.3879688763617943,0.37363483650776624,-0.4924449983640162,-0.7186890972652336,-0.08041722969941928,-0.6548633880978741,-0.7528220919754203,-0.9234415109557609,-0.8643510003411136,-0.8263604507821988,-0.8135294533420718,-0.7428273387965189,-0.5217105129280307,-0.23179451281902286,-0.06445631140588591,0.022264763250767962,0.09153734457146492,0.0901789629963071,0.11314412988978667,0.09501589942496315,0.0703344995782029,0.04335478037642013,0.020304953382613226,0.005342321503898585,-0.009547387318565404,-0.03552076688585648,-0.06458309431509295,-0.08885360578549159,-0.09370490968582557,-0.11824126784783484,-0.13124372118474265,-0.17514862640067164,-0.17133690238488508,-0.2043537550007907,-0.20803856844484767,-0.23887233620732706,-0.2340052327886196,-0.2722918268406894,-0.30405280599876144,-0.2998757499343834,-0.32137374853843087,-0.33968313564288843,-0.3360458342689161,-0.36557911334667004,-0.4230863868813764
-0.13269784727301395,0.33857501248963046,0.06419332566722831,-0.10440203530044195,-0.04068051493953531,-0.04063485458309882,-0.043366370150356,-0.10862593381265269,-0.1182424649492688,-0.13654943630088084,-0.18894743089509874,-0.2690551560162175,-0.4089723550677475,-0.5621308072334666,-0.4608283499229536,-0.3800456830980978,-0.3043527204279244,-0.21833000492779542,-0.20492823512162792,-0.21753168760887856,-0.22474914671673563,-0.205955019156385,-0.16573815647836174,-0.13633325842613445,-0.11016733263442757,-0.09144182558721399,-0.07738529069600378,-0.0707506476603256,-0.03805419870037176,-0.06121682807112614,-0.045170821425014815,-0.022681706615384163,-0.04993599135678511,-0.003325230996234634,0.005186905512708651,0.006663156996454645,-0.01727478451036425,0.03909840914641479,0.04711207561173102,0.020455620453126502,0.03896023522769751,0.02543680167975722,-0.017537649991095652,0.025544396999910447,0.01823432619762835,-0.030140718854356124
-0.1505267327031663,0.3904710045504455,0.1526051859073784,-0.10440203530044195,-0.13108165924962628,-0.5180233559789585,-0.1744014454248286,-0.38471000159669244,-0.40243036353978945,-0.37914995764762793,-0.43410628469783485,-0.5165434729825197,-0.5997466314841835,-0.6833916901497743,-0.6039744981129072,-0.4786673617519153,-0.37535652122764096,-0.3068635333561558,-0.2971492345334822,-0.27398853449889476,-0.2531727063737775,-0.21880569444636558,-0.17171224038849714,-0.14793608893048368,-0.11594281534134285,-0.08559222285374028,-0.07738529069600378,-0.07691820100555825,-0.05075405047164946,-0.07421206071700406,-0.05845635713825224,-0.04303708434713918,-0.10558605137628913,-0.04532814884339849,-0.05984295464665587,-0.06737192074192329,-0.08604643848528487,-0.07014304762759009,-0.06467929024661898,-0.08500961814374343,-0.09326844190872258,-0.08452751912112877,-0.11331063221190092,-0.11556398593426392,-0.16920944660307963,-0.18196063604661628
0.11690654874916945,-0.32309888628577316,0.5327761849400515,-0.3199814592246456,-0.4474856643349527,-0.63737048132792,-0.6548633880978741,-0.8448501145701084,-0.9234415109557609,-0.9128711046104613,-0.875392221542753,-0.8135294533420718,-0.6951337696924015,-0.5217105129280307,-0.23179451281902286,-0.06445631140588591,0.03646552341071078,0.09153734457146492,0.11784526281986288,0.1454051852555094,0.1518630187390418,0.1474385513180863,0.1389401229386037,0.12473042792177698,0.11507649293531357,0.1015950646174559,0.07811151202740291,0.06493552593481915,0.0762444672411546,0.04274503309592034,0.04782792856766607,0.04516955249046429,-0.022110961347033095,0.017676227927347292,0.012412445530419243,0.006663156996454645,-0.01727478451036425,8.360315569717498e-05,-0.0007985097561348809,-0.020107932853368142,-0.018889811019481874,-0.02531596176680924,-0.034950919485784146,-0.009732698733626881,-0.02639514351683439,-0.07479363567560612
-0.09704007641269662,-0.0765929239968993,0.4178407666278476,-0.6649085375033791,-0.6734885251101881,-0.5578057310952791,-0.8295768217971683,-1.0749201710568081,-1.2076294095462898,-1.203991730226556,-1.1695828461060258,-1.1600130970948914,-1.0289887534211728,-0.8450728673715251,-0.48945757956094427,-0.3011483401750466,-0.20494739930832212,-0.11872978544589025,-0.10348513576858838,-0.08848746614598474,-0.08973723834579754,-0.08387360390156848,-0.0880750656465844,-0.08992193640872927,-0.08706540180676234,-0.08559222285374028,-0.10728852198896431,-0.12009107442219562,-0.1269531610993292,-0.15868107291522904,-0.12488403570445356,-0.17873960255883609,-0.16819236889823486,-0.17133690238488508,-0.18990267496537463,-0.2006350606710162,-0.23887233620732706,-0.2340052327886196,-0.2243812414728235,-0.27971467401486927,-0.2668185806502725,-0.2875385729073826,-0.3135632314008619,-0.3272265603355255,-0.33880143151799746,-0.3873640534243688
0.7498319815197104,-0.4009428743770004,0.046510953619194516,1.4477698169538626,1.586540082642134,1.5108777749534348,2.05319483424112,2.0540325971623745,2.155260723774947,2.240935672897199,2.2136093363716824,2.1563303502535107,2.023399669241862,1.7014056738709937,1.1996669690805428,0.9020361394015126,0.7323027712479239,0.6670052793558064,0.6527270594086196,0.6615820711070847,0.677698872394282,0.7000175887872644,0.7184262622218532,0.7396804446524102,0.7446041079892024,0.7509009680331667,0.777847124282716,0.7988743740176544,0.7874361664328456,0.8159613755258093,0.7984606963657319,0.8390292840288762,0.8404649689552991,0.8507340985627306,0.8650261676198275,0.8654700587616955,0.8767567171635712,0.8818182185459729,0.8775622219880469,0.929079214518392,0.8736537596513714,0.9051513680868811,0.8879523637328915,0.8457368728048225,0.9376014023153401,0.9968763680344573
0.6606875543689235,-0.20633290414893696,0.2410170461475348,1.0597268538902884,1.1797349332467169,1.1528363989065364,1.44169781629361,1.4558504502969387,1.5868849265938973,1.561654213126323,1.5761963164845736,1.5128607261411304,1.4510768399925453,1.2163621422057487,0.88474544306264,0.6258954391708262,0.5192913688487766,0.5120716046061772,0.4775071605260964,0.5164073219613294,0.5568987438518611,0.5972121864674176,0.6347890874799448,0.6526592158697704,0.6752983155062067,0.7158033516323203,0.7359826004725729,0.7557015006010169,0.7620364628902858,0.7704780612652273,0.8051034642223506,0.8118887803865378,0.8265524539504205,0.8157316670234307,0.8288984675312951,0.8358560276663379,0.8385502427330526,0.8506063737533922,0.8695771244267321,0.872290239889318,0.8571251750093217,0.8966925741791161,0.9053656332275801,0.8810139685383598,0.9108237204866801,0.9254317011204548
0.9102919503911069,-0.3620208803313868,0.43552313867587505,1.404653932169022,1.586540082642134,1.3915306496044664,1.6164112499928964,1.7779485293783266,1.9184374749495048,1.949815047281113,1.9194187118084007,1.8593443698939498,1.7849318237213168,1.539724496649243,1.08515005052858,0.862587467939987,0.7323027712479239,0.6780719704093512,0.6527270594086196,0.726104181838533,0.7842872211081807,0.841375016977053,0.8976487795259538,0.925325732722031,0.9525214854381936,0.9790354746386872,1.0290342671435997,1.008571187755604,1.0160334983158894,1.049875563151658,1.0708141784871512,1.06972356498876,1.1048027540479457,1.067749174106399,1.0817923681510324,1.0949787997506713,1.0983542688605232,1.1003011320940048,1.1011449537047469,1.1400096917121203,1.121582529282162,1.108162421873135,1.1143248671638792,1.1455921865399523,1.1964523266591707,1.2022797854122225
0.6963453252292408,-0.2971508902553656,0.2675406042195823,1.14595862345997,1.3153366497118613,1.2721835242555048,1.5290545331432532,1.5938924841889668,1.6342495763589842,1.6101743173956706,1.5761963164845736,1.562358389534389,1.4510768399925453,1.1759418479003128,0.88474544306264,0.6850684463631147,0.5902951696484932,0.5895384419809908,0.5605060599967654,0.5809294326927779,0.5995340833374201,0.6293388746923679,0.6586854231204906,0.6874677073828263,0.7041757290407872,0.721652954365794,0.7658858317655335,0.7618690539462496,0.7810862405472069,0.8029661428799267,0.818388999935588,0.8254590322077094,0.8752462564674878,0.8367331259470127,0.843349547566706,0.8580665509878534,0.8691154222774653,0.8740152573478249,0.8695771244267321,0.9128537931958011,0.9067109289354705,0.9474453376256825,0.9663120764590084,0.951568160005447,0.9911567659726852,1.0236681181272098
0.7052597679443107,-0.18038490811852945,0.2675406042195823,1.404653932169022,1.5413395104870886,0.7947950228596452,1.7037679668425396,1.5938924841889668,1.7289788758891576,1.707214525934366,1.6742598580056733,1.6118560529276564,1.4987704090966545,1.2567824365111846,0.9133746727006308,0.6850684463631147,0.5760944094885478,0.5342049867132668,0.5051734603496522,0.5325378496441908,0.5711105236803807,0.6164881994023873,0.6706335909407615,0.7164747836437035,0.7330531425753718,0.768449776233592,0.8077503555756808,0.8235445873985894,0.8128358699754056,0.8679423061093302,0.8715311427885519,0.9068805431347247,0.9308963164869919,0.8927370164098944,0.9156049477437811,0.9395051365000734,0.945528371138481,0.9598478305274081,0.9653982951624639,0.9939808998087674,0.9810895598247112,0.9812805132567308,0.9924319807010349,1.0662187211394747,1.0714898114587028,1.077251618312715
0.6606875543689235,-0.14146291407292044,0.2675406042195823,1.2321903930296514,1.3605372218669067,1.3915306496044664,1.2669843825943157,1.3638224277022588,1.4447909772986285,1.5131341088569752,1.4781327749634825,1.4633630627478715,1.4033832708884364,1.1355215535948768,0.8274869837866586,0.6456197749015891,0.5050906086888338,0.45673814933845125,0.4498408607025389,0.47608100275417464,0.5284751841948218,0.5715108358874542,0.6228409196596697,0.6526592158697704,0.6926247636269567,0.721652954365794,0.7539245392483467,0.7742041606367149,0.7874361664328456,0.8029661428799267,0.8117462320789693,0.8458144099394644,0.8195961964479838,0.8507340985627306,0.8578006276021272,0.8580665509878534,0.8461915376191584,0.8740152573478249,0.8775622219880469,0.888515661211909,0.881918051972402,0.9220689559023993,0.957605441711658,0.9162910642719096,0.9465272962582352,0.9700846179417048
0.6696019970840059,-0.21930690216414303,0.347111278435725,1.14595862345997,1.3153366497118613,1.0732716486738956,1.0922709488950293,1.271794405107579,1.3500616777684549,1.3675737960489236,1.3310374626818462,1.2653724091748368,1.212608994471992,1.014260670678569,0.798857754148668,0.6258954391708262,0.5334921290087195,0.5010049135526304,0.49595136040846693,0.5244725858027616,0.5497928539376025,0.5843615111774371,0.6347890874799448,0.6700634616262984,0.6868492809200373,0.7275025570992677,0.7479438929897555,0.7495339472557799,0.7747363146615635,0.8094637592028703,0.7851751606524897,0.8118887803865378,0.812639938945547,0.8227321533312897,0.8216729275135846,0.828452519892496,0.8232676529608516,0.866212296149677,0.8296516366201809,0.8560648185667156,0.8571251750093217,0.8713161924558328,0.8966589984802297,0.8633754206715911,0.9376014023153401,0.9343622844846972
0.6517731116538537,-0.18038490811852945,0.23217586012352104,1.1028427386751292,1.2701360775568158,1.0732716486738956,1.3980194578687806,1.4558504502969387,1.5868849265938973,1.6101743173956706,1.5761963164845736,1.4633630627478715,1.4033832708884364,1.1355215535948768,0.88474544306264,0.6653441106323519,0.5476928891686622,0.523138295659722,0.49595136040846693,0.5083420581199002,0.5355810741090803,0.565085498242465,0.6049186679292592,0.6410563853654211,0.6579718673854568,0.7041041461653688,0.7419632467311642,0.7433663939105473,0.7620364628902858,0.7964685265569877,0.818388999935588,0.8322441581182928,0.8822025139699246,0.8577345848705896,0.8722517076375381,0.8950840898570425,0.8996806018218781,0.9208330245366905,0.9334579049172163,0.9615300571635854,0.9480323905406121,0.9897393071644839,1.0098452501957358,0.9780259818056063,1.0000826599155803,1.0593904515842048
0.580457569933219,-0.2712028942249581,0.17912874397942596,0.9734950843205993,1.089333788936626,0.9539245233249342,1.2669843825943157,1.3638224277022588,1.4447909772986285,1.4646140045876277,1.429101004202937,1.3643677359613542,1.260302563576101,1.014260670678569,0.7702285245106721,0.6456197749015891,0.5334921290087195,0.5010049135526304,0.48672926046728165,0.5002767942784682,0.5000516245377824,0.5136827970825405,0.5392037449177569,0.5656379870871345,0.5771151094886264,0.5988112969628211,0.6343116140765003,0.6200153270058678,0.6350379451774817,0.6405257348064204,0.672248107089948,0.6897565139960125,0.6943835614040973,0.6897229134819441,0.7060642872302767,0.7173999032849291,0.723930819441529,0.7413649169793762,0.7498006610070787,0.7992758439376415,0.782746544120081,0.8205634290092664,0.8444191899961642,0.8192790510046633,0.8840460386580076,0.8807787842992048
0.6517731116538537,-0.02469693193608424,0.3559524644597387,0.8010315451812363,0.9085315003164439,1.0334892735575751,1.3543410994439589,1.271794405107579,1.2553323782382815,1.3190536917795759,1.3310374626818462,1.2653724091748368,1.212608994471992,1.014260670678569,0.7702285245106721,0.5667224319785379,0.47668908836894813,0.4235380761778168,0.39450826105542736,0.4438199473884519,0.4858398447092627,0.5393841476625039,0.6049186679292592,0.6468578006175957,0.6868492809200373,0.7275025570992677,0.777847124282716,0.8050419273628869,0.8191857958610445,0.8419518408175697,0.8715311427885519,0.9204507949558963,0.9308963164869919,0.8857365301020355,0.9011538677083599,0.909891105404716,0.914963191594079,0.9130300633385425,0.9254728073559128,0.9615300571635854,0.9397680982195814,0.9305277498101644,0.9140722679749306,0.9339296121386783,0.9643790841440126,0.9879457846702022
0.7587464242347803,-0.3879688763617943,0.3559524644597387,1.3184221625993329,1.4961389383320431,1.2324011491391844,1.4853761747184315,1.4558504502969387,1.539520276828802,1.561654213126323,1.5271645457240282,1.4633630627478715,1.4510768399925453,1.2567824365111846,0.9706331319766122,0.7836901250169322,0.6612989704482073,0.633805206195172,0.6158386596438786,0.637386279582794,0.6705929824800209,0.693592251142273,0.7303744300421283,0.7628861056611128,0.7677060388168676,0.7918481871674911,0.8197116480928633,0.829712140743822,0.8128358699754056,0.8419518408175697,0.8582456070753097,0.8797400394923862,0.8543774839601725,0.8717355574863125,0.8794772476552487,0.9024875976308844,0.914963191594079,0.9130300633385425,0.9015175146719798,0.9371919251796933,0.9315038058985508,0.9305277498101644,0.957605441711658,0.942748886072069,1.0000826599155803,1.0415292848557074
0.6250297835086187,-0.1544369120881219,0.2940641622916299,1.01661096910544,1.3153366497118613,1.1528363989065364,1.2669843825943157,1.271794405107579,1.3500616777684549,1.3190536917795759,1.3310374626818462,1.2653724091748368,1.212608994471992,0.973840376373126,0.7702285245106721,0.6061711034400635,0.5334921290087195,0.5120716046061772,0.4682850605849111,0.4841462665956067,0.5000516245377824,0.526533472372521,0.5690741644684383,0.6004464786001905,0.6406454192647068,0.6690065297645224,0.7120600154381994,0.7371988405653146,0.7366367593477259,0.7899709102340488,0.7851751606524897,0.8118887803865378,0.8335087114528573,0.8437336122548716,0.8505750875844166,0.872873566535527,0.8843980120496663,0.9130300633385425,0.917487709794598,0.945304635840983,0.9397680982195814,0.9728217193489658,0.9663120764590084,0.9868452557389968,1.062563917515808,1.0504598682199624
0.7052597679443107,-0.3879688763617943,0.30290534831564364,1.1028427386751292,1.3605372218669067,1.3119658993718255,1.3980194578687806,1.4558504502969387,1.4921556270637153,1.4646140045876277,1.429101004202937,1.4138653993546129,1.3556897017843275,1.1759418479003128,0.9420039023386215,0.7639657892861694,0.67549973060815,0.6448718972487167,0.6342828595262492,0.637386279582794,0.6350635329087205,0.6357642123373594,0.6586854231204906,0.675864876878473,0.6926247636269567,0.721652954365794,0.7419632467311642,0.7618690539462496,0.7620364628902858,0.8094637592028703,0.8051034642223506,0.8390292840288762,0.8613337414626143,0.8367331259470127,0.8505750875844166,0.8654700587616955,0.8843980120496663,0.8818182185459729,0.8855473195493616,0.9534173465022843,0.9232395135775318,0.9643629254412007,0.9750187112063464,0.9692067078722282,1.0090085538584754,1.0504598682199624
0.6517731116538537,-0.08956692201210076,0.31174653433966365,0.9303791995357585,0.9989326446265349,1.0334892735575751,1.2669843825943157,1.225780393810239,1.3500616777684549,1.3675737960489236,1.3310374626818462,1.2653724091748368,1.260302563576101,1.054680964984005,0.8274869837866586,0.6258954391708262,0.5050906086888338,0.48993822249908564,0.4313966608201684,0.45995047507131326,0.4929457346235213,0.5329588100175124,0.5989445840191238,0.6410563853654211,0.681073798213122,0.7158033516323203,0.7599051855069422,0.7803717139819519,0.8128358699754056,0.8094637592028703,0.8648883749319285,0.8458144099394644,0.8752462564674878,0.8577345848705896,0.8722517076375381,0.872873566535527,0.8614741273913594,0.8740152573478249,0.8775622219880469,0.9128537931958011,0.8901823442934209,0.9220689559023993,0.9488988069643075,0.942748886072069,0.9643790841440126,0.9611540345774497
0.5269709136427619,-0.12848891605771437,0.21449348807548724,0.8010315451812363,0.9537320724714894,0.9141421482086136,1.0485925904702076,1.1337523712155508,1.2553323782382815,1.2705335875102282,1.232973921160755,1.1663770823883195,1.1172218562637741,0.8929997877622543,0.6843408355967,0.5272737605170088,0.4340868078891172,0.412471385124272,0.3852861611142421,0.38736310049843564,0.4147809455666619,0.4558547582776268,0.49141107363666514,0.525028080321904,0.5424622132471265,0.5754128860289222,0.6044083827835355,0.6138477736606351,0.6286880192918428,0.6340281184834814,0.6523198035200871,0.6761862621748457,0.6943835614040973,0.6757219408662212,0.6916132071948657,0.7173999032849291,0.7010069347832222,0.7413649169793762,0.7338304658844492,0.766825001292448,0.7414250825149512,0.8036458411937483,0.8357125552488137,0.8192790510046633,0.8394165689435449,0.7736117839281946
0.5626286845030666,-0.32309888628577316,0.30290534831564364,0.8441474299660771,0.9537320724714894,1.1528363989065364,0.9612358736205566,1.041724348620871,1.1132384289430126,1.124973274702185,1.0368468381185645,0.968386428815276,0.926447579847338,0.8121591991513825,0.6557116059587094,0.5667224319785379,0.5192913688487766,0.5120716046061772,0.48672926046728165,0.49221153043703886,0.4929457346235213,0.5008321217925599,0.5272555770974818,0.5482337413306065,0.5597886613678764,0.5754128860289222,0.592447090266353,0.6015126669701699,0.5969383898636396,0.6080376531917209,0.6257487320936076,0.6490457585325073,0.6804710463992188,0.6687214545583622,0.6843876671771552,0.7025928877372556,0.7010069347832222,0.7179560333849434,0.7258453683231457,0.7587122906311584,0.7414250825149512,0.7444342838394287,0.7660594772700474,0.7575441334709541,0.8215647810577674,0.8539870342064523
0.7052597679443107,-0.3101248882705717,0.4266819526518613,0.7579156603963957,0.7729297838512994,1.3119658993718255,1.0922709488950293,1.1337523712155508,1.1606030787080994,1.124973274702185,1.1349103796396556,1.1168794189950522,1.164915425367883,1.054680964984005,0.9133746727006308,0.704792782093881,0.5902951696484932,0.5674050598739012,0.5605060599967654,0.5809294326927779,0.6066399732516812,0.6357642123373594,0.6766076748508969,0.6990705378871797,0.7157266944546219,0.7450513652996931,0.7718664780241248,0.7865392673271846,0.8001360182041234,0.8419518408175697,0.8316745356488302,0.8661697876712194,0.8474212264577358,0.8507340985627306,0.8505750875844166,0.872873566535527,0.8920393069357722,0.9208330245366905,0.8695771244267321,0.9209665038571023,0.8901823442934209,0.9136101619946342,0.9488988069643075,0.9692067078722282,1.0000826599155803,0.9879457846702022
0.7320030960895455,-0.3620208803313868,0.4178407666278476,1.0597268538902884,1.2249355054017623,1.192618774022864,1.1359493073198508,1.225780393810239,1.2553323782382815,1.2705335875102282,1.232973921160755,1.2653724091748368,1.260302563576101,1.095101259289441,0.9133746727006308,0.7639657892861694,0.67549973060815,0.633805206195172,0.6250607595850639,0.6293210157413619,0.6421694228229816,0.674316238207301,0.7005040104914471,0.7222761988958822,0.7446041079892024,0.7567505707666446,0.7957890630584941,0.8173770340533523,0.8382355735179655,0.8549470734634522,0.8648883749319285,0.8797400394923862,0.8891587714723663,0.9207389616413354,0.930056027779192,0.9395051365000734,0.9608109609106928,0.975453752923693,0.9653982951624639,0.9939808998087674,0.9728252675036922,0.9897393071644839,1.018551884943074,1.0044838036057655,1.0179344478013577,0.9968763680344573
0.49131314278244453,-0.21930690216414303,0.2852229762676161,0.9303791995357585,0.9989326446265349,0.5561007721617224,1.0485925904702076,0.9496963260261909,0.9711444796477523,0.9308928576247857,0.8897515258369281,0.8198934386354999,0.7356733034308937,0.6908983162350748,0.5411946874067415,0.48782508905548316,0.44828756804906,0.44567145828490645,0.42217456087898314,0.4196241558641584,0.4147809455666619,0.4173027324076851,0.44361840235557337,0.4554110972957962,0.4847073861779655,0.5110672559606988,0.5386212739390189,0.5336695801725975,0.5397890568928809,0.5690519552540779,0.5792493570972671,0.5947647512478257,0.6109084713748413,0.6197180504033394,0.6410344270709122,0.6581718410942247,0.6628004603527143,0.6789412273942258,0.6779347829552799,0.7019233160020728,0.7083679132308404,0.7359754899316636,0.7660594772700474,0.7575441334709541,0.812638887114885,0.8539870342064523
0.5269709136427619,-0.3101248882705717,0.2852229762676161,0.9303791995357585,0.9085315003164439,0.9539245233249342,1.1359493073198508,1.041724348620871,1.0185091294128392,0.9794129618941334,0.9387832965974735,0.8693911020287587,0.8310604416391116,0.7313186105405107,0.6557116059587094,0.5864467677093007,0.5334921290087195,0.523138295659722,0.49595136040846693,0.4841462665956067,0.46452217496648196,0.4622800959226182,0.47946290581639006,0.49021958880884803,0.5078093170056307,0.5286160641611242,0.5505825664562057,0.5706749002439978,0.5715386863210796,0.5950424205458383,0.6058204285237514,0.6490457585325073,0.6387335013845933,0.6337190230190574,0.6482599670886228,0.6729788566418982,0.6780830501249153,0.6945471497905106,0.7018900756392128,0.7343741586472662,0.7248964978728899,0.7444342838394287,0.748646207775359,0.7663634074043447,0.8037129931719899,0.8807787842992048
0.7230886533744756,-0.49176086048342904,0.38247602253178625,1.2321903930296514,1.3605372218669067,1.113054023790216,1.2233060241694942,1.271794405107579,1.2553323782382815,1.2705335875102282,1.232973921160755,1.2158747457815782,1.212608994471992,1.1759418479003128,0.9420039023386215,0.8034144607476951,0.7181020110879811,0.7002053525164428,0.6711712592909902,0.6696473349485168,0.677698872394282,0.6807415758522924,0.6945299265813073,0.6990705378871797,0.7157266944546219,0.7333521598327456,0.7599051855069422,0.7680366072914823,0.7810862405472069,0.7509852122964058,0.7851751606524897,0.7847482767441993,0.812639938945547,0.8017306944077077,0.799996307460463,0.8062419965709805,0.7927024734164496,0.8193945289608114,0.8296516366201809,0.8560648185667156,0.8405965903672604,0.888233780271351,0.8879523637328915,0.8810139685383598,0.9108237204866801,0.9611540345774497
0.740917538804628,-0.37499487834659284,0.550458556988079,0.9303791995357585,0.9085315003164439,0.7947950228596452,1.0485925904702076,0.9957103373235309,1.0658737791779258,0.9794129618941334,0.987815067358019,0.968386428815276,0.926447579847338,0.9334200820676902,0.8274869837866586,0.704792782093881,0.6470982102882644,0.6116718240880824,0.5973944597615064,0.6212557518999298,0.6421694228229816,0.674316238207301,0.7124521783117178,0.7280776141480568,0.7503795906961218,0.7742993789670699,0.813731001834272,0.8235445873985894,0.8128358699754056,0.8549470734634522,0.8582456070753097,0.8933102913135579,0.8891587714723663,0.8997375027177534,0.9156049477437811,0.9172946131785579,0.9226044864801741,0.9442419081311233,0.9334579049172163,0.9615300571635854,0.9232395135775318,0.9559041315334477,0.957605441711658,0.9603874339388376,0.9733049780869077,0.9700846179417048
0.740917538804628,-0.5047348584986305,0.38247602253178625,1.2321903930296514,1.4057377940219522,1.0732716486738956,1.2669843825943157,1.271794405107579,1.3026970280033683,1.3190536917795759,1.2820056919213005,1.2653724091748368,1.260302563576101,1.2163621422057487,0.9706331319766122,0.8231387964784579,0.7323027712479239,0.7112720435699875,0.6803933592321755,0.6857778626313782,0.6848047623085406,0.693592251142273,0.7124521783117178,0.7222761988958822,0.7272776598684525,0.7509009680331667,0.7658858317655335,0.7742041606367149,0.7683863887759246,0.8224589918487483,0.7851751606524897,0.8254590322077094,0.7917711664382318,0.8227321533312897,0.8216729275135846,0.8210490121186645,0.8079850631886506,0.8506063737533922,0.8296516366201809,0.8804029505506077,0.8571251750093217,0.9051513680868811,0.931485537469619,0.9074717903385191,0.9286755083724577,0.8986399510277022
0.6428586689387711,-0.12848891605771437,0.4001583945798138,1.0597268538902884,1.1797349332467169,0.8743597730922932,1.1359493073198508,1.179766382512899,1.2079677284731947,1.1734933789715327,1.1349103796396556,1.1168794189950522,1.069528287159665,0.9334200820676902,0.7129700652346908,0.6061711034400635,0.5050906086888338,0.46780484039199605,0.4498408607025389,0.4680157389127454,0.5000516245377824,0.5458094853074931,0.5989445840191238,0.6468578006175957,0.681073798213122,0.7099537488988424,0.7539245392483467,0.7680366072914823,0.7747363146615635,0.8289566081716871,0.7984606963657319,0.8593846617606312,0.8543774839601725,0.8507340985627306,0.8650261676198275,0.887680582083211,0.8920393069357722,0.8974241409422578,0.917487709794598,0.9128537931958011,0.9232395135775318,0.9305277498101644,0.9401921722169695,0.9162910642719096,0.9643790841440126,1.0325987014914648
0.571543127218149,-0.25822889620975664,0.347111278435725,0.9303791995357585,0.9085315003164439,0.7550126477433247,1.0485925904702076,1.041724348620871,1.0658737791779258,1.0279330661634811,0.987815067358019,0.968386428815276,0.926447579847338,0.7717389048459466,0.6270823763207186,0.5469980962477751,0.49088984852889095,0.46780484039199605,0.4590629606437242,0.45995047507131326,0.4858398447092627,0.5072574594375514,0.5392037449177569,0.5540351565827853,0.5828905921955416,0.5988112969628211,0.610389029042131,0.6446855403868073,0.6350379451774817,0.6405257348064204,0.672248107089948,0.6965416399066007,0.6943835614040973,0.710724372405526,0.7205153672656875,0.7322069188326026,0.73921340921373,0.7335619557812282,0.7577857585683822,0.7992758439376415,0.7910108364411117,0.8036458411937483,0.8095926510067748,0.8457368728048225,0.9108237204866801,0.8807787842992048
0.6517731116538537,-0.14146291407292044,0.39131720855580004,0.8441474299660771,0.8633309281613984,0.7550126477433247,1.2669843825943157,1.225780393810239,1.2553323782382815,1.2220134832408804,1.183942150400201,1.1663770823883195,1.1172218562637741,0.9334200820676902,0.7702285245106721,0.6061711034400635,0.5050906086888338,0.48993822249908564,0.4682850605849111,0.47608100275417464,0.514263404366302,0.5522348229524845,0.6049186679292592,0.6526592158697704,0.6868492809200373,0.721652954365794,0.7599051855069422,0.7988743740176544,0.7810862405472069,0.8094637592028703,0.8250317677922114,0.8661697876712194,0.8891587714723663,0.8787360437941715,0.8939283276906597,0.9024875976308844,0.8996806018218781,0.9130300633385425,0.8855473195493616,0.9371919251796933,0.9149752212565011,0.9389865437179175,0.9750187112063464,0.9603874339388376,0.9911567659726852,0.9879457846702022
0.8300619659554023,-0.5306828545290381,0.5769821150601265,1.0597268538902884,1.1797349332467169,1.3119658993718255,1.1796276657446725,1.225780393810239,1.2553323782382815,1.2220134832408804,1.183942150400201,1.2158747457815782,1.212608994471992,1.1355215535948768,0.9420039023386215,0.8428631322092206,0.7323027712479239,0.7002053525164428,0.6803933592321755,0.726104181838533,0.7558636614511414,0.7963976534621199,0.8199856886941764,0.8325030886872207,0.8427873140067828,0.8503442145022406,0.8795181106787886,0.8728850141604594,0.8953849064887287,0.8874351550781517,0.8981022142150316,0.9272359208664797,0.9308963164869919,0.9277394479491944,0.944507107814603,0.9543121520477469,0.9531696660245869,0.975453752923693,0.9574131976011492,1.0264317424539608,0.9976181444667725,0.9897393071644839,0.9924319807010349,1.0044838036057655,1.035786235687148,1.0504598682199624
0.8211475232403325,-0.5306828545290381,0.5592997430120927,0.8872633147509178,1.0441332167815804,0.9141421482086136,1.0485925904702076,0.9957103373235309,1.0185091294128392,1.0279330661634811,1.0368468381185645,1.0178840922085346,1.021834718055556,0.973840376373126,0.8561162134246494,0.7245171178246438,0.6186966899683788,0.6006051330345376,0.5697281599379507,0.5647989050099165,0.5711105236803807,0.565085498242465,0.5750482483785779,0.5888436480958372,0.588666074902461,0.6046608996962949,0.6283309678179048,0.6385179870415701,0.6159881675205606,0.6470233511293639,0.6523198035200871,0.6694011362642575,0.7013398189065341,0.6407195093269212,0.6554855071063334,0.6729788566418982,0.6857243450110212,0.6711382661960779,0.669949685393965,0.7100360266633741,0.6835750362677602,0.6936815203928622,0.6876997645439307,0.6781706680704889,0.7055281598001947,0.7021671170141921
0.6072008980784538,-0.43986486842261396,0.31174653433966365,1.14595862345997,1.2249355054017623,0.8743597730922932,1.1359493073198508,1.179766382512899,1.2553323782382815,1.2220134832408804,1.232973921160755,1.2158747457815782,1.164915425367883,1.014260670678569,0.8561162134246494,0.7639657892861694,0.7039012509280382,0.6891386614628979,0.6711712592909902,0.6696473349485168,0.6705929824800209,0.6807415758522924,0.6945299265813073,0.7164747836437035,0.7272776598684525,0.7392017625662193,0.7539245392483467,0.7557015006010169,0.7683863887759246,0.7899709102340488,0.8117462320789693,0.8051036544759543,0.8265524539504205,0.8437336122548716,0.8578006276021272,0.872873566535527,0.8920393069357722,0.9130300633385425,0.8935324171106651,0.945304635840983,0.9315038058985508,0.9474453376256825,0.957605441711658,0.9780259818056063,1.0447121296300304,1.077251618312715
0.7230886533744756,-0.49176086048342904,0.4266819526518613,1.01661096910544,1.0441332167815804,0.9539245233249342,1.3106627410191374,1.225780393810239,1.2553323782382815,1.2705335875102282,1.232973921160755,1.1663770823883195,1.1172218562637741,1.014260670678569,0.9133746727006308,0.7836901250169322,0.6897004907680929,0.6891386614628979,0.6711712592909902,0.6696473349485168,0.6705929824800209,0.6871669134972815,0.7005040104914471,0.7048719531393542,0.7215021771615372,0.7392017625662193,0.7599051855069422,0.7618690539462496,0.7683863887759246,0.7769756775881662,0.7918179285091085,0.818673906297126,0.8613337414626143,0.8297326396391487,0.8505750875844166,0.872873566535527,0.8920393069357722,0.9286359857348274,0.9494281000398458,0.9696427678248751,0.9480323905406121,0.9728217193489658,0.9663120764590084,0.9603874339388376,1.0447121296300304,1.0951127850412123
0.5982864553633839,-0.12848891605771437,0.4001583945798138,1.01661096910544,0.9989326446265349,0.9539245233249342,1.3106627410191374,1.225780393810239,1.2553323782382815,1.2220134832408804,1.232973921160755,1.1663770823883195,1.1172218562637741,1.014260670678569,0.88474544306264,0.7442414535554066,0.7039012509280382,0.7002053525164428,0.6711712592909902,0.6696473349485168,0.677698872394282,0.6807415758522924,0.7005040104914471,0.7164747836437035,0.7272776598684525,0.7333521598327456,0.7658858317655335,0.7742041606367149,0.7620364628902858,0.8029661428799267,0.8051034642223506,0.8051036544759543,0.8543774839601725,0.8437336122548716,0.8650261676198275,0.872873566535527,0.8843980120496663,0.8896211797441098,0.8935324171106651,0.9696427678248751,0.9645609751826616,0.9559041315334477,0.9750187112063464,0.9956645296723875,1.0000826599155803,1.0236681181272098
0.7320030960895455,-0.49176086048342904,0.43552313867587505,0.8441474299660771,0.8181303560063449,1.113054023790216,0.9612358736205566,1.041724348620871,1.0658737791779258,1.0279330661634811,0.987815067358019,0.968386428815276,0.926447579847338,0.8121591991513825,0.6557116059587094,0.5272737605170088,0.4624883282090053,0.45673814933845125,0.4313966608201684,0.451885211229884,0.47873395479500164,0.5136827970825405,0.5631000805583029,0.5888436480958372,0.6117680057301262,0.651457721564097,0.6642148453694608,0.7125286271843796,0.7112370558051659,0.7444875959734668,0.7586040892260102,0.7847482767441993,0.8056836814431053,0.8017306944077077,0.8216729275135846,0.8358560276663379,0.8385502427330526,0.8428034125552442,0.853606929304114,0.9047410825344999,0.881918051972402,0.8966925741791161,0.8792457289855412,0.9339296121386783,0.9643790841440126,0.9790152013059599
0.5982864553633839,-0.1544369120881219,0.4001583945798138,0.9303791995357585,0.8633309281613984,0.7550126477433247,0.9612358736205566,0.8116542921341711,0.829050530352492,0.7853325448167426,0.7426562135552829,0.7208981118489738,0.7833668725350026,0.7717389048459466,0.7129700652346908,0.6456197749015891,0.5902951696484932,0.5895384419809908,0.5512839600555801,0.5728641688513457,0.5853223035089004,0.6036375241124068,0.6288150035698051,0.6584606311219491,0.6637473500923721,0.6865553379649434,0.7180406616967949,0.7310312872200819,0.7112370558051659,0.7574828286193448,0.7586040892260102,0.7643928990124443,0.7987274239406685,0.7807292354841259,0.8072218474781736,0.8136455043448225,0.8232676529608516,0.8271974901589594,0.8376367341814958,0.8560648185667156,0.8571251750093217,0.8628573985480797,0.8531258247435023,0.8369175988714319,0.9108237204866801,0.9879457846702022
0.6606875543689235,-0.3879688763617943,0.5327761849400515,1.01661096910544,0.9989326446265349,0.6754478975106838,0.7428440814964485,0.7656402808368311,0.829050530352492,0.7853325448167426,0.7916879843158284,0.7703957752422412,0.8310604416391116,0.7717389048459466,0.7415992948726815,0.6653441106323519,0.604495929808436,0.5895384419809908,0.5605060599967654,0.5728641688513457,0.5853223035089004,0.6036375241124068,0.6288150035698051,0.6468578006175957,0.6579718673854568,0.6865553379649434,0.7060793691796081,0.7248637338748449,0.7112370558051659,0.7249947470046453,0.745318553512768,0.7440375212806941,0.7987274239406685,0.7807292354841259,0.7783196874073518,0.7840314732494755,0.7850611785303437,0.8193945289608114,0.7897261488136298,0.7992758439376415,0.7992751287621306,0.8121046351015133,0.8182992857541252,0.8369175988714319,0.89297193260089,0.8450564508421972
0.6606875543689235,-0.4009428743770004,0.506252626868004,1.1028427386751292,1.0441332167815804,0.35718889658011294,0.917557515195735,0.903682314728851,0.9237798298826656,0.882372753355438,0.8897515258369281,0.8693911020287587,0.9741411489514471,0.9334200820676902,0.8274869837866586,0.7639657892861694,0.6897004907680929,0.6780719704093512,0.6435049594674345,0.677712598789946,0.71322832196558,0.7449949523021976,0.7841411852333597,0.809297427678518,0.8196853831791174,0.844494611768767,0.8735374644201973,0.8913876741961617,0.8699852029461688,0.9134256203699122,0.9047449820716502,0.9272359208664797,0.9378525739894336,0.9277394479491944,0.9372815677969026,0.9469086442739154,0.93024578136628,0.9364389469329754,0.9494281000398458,0.9534173465022843,0.9480323905406121,0.9559041315334477,0.9401921722169695,0.942748886072069,1.0179344478013577,1.0504598682199624
0.8033186378101674,-0.4658128644530215,0.6565527892762629,1.14595862345997,1.1797349332467169,0.9937068984412546,1.0485925904702076,1.041724348620871,1.0185091294128392,1.0279330661634811,1.0368468381185645,1.0178840922085346,1.069528287159665,0.973840376373126,0.88474544306264,0.8231387964784579,0.7181020110879811,0.7223387346235324,0.6896154591733608,0.726104181838533,0.7558636614511414,0.7899723158171285,0.8259597726043119,0.844105919191574,0.8543382794206174,0.8678930227026659,0.8974600494545666,0.909890334231864,0.8572853511748866,0.9524113183075552,0.9313160534981298,0.9543764245088181,1.0352401790235681,0.9627418794884992,0.987860347920846,1.0061367064646198,1.0066587302272958,1.0066655977162737,1.0053237829690151,1.0588825850991426,1.0306753137508717,1.0404920706110503,1.0446717891851127,1.0662187211394747,1.116119281173153,1.13083511849822
0.8300619659554023,-0.5177088565138366,0.6565527892762629,0.8872633147509178,0.9537320724714894,0.9141421482086136,0.8302007983460918,0.903682314728851,0.9237798298826656,0.9308928576247857,0.9387832965974735,0.968386428815276,1.021834718055556,0.973840376373126,0.88474544306264,0.8034144607476951,0.7181020110879811,0.6670052793558064,0.6711712592909902,0.7019083903142396,0.7345459917083607,0.7642709652371673,0.7901152691434952,0.8034960124263434,0.7965834523514522,0.8269458035683416,0.8376535868686413,0.8482148007795244,0.8382355735179655,0.8549470734634522,0.8648883749319285,0.8797400394923862,0.8822025139699246,0.8787360437941715,0.8939283276906597,0.9024875976308844,0.8996806018218781,0.9130300633385425,0.9015175146719798,0.929079214518392,0.9149752212565011,0.9220689559023993,0.9140722679749306,0.9162910642719096,0.9554531902011303,0.9700846179417048
0.7944041950950976,-0.5436568525442441,0.6123468591561878,1.0597268538902884,1.0441332167815804,1.192618774022864,1.1359493073198508,1.0877383599182109,1.1132384289430126,1.0764531704328375,1.0368468381185645,1.0673817556017933,1.069528287159665,1.054680964984005,0.9706331319766122,0.862587467939987,0.7891058118876951,0.7776721898912564,0.7541701587616593,0.7906262925699785,0.8269225605937397,0.8670763675570141,0.8916746956158184,0.9137229022176818,0.9351950373174477,0.9556370637047882,0.993150389592048,0.9962360810651388,1.0033336465446072,1.0303827141828366,1.0442431070606715,1.0222276836146664,1.0839339815406352,1.0607486877985448,1.0817923681510324,1.0875752919768398,1.0754303842022164,1.076892248499572,1.0771896610208138,1.0994461384056373,1.0967896523190817,1.1166212157809001,1.1491514061532684,1.119134364739793,1.160748750887603,1.1844186186837125
0.9013775076760243,-0.5955528446050592,0.7007587193963443,0.7147997756115549,0.6825286395412085,0.7152302726270042,0.9612358736205566,0.673612258242143,0.6395919312921364,0.5912521277393432,0.5955609012736465,0.5724051216691978,0.6402861652226757,0.7717389048459466,0.7415992948726815,0.6850684463631147,0.6470982102882644,0.6227385151416271,0.5973944597615064,0.6212557518999298,0.6563812026515012,0.6807415758522924,0.7064780944015824,0.7222761988958822,0.7272776598684525,0.7392017625662193,0.7599051855069422,0.7742041606367149,0.7747363146615635,0.7899709102340488,0.8117462320789693,0.818673906297126,0.8404649689552991,0.8507340985627306,0.8722517076375381,0.887680582083211,0.8920393069357722,0.9130300633385425,0.9095026122332832,0.9615300571635854,0.9149752212565011,0.9389865437179175,0.9488988069643075,0.9780259818056063,1.0268603417442528,1.0683210349484598
0.8657197368157197,-0.5955528446050592,0.6388704172282353,0.6716838908267142,0.5921274952311175,0.7550126477433247,0.7865224399212702,0.627598246944803,0.6395919312921364,0.5912521277393432,0.5955609012736465,0.6219027850624564,0.6879797343267846,0.7717389048459466,0.7702285245106721,0.6850684463631147,0.6470982102882644,0.6227385151416271,0.6158386596438786,0.6454515434242233,0.6634870925657623,0.693592251142273,0.7124521783117178,0.7396804446524102,0.7388286252822871,0.768449776233592,0.7898084167999028,0.7988743740176544,0.7874361664328456,0.8354542244946308,0.8449600713620723,0.8593846617606312,0.8891587714723663,0.8647350711784535,0.8867027876729491,0.9172946131785579,0.937887076252386,0.9364389469329754,0.9574131976011492,0.9939808998087674,1.0058824367877914,1.0235744827955322,1.0446717891851127,1.0044838036057655,1.0447121296300304,1.0593904515842048
0.6339442262236886,-1.2183047493348538,0.3559524644597387,1.2321903930296514,1.3605372218669067,0.9539245233249342,1.0922709488950293,1.1337523712155508,1.0658737791779258,0.9794129618941334,0.9387832965974735,0.9188887654220174,0.8310604416391116,0.7313186105405107,0.7702285245106721,0.8231387964784579,0.9027118931672402,0.9436725556944323,0.95705635746774,0.903539986350011,0.8198166706794812,0.7257189393672255,0.652711339210351,0.5946450633480159,0.5540131786609611,0.5110672559606988,0.46685351883591114,0.44115627999408574,0.42549039095135904,0.3936163145346936,0.360038017828807,0.33692996664560826,0.283964368760244,0.3116966528574843,0.28698296620327796,0.25838242130695643,0.2272466518448946,0.21856651670372912,0.19084383171532873,0.20704796566295114,0.21251037396925915,0.19461267983497474,0.16530167970317683,0.1754720538674754,0.13427094745520102,0.11274861497366165
0.7230886533744756,-1.2053307513196523,0.5150938128920177,1.2753062778144921,1.2249355054017623,0.8743597730922932,1.2233060241694942,1.0877383599182109,1.0185091294128392,0.9794129618941334,0.9387832965974735,0.8693911020287587,0.8310604416391116,0.7313186105405107,0.7702285245106721,0.8428631322092206,0.9027118931672402,0.9326058646408876,0.95705635746774,0.9358010417157336,0.8908755698220795,0.822099004042081,0.7602448495928096,0.7048719531393542,0.6695228327992914,0.6222097078967201,0.5984277365249443,0.5645073468987651,0.5397890568928809,0.517071024670557,0.4796078392479675,0.4590622330361336,0.44395829131632425,0.4517063790146889,0.43149376655741795,0.41385608455756484,0.40299643422524367,0.3590198182703258,0.35054578294154465,0.3611894682275939,0.34473905110567926,0.32995338235914395,0.31331447040806,0.2901226150014905,0.30386293237011885,0.3092214489871718
1.044008591117281,-1.607524689790976,0.7980117656605143,1.7495810104477554,1.7673423712623242,1.3119658993718255,1.6164112499928964,1.3638224277022588,1.2553323782382815,1.1734933789715327,1.183942150400201,1.1168794189950522,1.1172218562637741,1.1355215535948768,1.1996669690805428,1.2176255110937244,1.2151286166859898,1.2092731409795134,1.252163555585675,1.266476859214399,1.2532759554493398,1.2011939250965158,1.1246639681111419,1.0645596987742507,1.0045008298004434,0.9439378582378408,0.8974600494545666,0.8482148007795244,0.8191857958610445,0.7769756775881662,0.7320330177995306,0.7033267658171841,0.6735147888967821,0.6337190230190574,0.5976811869646794,0.5545227322604892,0.5405397421750741,0.4838671974406266,0.47830734392251284,0.41797844285667946,0.4108533896738893,0.39762373362122855,0.3742609136394759,0.36067680646859024,0.3127888263130139,0.2913602822586616
0.9013775076760243,-1.283174739410875,0.6211880451802015,1.3615380473841736,1.4057377940219522,1.2721835242555048,1.3980194578687806,1.271794405107579,1.2079677284731947,1.1734933789715327,1.183942150400201,1.1663770823883195,1.069528287159665,1.014260670678569,1.0278915912525988,1.0401064895168557,1.0873217752465019,1.0764728483369739,1.0953878565855222,1.0729105270200596,1.0400992580215398,0.989157782811833,0.9334932829867748,0.8847158259568045,0.8485627967136979,0.8152465981013942,0.7838277705413115,0.7618690539462496,0.7620364628902858,0.7379899796505278,0.6988191785164276,0.6626160103536741,0.6596022738919035,0.6337190230190574,0.5976811869646794,0.5693297478081627,0.5558223319472858,0.5228820034313443,0.494277539045131,0.4828801281470547,0.46870343592108044,0.44837649706779503,0.43520735687090417,0.40477317613551816,0.357418296027464,0.34494378244416674
1.0172652629720462,-1.5426546997149548,0.7803293936124805,1.5771174713083849,1.4509383661769977,1.0732716486738956,1.3543410994439589,1.3178084164049189,1.2079677284731947,1.124973274702185,1.1349103796396556,1.1168794189950522,1.069528287159665,1.095101259289441,1.113779280166571,1.1584525039014326,1.186727096366104,1.2092731409795134,1.2152751558209323,1.2180852761658147,1.2106406159637808,1.1562165615815827,1.088819464650325,1.029751207261199,0.9756234162658588,0.9205394473039418,0.8735374644201973,0.8358796940890546,0.8001360182041234,0.7834732939111099,0.7386757856561493,0.7033267658171841,0.7013398189065341,0.6547204819426392,0.6121322670000903,0.5767332555820047,0.5634636268333809,0.538487925827629,0.494277539045131,0.4828801281470547,0.4521748512790191,0.439917703160042,0.4265007221235537,0.39595390220212756,0.3217147202558963,0.25563794880166674
0.8211475232403325,-1.2442527453652612,0.6123468591561878,1.0597268538902884,1.0441332167815804,1.2721835242555048,1.1359493073198508,1.041724348620871,0.9237798298826656,0.9308928576247857,0.8897515258369281,0.9188887654220174,0.8787540107432206,0.8929997877622543,0.9133746727006308,0.9809334823245638,1.0305187346067282,1.065406157283429,1.0492773568795943,1.0164536801300434,0.9619344689646804,0.8927777181369753,0.8379079404245869,0.8034960124263434,0.7677060388168676,0.7333521598327456,0.7060793691796081,0.6816908604582076,0.6667875746056849,0.6535209674523029,0.6257487320936076,0.5879796253372422,0.5900396988675259,0.5847156188640344,0.5615534868761367,0.5397157167128052,0.5252571524028731,0.4916701586387746,0.47830734392251284,0.4747674174857535,0.4604391436000498,0.44837649706779503,0.44391399161824224,0.40477317613551816,0.37527008391324146,0.38959669926541673
0.8478908513855673,-1.4518367136085262,0.7007587193963443,1.14595862345997,1.089333788936626,0.9141421482086136,1.0049142320453783,0.9957103373235309,0.829050530352492,0.7853325448167426,0.7916879843158284,0.7703957752422412,0.7356733034308937,0.8121591991513825,0.9133746727006308,1.0203821537860893,1.1015225354064446,1.131806303604698,1.1507204562326339,1.1132368462272144,1.0543110378500593,0.9570310945868804,0.8857006117056787,0.826701673435046,0.7908079696445369,0.7333521598327456,0.6941180766624256,0.6755233071129749,0.622338093406204,0.6080376531917209,0.5792493570972671,0.5472688698737322,0.5274333813455803,0.5147107557854347,0.4892980866990719,0.4656806389744273,0.4641267933140584,0.42144350785547624,0.3904712707480958,0.3693021788888951,0.3530033434267099,0.3468709701746741,0.3394343746500865,0.3077611628682717,0.29493703842722374,0.22884619870891418
0.883548622245872,-1.348044729486896,0.6653939753002829,1.1890745082448106,1.1797349332467169,0.9937068984412546,1.2233060241694942,1.1337523712155508,1.0185091294128392,0.9794129618941334,0.9387832965974735,0.968386428815276,1.021834718055556,0.9334200820676902,0.9992623616146029,1.0401064895168557,1.1015225354064446,1.1096729214976082,1.1138320564678927,1.0809757908614888,1.0329933681072812,0.9827324451668416,0.9215451151664997,0.8673115802002765,0.8370118312998674,0.8093969953679163,0.7539245392483467,0.7371988405653146,0.6985372040338838,0.6795114327440633,0.6523198035200871,0.6286903808007522,0.6178647288772781,0.5847156188640344,0.5543279468584363,0.5397157167128052,0.5405397421750741,0.49947311983691145,0.4623371487998946,0.4747674174857535,0.4439105589580002,0.41454132143675876,0.40908745262886526,0.3871346282687495,0.3217147202558963,0.30029086562291674
0.8746341795308021,-1.3739927255173037,0.7891705796365006,1.2321903930296514,1.1345343610916714,0.7947950228596452,0.7865224399212702,0.7656402808368311,0.6869565810572232,0.5427320234699955,0.5465291305131009,0.5724051216691978,0.6402861652226757,0.7717389048459466,0.9133746727006308,1.0203821537860893,1.0873217752465019,1.1096729214976082,1.1138320564678927,1.089041054702921,1.0329933681072812,0.9698817698768609,0.9036228634360892,0.8499073344437486,0.8196853831791174,0.7742993789670699,0.7359826004725729,0.7186961805296123,0.7048871299195226,0.6795114327440633,0.632391499950231,0.621905254890164,0.6178647288772781,0.5917161051718984,0.5687790268938473,0.5545227322604892,0.5558223319472858,0.546290887025777,0.494277539045131,0.490992838808356,0.46870343592108044,0.45683529097556014,0.43520735687090417,0.43123099793567743,0.4288254475705866,0.41638844935816927
0.8657197368157197,-1.386966723532505,0.7714882075884668,1.3184221625993329,1.3605372218669067,0.9539245233249342,1.0485925904702076,0.903682314728851,0.6869565810572232,0.5912521277393432,0.5955609012736465,0.6219027850624564,0.6402861652226757,0.7717389048459466,0.9706331319766122,1.0401064895168557,1.1157232955663874,1.131806303604698,1.1138320564678927,1.089041054702921,1.0329933681072812,0.9634564322318718,0.8976487795259538,0.8499073344437486,0.8139099004722022,0.7626001735001183,0.7300019542139774,0.7125286271843796,0.6858373522626016,0.6600185837752418,0.6390342678068497,0.6354755067113357,0.5691709263602107,0.5987165914797574,0.5687790268938473,0.5397157167128052,0.5252571524028731,0.5072760810350594,0.47830734392251284,0.4828801281470547,0.4769677282420993,0.439917703160042,0.43520735687090417,0.4400502718690555,0.4377513415134817,0.38959669926541673
0.8033186378101674,-1.386966723532505,0.7272822774683918,1.3184221625993329,1.2701360775568158,0.7152302726270042,0.6991657230716269,0.7196262695394829,0.5922272815270497,0.49421191920064783,0.4974973597525555,0.5229074582759391,0.5448990270144577,0.6100577276241959,0.88474544306264,1.0006578180553265,1.0873217752465019,1.120739612551153,1.1138320564678927,1.0567799993371982,0.9761462487932,0.8863523804919861,0.8259597726043119,0.7744889361654621,0.7446041079892024,0.698254543431895,0.6642148453694608,0.6323504336963375,0.5969383898636396,0.601540036868782,0.559321053527411,0.526913492141982,0.5204771238431435,0.5147107557854347,0.49652362671678246,0.48048765452210074,0.47940938308625936,0.4292464690536131,0.4383818561159617,0.41797844285667946,0.41911768199491994,0.4230001153445118,0.4003808178815148,0.3694960804019683,0.3841959778561366,0.3538743658084218
0.7854897523800152,-0.9977467830763874,0.7184410914443717,0.9303791995357585,0.9085315003164439,0.6754478975106838,0.611809006221976,0.7196262695394829,0.6395919312921364,0.5912521277393432,0.5955609012736465,0.6219027850624564,0.6402861652226757,0.7313186105405107,0.798857754148668,0.8231387964784579,0.8601096126874117,0.8883391004267083,0.8925016578794415,0.8793441948257175,0.8553461202507816,0.822099004042081,0.7960893530536306,0.7744889361654621,0.7677060388168676,0.7567505707666446,0.7300019542139774,0.7248637338748449,0.6921872781482449,0.6795114327440633,0.672248107089948,0.6558308844430907,0.6735147888967821,0.6197180504033394,0.5832301069292583,0.5693297478081627,0.5634636268333809,0.5775027318183578,0.5342030268516821,0.507218260130947,0.5182891898472292,0.4991292605143615,0.4874471653549696,0.5017851894027646,0.5091584930566043,0.45211078281517686
0.8478908513855673,-1.348044729486896,0.8068529516845281,0.9734950843205993,0.8181303560063449,0.9141421482086136,0.8302007983460918,0.673612258242143,0.5922272815270497,0.49421191920064783,0.4974973597525555,0.47340979488268037,0.5448990270144577,0.6908983162350748,0.88474544306264,0.9809334823245638,1.0873217752465019,1.1428729946582428,1.1322762563502633,1.0809757908614888,1.0045698084502392,0.9249044063619278,0.8618042760651329,0.8150988429306927,0.7908079696445369,0.7626001735001183,0.7300019542139774,0.7125286271843796,0.7048871299195226,0.6665162000981808,0.6523198035200871,0.6286903808007522,0.6109084713748413,0.5987165914797574,0.5904556469469688,0.5693297478081627,0.5481810370611799,0.5228820034313443,0.5102477341677492,0.5153309707922482,0.5265534821682598,0.4991292605143615,0.5135670695970086,0.492965915469374,0.49130670517081415,0.4878331162721718
0.7230886533744756,-1.07559077116761,0.7007587193963443,0.8441474299660771,0.8181303560063449,0.31740652146379245,0.8738791567709134,0.627598246944803,0.49749798199687617,0.39717171066195245,0.3994338182314645,0.4239121314894217,0.4495118888062312,0.5696374333187599,0.6843408355967,0.8034144607476951,0.8885111330072973,0.9215391735873427,0.9201679577029973,0.8874094586671496,0.8411343404222619,0.7706963028821587,0.7363485139522638,0.693269122635001,0.6868492809200373,0.6631569270310445,0.6343116140765003,0.6200153270058678,0.6096382416349218,0.601540036868782,0.559321053527411,0.5676242476054872,0.5483021538528955,0.5357122147090166,0.5254257867876043,0.5026981778436163,0.48705067797236523,0.4760642362424787,0.47830734392251284,0.45042928550186134,0.4521748512790191,0.41454132143675876,0.4265007221235537,0.4135924500688962,0.393121871799019,0.34494378244416674
0.7944041950950976,-1.283174739410875,0.7980117656605143,1.1028427386751292,1.1797349332467169,0.9141421482086136,0.611809006221976,0.5815842356474631,0.4027686824667026,0.300131502123257,0.3013702767103648,0.374414468096163,0.40181831970212223,0.5696374333187599,0.798857754148668,0.9217604751322753,0.9879164541268997,1.0211393930692478,1.040055256938409,1.0083884162886112,0.9477226891361606,0.8670763675570141,0.8080375208739057,0.7628861056611128,0.7330531425753718,0.7041041461653688,0.6701954916280521,0.6446855403868073,0.6286880192918428,0.6145352695146599,0.599177660667128,0.5879796253372422,0.5413458963504587,0.5777151325561755,0.5615534868761367,0.5471192244866472,0.5481810370611799,0.546290887025777,0.5102477341677492,0.5315563921148391,0.5265534821682598,0.5075880544221266,0.5048604348496705,0.492965915469374,0.5091584930566043,0.5682083665504294
0.6696019970840059,-1.07559077116761,0.7007587193963443,0.7579156603963957,0.7277292116962539,0.5561007721617224,0.48077393094751114,0.3975281904581032,0.26067473317143386,0.20309129358455302,0.20330673518927386,0.22592147791637815,0.2587376123897953,0.40795625609701636,0.6557116059587094,0.8034144607476951,0.8743103728473546,0.9215391735873427,0.9293900576441841,0.8632136671428561,0.7771813311939196,0.7064429264322536,0.6586854231204906,0.6294535548610678,0.605992523023211,0.5812624887623958,0.574505151490575,0.5460046868630628,0.5524889086641631,0.510573408347618,0.5327499821009266,0.526913492141982,0.5552584113553323,0.5147107557854347,0.5326513268053149,0.5249087011651318,0.5099745626306721,0.5150790422332073,0.5262179292903787,0.4747674174857535,0.4934963128841489,0.5160468483298797,0.522273704344359,0.5194237372695333,0.5002325991137092,0.4431801994509218
0.7141742106593931,-0.9977467830763874,0.8333765097565756,0.5854521212570251,0.41132520661092753,0.35718889658011294,0.43709557252268955,0.3055001678634151,0.1659454336412603,0.05753098077650993,0.10524319366818288,0.12692615112986078,0.2110440432856863,0.32711566748614457,0.5698239170447372,0.7245171178246438,0.8175073322075833,0.8662057183196168,0.8832795579382562,0.8390178756185654,0.7913931110224418,0.7514202899471867,0.7124521783117178,0.693269122635001,0.6868492809200373,0.6690065297645224,0.6522535528522784,0.6508530937320399,0.6350379451774817,0.6145352695146599,0.6257487320936076,0.6015498771584139,0.6039522138723995,0.5777151325561755,0.5543279468584363,0.5397157167128052,0.5405397421750741,0.546290887025777,0.5262179292903787,0.5153309707922482,0.5265534821682598,0.5075880544221266,0.5135670695970086,0.46650809366921475,0.4556031293992592,0.505694283000682
0.6874308825141583,-1.1015387671980177,0.709599905420358,0.8010315451812363,0.8181303560063449,0.35718889658011294,0.48077393094751114,0.3975281904581032,0.3080393829365206,0.25161139785390935,0.2523385059498193,0.22592147791637815,0.3064311814939043,0.40795625609701636,0.6557116059587094,0.7836901250169322,0.8885111330072973,0.9326058646408876,0.9386121575853694,0.8793441948257175,0.7984990009367005,0.7257189393672255,0.6825817587610365,0.6526592158697704,0.6290944538508763,0.5988112969628211,0.5864664440077617,0.5768424535892348,0.5397890568928809,0.5300662573164395,0.5393927499575502,0.5336986180525655,0.534389638848017,0.5287117284011527,0.518200246769904,0.5101016856174583,0.5023332677445662,0.49947311983691145,0.494277539045131,0.490992838808356,0.4769677282420993,0.47375287879107825,0.4613272611129307,0.5017851894027646,0.48238081122793175,0.49676369963642686
0.740917538804628,-0.8680068029243452,0.8864236259006707,0.4992203516873436,0.3209240623008366,0.7550126477433247,0.17502542197375207,0.2134721452687352,0.1659454336412603,0.10605108504585763,0.10524319366818288,0.12692615112986078,0.2110440432856863,0.32711566748614457,0.5411946874067415,0.704792782093881,0.803306572047638,0.8330056451589823,0.8371690582323282,0.8067568202528399,0.7700754412796611,0.7385696146572062,0.7184262622218532,0.7222761988958822,0.7272776598684525,0.721652954365794,0.7060793691796081,0.7001935204939099,0.7048871299195226,0.7119995143587627,0.6788908749465714,0.6965416399066007,0.7013398189065341,0.6967233997898031,0.6916132071948657,0.6803823644157401,0.6780830501249153,0.6789412273942258,0.6779347829552799,0.6856978946794818,0.6918393285887908,0.6852227264850972,0.6528732255545536,0.642893572336939,0.6698245840286271,0.6753753669214395
0.7944041950950976,-1.1534347592588325,0.9483119280687796,0.7147997756115549,0.6825286395412085,0.5163183970454018,0.43709557252268955,0.25948615656607515,0.07121613411108674,0.009010876507162233,0.0562114229076374,0.0774284877366021,0.2110440432856863,0.40795625609701636,0.598453146682728,0.8034144607476951,0.9027118931672402,0.9436725556944323,0.9755005573501104,0.9438663055571658,0.8979814597363406,0.841375016977053,0.8140116047840411,0.7802903514176367,0.773481521523787,0.7509009680331667,0.7240213079553862,0.6940259671486773,0.6731375004913238,0.6795114327440633,0.6523198035200871,0.6354755067113357,0.6456897588870301,0.6197180504033394,0.6049067269823797,0.5989437789035201,0.5863875114916878,0.5618968094220619,0.5661434170969298,0.54778181343743,0.5678749437733897,0.549882023960928,0.5658068780810864,0.5458815590696925,0.5002325991137092,0.5324860330934345
0.7320030960895455,-0.8809808009395512,0.8510588818046094,0.5854521212570251,0.5017263509210266,0.35718889658011294,0.43709557252268955,0.25948615656607515,0.1659454336412603,0.15457118931520533,0.15427496442872837,0.17642381452311948,0.2110440432856863,0.40795625609701636,0.5698239170447372,0.704792782093881,0.803306572047638,0.8219389541054375,0.8463911581735152,0.8148220840942719,0.7629695513654,0.7321442770122147,0.7184262622218532,0.7164747836437035,0.7099512117477066,0.7041041461653688,0.7060793691796081,0.7063610738391426,0.6858373522626016,0.6730138164211243,0.6855336428031902,0.6897565139960125,0.7152523339114125,0.6827224271740802,0.6843876671771552,0.6729788566418982,0.6628004603527143,0.655532343799793,0.6459943927100321,0.6613597626955897,0.6670464516257105,0.668305138669579,0.6789931297965802,0.6517128462703295,0.625195114314177,0.6396530334644319
0.7498319815197104,-1.0626167731524039,0.9306295560207458,0.7147997756115549,0.6825286395412085,0.19805939611483106,0.3934172140978679,0.2134721452687352,0.07121613411108674,-0.03950922776218546,-0.04185211861346228,0.027930824343343413,0.11565690507746833,0.2866953731807015,0.5698239170447372,0.7245171178246438,0.845908852527469,0.8994057914802531,0.9201679577029973,0.8793441948257175,0.8340284505080008,0.7899723158171285,0.7542707656826741,0.7280776141480568,0.7215021771615372,0.698254543431895,0.6881374304038301,0.6693557537677423,0.6540877228344028,0.6535209674523029,0.632391499950231,0.6015498771584139,0.5900396988675259,0.5917161051718984,0.5760045669115579,0.5767332555820047,0.5787462166055928,0.5618968094220619,0.5501732219743116,0.5315563921148391,0.5017606052051795,0.4906704666065964,0.47003389586028116,0.48414664153599596,0.4645290233421543,0.3538743658084218
0.7141742106593931,-0.8290848088787316,0.9659943001168071,0.45610446690250284,0.41132520661092753,0.43675364681275386,0.08766870512410885,0.029416100079375368,-0.1182424649492688,-0.18506954057023717,-0.18894743089509874,-0.17005982922970012,-0.0751173713389761,0.2058547845698297,0.48393622813076004,0.6653441106323519,0.7607042915678095,0.7998055719983479,0.8187248583499577,0.7744957648871171,0.7345459917083607,0.7000175887872644,0.6945299265813073,0.693269122635001,0.7041757290407872,0.698254543431895,0.7000987229210169,0.7063610738391426,0.7112370558051659,0.7119995143587627,0.6788908749465714,0.7372523953701059,0.6943835614040973,0.710724372405526,0.7060642872302767,0.6951893799634136,0.7086482296693281,0.6945471497905106,0.669949685393965,0.6856978946794818,0.6670464516257105,0.6598463447618139,0.6615798603018916,0.642893572336939,0.5984174324855044,0.6307224501001896
1.052923033832351,-1.2961487374260763,1.0720885324049974,0.8441474299660771,0.7729297838512994,0.8743597730922932,0.7428440814964485,0.627598246944803,0.49749798199687617,0.49421191920064783,0.5465291305131009,0.6219027850624564,0.7356733034308937,0.8525794934568184,0.9992623616146029,1.0598308252476185,1.1015225354064446,1.131806303604698,1.1599425561738206,1.1616284292757986,1.146687606735441,1.1176645357116408,1.0828453807401899,1.0645596987742507,1.0391537260419432,1.0141330910395379,0.9991310358506392,0.9839009743746691,0.9588841653451262,0.9394160856616727,0.9313160534981298,0.9340210467770631,0.9308963164869919,0.8927370164098944,0.8939283276906597,0.887680582083211,0.8996806018218781,0.8740152573478249,0.8695771244267321,0.8560648185667156,0.8488608826882911,0.8290222229170314,0.8182992857541252,0.8545561467382006,0.8304906750006624,0.8093341173852022
0.6250297835086187,-0.7901628148331226,0.9483119280687796,0.41298858211766215,0.3209240623008366,-0.04063485458309882,-0.08704472857518537,-0.2006539564073326,-0.26033641424452914,-0.37914995764762793,-0.3360427431767352,-0.31855281940947616,-0.2658916477554121,-0.03666698126279284,0.28353162066482,0.5469980962477751,0.67549973060815,0.7334054256770771,0.7541701587616593,0.7099736541556716,0.6492753127372402,0.6036375241124068,0.5929705001089883,0.6120493091045398,0.605992523023211,0.5929616942293474,0.6044083827835355,0.6015126669701699,0.577888612206723,0.6080376531917209,0.599177660667128,0.5947647512478257,0.5969959563699627,0.5917161051718984,0.5832301069292583,0.5915402711296782,0.6016701012638996,0.5931086542146426,0.6140540024647958,0.5721199454213222,0.5926678207364698,0.6090935813152475,0.6267533213125147,0.6076164766034017,0.616269220371282,0.6217918667359345
0.6606875543689235,-1.1274867632284251,0.8599000678286232,0.28364092776313227,0.18532234583570012,0.5163183970454018,0.08766870512410885,0.029416100079375368,-0.1182424649492688,-0.18506954057023717,-0.13991566013455325,-0.12056216583644143,-0.027423802234867116,0.1654344902643938,0.48393622813076004,0.6850684463631147,0.8601096126874117,0.9326058646408876,0.9386121575853694,0.8712789309842882,0.7842872211081807,0.7064429264322536,0.664659507030626,0.6294535548610678,0.6002170403162916,0.5812624887623958,0.556563212714797,0.5460046868630628,0.5461389827785198,0.5300662573164395,0.5061789106744471,0.506558114410227,0.49960835133582826,0.5007097831697117,0.49652362671678246,0.4952946700697848,0.47940938308625936,0.5072760810350594,0.518232831729064,0.4991055494696457,0.4769677282420993,0.5160468483298797,0.522273704344359,0.5282430112029238,0.5270102809423818,0.559277783186187
0.8924630649609545,-1.1015387671980177,1.0632473463809773,0.6285680060418658,0.5921274952311175,0.6356655223943632,0.3934172140978679,0.25948615656607515,0.1659454336412603,0.10605108504585763,0.15427496442872837,0.22592147791637815,0.2587376123897953,0.4483765504024523,0.6843408355967,0.8428631322092206,0.959514933807014,1.0322060841227927,1.0492773568795943,1.0083884162886112,0.9548285790504192,0.9184790687169386,0.8976487795259538,0.8789144107046258,0.8716647275413633,0.8620434199691922,0.8436342331272368,0.8482148007795244,0.8572853511748866,0.8354542244946308,0.8316745356488302,0.8525995358500478,0.8613337414626143,0.8437336122548716,0.8505750875844166,0.8580665509878534,0.8767567171635712,0.866212296149677,0.853606929304114,0.8804029505506077,0.8901823442934209,0.9051513680868811,0.9140722679749306,0.898652516405141,0.9197496144295626,0.8986399510277022
0.8211475232403325,-0.9588247890307738,1.1074532765010585,0.24052504297829155,0.004520057215510169,0.5163183970454018,0.04399034669928723,0.029416100079375368,-0.07087781518418201,-0.18506954057023717,-0.13991566013455325,-0.07106450244317396,0.02026976686924187,0.24627507887526562,0.5125654577687507,0.6850684463631147,0.7891058118876951,0.8662057183196168,0.8832795579382562,0.8632136671428561,0.8482402303365205,0.8285243416870725,0.8319338565144515,0.8325030886872207,0.831236348592948,0.8093969953679163,0.7957890630584941,0.7927068206724173,0.7874361664328456,0.7964685265569877,0.7718896249392523,0.7508226471912776,0.7569898789260381,0.7457268039448259,0.7494175273365197,0.7322069188326026,0.731572114327624,0.7335619557812282,0.7418155634457639,0.7424868693085559,0.7496893748359702,0.7359754899316636,0.72252630353332,0.7487248595375761,0.7590835234575398,0.7200282837426896
1.1509819036982076,-1.2442527453652612,1.3284829271014464,0.8441474299660771,0.8181303560063449,0.47653602192907435,0.611809006221976,0.4435422017554432,0.3554040327016074,0.300131502123257,0.3504020474709103,0.4239121314894217,0.5448990270144577,0.6908983162350748,0.88474544306264,1.0006578180553265,1.0873217752465019,1.1428729946582428,1.1599425561738206,1.17775895695866,1.2035347260495197,1.2011939250965158,1.1903788911226485,1.192190834322117,1.1777653110079347,1.1603731593764097,1.1307052535396724,1.1319222546602836,1.1176323124861292,1.1083541100581227,1.0774569463437698,1.090078942720515,1.0630652090333201,1.039747228874963,1.0384391280447995,1.0283472297861354,1.0295826148856027,1.0222715201125585,0.9813684902850821,0.9534173465022843,0.9397680982195814,0.9474453376256825,0.9401921722169695,0.9603874339388376,0.9643790841440126,0.9790152013059599
1.186639674558525,-1.283174739410875,1.2223886948132563,0.8010315451812363,0.6825286395412085,0.6356655223943632,0.8302007983460918,0.673612258242143,0.5448626317619629,0.5912521277393432,0.6445926720341919,0.7208981118489738,0.7833668725350026,0.8929997877622543,1.08515005052858,1.1584525039014326,1.2009278565260468,1.2535399051936946,1.2613856555268603,1.2584115953729695,1.2461700655350787,1.226895275676479,1.2083011428530546,1.1979922495742958,1.183540793714854,1.1603731593764097,1.160608484832633,1.1565924680412185,1.1493819419143323,1.1538374243187,1.1438846249099712,1.1511450759157753,1.1326277840577026,1.1307535508771447,1.1323711482749859,1.1319963386198708,1.151843333063243,1.1237100156884265,1.12510024638868,1.131896981050819,1.1298468216031925,1.1335388035964182,1.1491514061532684,1.1103150908064026,1.0982674932873755,1.121904535133965
0.6606875543689235,-0.6863708307114879,1.0013590442128684,0.32675681254798067,0.23052291799074562,-0.31911148039734916,0.08766870512410885,-0.15463994510999265,-0.3077010640096159,-0.33062985337828027,-0.3360427431767352,-0.31855281940947616,-0.2658916477554121,0.0037533130426502343,0.3407900799408065,0.5469980962477751,0.6612989704482073,0.7334054256770771,0.7357259588792887,0.6938431264728103,0.6421694228229816,0.6164881994023873,0.6228409196596697,0.6352549701132424,0.6637473500923721,0.674856132497996,0.6701954916280521,0.6940259671486773,0.6858373522626016,0.6860090490670023,0.6988191785164276,0.7236821435489391,0.7013398189065341,0.717724858713385,0.7132898272479873,0.7173999032849291,0.723930819441529,0.7257589945830913,0.7498006610070787,0.766825001292448,0.7579536671570009,0.7444342838394287,0.72252630353332,0.7487248595375761,0.7233799476859721,0.737889450471187
0.7587464242347803,-0.7901628148331226,1.195865136741215,0.11117738862376936,0.004520057215510169,0.0787122707658626,-0.043366370150356,-0.24666796770467256,-0.40243036353978945,-0.47619016618632337,-0.43410628469783485,-0.36805048280273484,-0.3135852168595295,-0.03666698126279284,0.28353162066482,0.5272737605170088,0.6612989704482073,0.7223387346235324,0.7541701587616593,0.7502999733628236,0.7487577715368803,0.7514202899471867,0.7662189335029492,0.7686875209132874,0.7850324869376176,0.797697789900969,0.777847124282716,0.7742041606367149,0.7747363146615635,0.7704780612652273,0.7652468570826289,0.7711780249230326,0.7639461364284797,0.7527272902526849,0.7566430673542303,0.7470139343802761,0.754495998985931,0.7179560333849434,0.717860270761831,0.7505995799698572,0.7744822517990504,0.7528930777471817,0.7399395730280085,0.7751826813377353,0.7769353113433173,0.7557506171996972
0.8389764086704848,-0.9847727850611814,1.195865136741215,0.3698726973328214,0.36612463445588206,0.15827702099850352,-0.08704472857518537,-0.15463994510999265,-0.26033641424452914,-0.33062985337828027,-0.2870109724161897,-0.2195574926229588,-0.12281094044308509,0.1654344902643938,0.45530699849276934,0.6653441106323519,0.8317080923675261,0.8994057914802531,0.9293900576441841,0.8954747225085817,0.8766637899935599,0.8478003546220421,0.849856108244862,0.8383045039393953,0.831236348592948,0.8269458035683416,0.813731001834272,0.8050419273628869,0.8255357217466878,0.8094637592028703,0.8117462320789693,0.8118887803865378,0.812639938945547,0.8227321533312897,0.8144473874958842,0.8062419965709805,0.8232676529608516,0.8350004513571073,0.8376367341814958,0.8398393972441246,0.8405965903672604,0.8543986046403147,0.8531258247435023,0.8633754206715911,0.857268356829335,0.9165011177561997
1.1064096901228206,-1.2053307513196523,1.3726888572215215,0.4992203516873436,0.2757234901457911,0.5561007721617224,0.17502542197375207,0.25948615656607515,0.07121613411108674,0.05753098077650993,0.15427496442872837,0.17642381452311948,0.3064311814939043,0.529217139013324,0.798857754148668,0.9217604751322753,1.0305187346067282,1.0875395393905187,1.123054156409078,1.1535631654343665,1.1608993865639607,1.1626418992265741,1.148560303751692,1.1399780970525373,1.1200104839387697,1.107726734775138,1.0948213759881165,1.0887493812436462,1.0858826830579302,1.0888612610893011,1.0774569463437698,1.0832938168099315,1.0421964365260048,1.067749174106399,1.0673412881156215,1.0653647686553243,1.0754303842022164,1.0612863261032761,1.0771896610208138,1.075108006421745,1.0802610676770321,1.0997036279653698,1.079498328174502,1.0838572690062434,1.0714898114587028,1.0415292848557074
1.0083508202569638,-0.8550328049091391,1.2135475087892424,0.41298858211766215,0.3209240623008366,0.35718889658011294,0.43709557252268955,0.25948615656607515,0.21331008340634708,0.20309129358455302,0.2523385059498193,0.3249168047028955,0.40181831970212223,0.5696374333187599,0.7415992948726815,0.8231387964784579,0.8601096126874117,0.8772724093731635,0.8925016578794415,0.9196705140328723,0.9690403588789415,1.0084337957468026,1.0350527094590938,1.0413540377655481,1.0564801741626892,1.0609299129073357,1.052956852177969,1.057911614517474,1.0795327571722915,1.0433779468287192,1.037600339204053,1.0425830613464215,1.0213276640186897,1.018745769951381,1.016762507991678,0.9987331986907778,0.9837348455689997,0.9832567141218409,0.9813684902850821,1.0020936104700686,1.0058824367877914,0.9643629254412007,0.957605441711658,0.942748886072069,0.9286755083724577,0.8718482009349497
0.740917538804628,-0.7252928247571014,1.195865136741215,0.06806150383892863,-0.17628223140467175,-0.19976435504838777,-0.08704472857518537,-0.29268197900201254,-0.40243036353978945,-0.5247102704556711,-0.5321698262189258,-0.46704580958925224,-0.3612787859636385,-0.07708727556822874,0.28353162066482,0.507549424786246,0.6612989704482073,0.7334054256770771,0.7726143586440314,0.7502999733628236,0.720334211879841,0.7064429264322536,0.7244003461319929,0.7512832751567595,0.7561550734030371,0.768449776233592,0.7718664780241248,0.7742041606367149,0.7747363146615635,0.7964685265569877,0.7851751606524897,0.818673906297126,0.8195961964479838,0.8157316670234307,0.8361240075490057,0.8506630432140114,0.8614741273913594,0.8584093349515401,0.8695771244267321,0.888515661211909,0.9067109289354705,0.9051513680868811,0.8879523637328915,0.942748886072069,0.9465272962582352,0.9432928678489523
0.81223308052525,-0.6474488366658743,1.3108005550534125,0.06806150383892863,-0.17628223140467175,-0.12019960481573976,-0.1744014454248286,-0.29268197900201254,-0.40243036353978945,-0.47619016618632337,-0.48313805545838034,-0.46704580958925224,-0.3135852168595295,-0.03666698126279284,0.2549023910268293,0.46810075332472034,0.6186966899683788,0.6891386614628979,0.7172817589969182,0.7341694456799622,0.7487577715368803,0.7706963028821587,0.8080375208739057,0.826701673435046,0.8543382794206174,0.8795922281696175,0.8795181106787886,0.879052567505692,0.8890349806030853,0.8939327714010906,0.911387749928269,0.9204507949558963,0.8682899989650511,0.9067379890256124,0.9083794077260705,0.9172946131785579,0.914963191594079,0.9208330245366905,0.941443002478531,0.9209665038571023,0.9315038058985508,0.9305277498101644,0.9227789027222686,0.951568160005447,0.9554531902011303,0.9432928678489523
1.0885808046926682,-0.9847727850611814,1.399212415293569,0.45610446690250284,0.2757234901457911,0.11849464588218306,0.2623821388233953,0.16745813397139525,0.07121613411108674,0.009010876507162233,0.10524319366818288,0.17642381452311948,0.3064311814939043,0.48879684470788815,0.6270823763207186,0.8231387964784579,0.916912653327183,0.9768726288550686,1.0123889571148532,1.0487147354957662,1.0756287075928401,1.098388522776669,1.1067417163807356,1.1225738512960093,1.1315614493526043,1.1369747484425108,1.1247246072810813,1.1257547013150464,1.1557318677999713,1.1278469590269395,1.1239563213401103,1.1036491945416818,1.1187152690528241,1.1027516056457087,1.1034689882041537,1.0949787997506713,1.0830716790883221,1.092498170895857,1.0771896610208138,1.0588825850991426,1.0472038983929213,1.0658684523343336,1.0533784239324633,1.0573994472060841,1.035786235687148,1.0325987014914648
0.9192063931061893,-1.1664087572740387,1.2223886948132563,0.3698726973328214,0.23052291799074562,0.277624146347472,-0.08704472857518537,-0.016597911217972765,-0.1182424649492688,-0.18506954057023717,-0.13991566013455325,-0.12056216583644143,0.02026976686924187,0.24627507887526562,0.598453146682728,0.8034144607476951,0.9453141736470712,1.0322060841227927,1.0584994568207795,1.0325842078129048,0.9974639185359807,0.950605756941889,0.9275191990766352,0.925325732722031,0.8947666583690326,0.8795922281696175,0.8854987569373841,0.8667174608152267,0.8509354252892477,0.8484494571405087,0.8316745356488302,0.8458144099394644,0.8543774839601725,0.8297326396391487,0.8288984675312951,0.828452519892496,0.8385502427330526,0.8271974901589594,0.8376367341814958,0.8317266865828349,0.8240680057252109,0.8205634290092664,0.8182992857541252,0.8369175988714319,0.8215647810577674,0.8271952841136997
0.9013775076760243,-0.9199027949851603,1.284276996981365,0.45610446690250284,0.456525778765973,0.11849464588218306,-0.13072308700000698,-0.10862593381265269,-0.26033641424452914,-0.33062985337828027,-0.2870109724161897,-0.17005982922970012,-0.0751173713389761,0.1250141959589579,0.45530699849276934,0.704792782093881,0.8317080923675261,0.8883391004267083,0.9293900576441841,0.911605250191443,0.9050873496506017,0.9056283934269581,0.8976487795259538,0.9021200717133284,0.9063176237828631,0.9088402418369902,0.9094213419717534,0.9160578875770967,0.9207846100312886,0.9264208530157947,0.9047449820716502,0.9408061726876513,0.9239400589845551,0.9277394479491944,0.9228304877614815,0.9246981209523999,0.9226044864801741,0.9364389469329754,0.9494281000398458,0.9128537931958011,0.9480323905406121,0.9474453376256825,0.957605441711658,0.9251103382053003,0.9197496144295626,0.9343622844846972
1.2222974454188424,-1.386966723532505,1.0102002302368884,1.4477698169538626,1.5413395104870886,0.7947950228596452,1.2233060241694942,1.041724348620871,0.8764151801175788,0.8338526490860904,0.8897515258369281,1.0178840922085346,1.212608994471992,1.458883908038371,1.5432177247364416,1.4543175398628816,1.428140019085137,1.408473579943324,1.3904950547034571,1.3309989699458473,1.2888054050206401,1.2525966262564403,1.226223394583465,1.2037936648264704,1.1950917591286847,1.1896211730437825,1.1725697773498196,1.1565924680412185,1.16208179368561,1.1538374243187,1.1438846249099712,1.1443599500051918,1.1604528140674546,1.1307535508771447,1.1395966882926964,1.1319963386198708,1.144202038177137,1.1393159380847224,1.1330853439499833,1.131896981050819,1.1546396985662728,1.1419975975041834,1.140444771405918,1.1455921865399523,1.0982674932873755,1.1040433684054674
1.4540729560108607,-1.7761866639886272,1.1162944625250724,1.5771174713083849,1.6317406547971878,1.3915306496044664,1.3543410994439589,1.3178084164049189,1.1606030787080994,1.1734933789715327,1.2820056919213005,1.4633630627478715,1.5941575473048724,1.8226665567873015,1.8295100211163537,1.7896312472858564,1.7547575027638267,1.7072742383890414,1.66715805293902,1.6455442597616512,1.5943586713338194,1.5417368202810087,1.4890830866294784,1.441651690165675,1.4087846192845912,1.3826580632484564,1.3579698113661869,1.3354515150530006,1.333529792597895,1.3292730650380888,1.2900255177556113,1.2868475941274722,1.292621706613778,1.2567623044186362,1.2479797885582937,1.235645447453606,1.2206149870381526,1.2095425888680098,1.2209214171244003,1.213024087663797,1.187696867850372,1.1758327731352196,1.166564675647957,1.1808692822734896,1.160748750887603,1.13083511849822
1.3203563152846993,-1.283174739410875,1.2665946249333375,1.2753062778144921,1.2701360775568158,1.0334892735575751,1.0049142320453783,0.857668303431511,0.7816858805874052,0.6882923362780472,0.7916879843158284,0.9188887654220174,1.021834718055556,1.2972027308166205,1.4287008061844737,1.414868868401356,1.3713369784453633,1.3642068157291447,1.335162455056344,1.3309989699458473,1.3385466344204602,1.336126015641315,1.3337569049659237,1.3430276308786901,1.3394788268015954,1.324162035913707,1.346008518849,1.3416190683982334,1.3462296443691772,1.335770681361028,1.3232393570387142,1.3411286014121488,1.3343592516284084,1.319766681189372,1.3274607287530693,1.3318910485134996,1.350517000101888,1.3265870068401737,1.316742587860132,1.3266020369219564,1.3199255449867922,1.3196322695671538,1.305870831605502,1.2778812955407362,1.258933584259411,1.2915856190547226
1.4897307268711781,-1.4907587076541398,1.33732411312546,1.14595862345997,1.0441332167815804,1.4710953998371072,1.0922709488950293,1.0877383599182109,0.9711444796477523,0.9308928576247857,1.0368468381185645,1.2158747457815782,1.4033832708884364,1.5801447909546789,1.7149931025643859,1.6515608971705131,1.5701476206845677,1.5302071815323206,1.5288265538212378,1.5245653021401866,1.537511552019738,1.5224608073460368,1.5189535061801598,1.5170700884439616,1.5127433080090908,1.5054997206514293,1.4835633827966288,1.4958079020290804,1.4795780879676157,1.4852158567886564,1.476023017740973,1.4700459937132577,1.4734844016771684,1.4667768936544456,1.4502949090540878,1.435540157347235,1.4422125387351155,1.4280255024160418,1.412563758595864,1.3996164328736216,1.4108327605180941,1.4042202086447686,1.4103504485736453,1.4101704045415324,1.357118417631206,1.3451691192402275
1.4629873987259434,-1.3739927255173037,1.3108005550534125,1.2321903930296514,1.089333788936626,0.9539245233249342,1.0485925904702076,1.0877383599182109,0.9711444796477523,0.9794129618941334,1.08587860887911,1.2158747457815782,1.3556897017843275,1.5801447909546789,1.6291054136504137,1.5529392185166992,1.5133445800447938,1.4638070352110497,1.455049754291754,1.4681084552501702,1.4806644327056595,1.4903341191210842,1.4950571705396138,1.4880630121830845,1.4838658944745062,1.4762517069840524,1.4656214440208508,1.483472795338615,1.4922779397388979,1.4917134731115953,1.4893085534542152,1.4904013714450126,1.4804406591796102,1.4877783525780275,1.4936481491603306,1.4947682195379395,1.4804190131656232,1.490449192001203,1.5083849293315843,1.488856250147889,1.476947099086304,1.4803493538146064,1.4712968918050737,1.4895438699420103,1.4285255691743288,1.3987526194257327
0.81223308052525,-1.1145127652132236,0.9925178581888546,0.4992203516873436,0.36612463445588206,0.3969712716964334,0.3934172140978679,0.07543011137671533,-0.1182424649492688,-0.23358964483958486,-0.18894743089509874,-0.12056216583644143,0.02026976686924187,0.40795625609701636,0.7702285245106721,0.961209146593801,1.044719494766671,1.0764728483369739,1.0492773568795943,0.9761273609228885,0.8766637899935599,0.8092483287521004,0.7781671013232201,0.7686875209132874,0.7619305561099523,0.7567505707666446,0.7479438929897555,0.7557015006010169,0.7493366111190035,0.7444875959734668,0.7187474820862885,0.7643928990124443,0.7500336214236013,0.7527272902526849,0.7494175273365197,0.76182094992796,0.7774198836442379,0.756970839375661,0.7737559536910117,0.7424868693085559,0.7579536671570009,0.778269459470465,0.7921793815120863,0.7928212292045039,0.7412317355717497,0.7289588671069446
0.9816074921117288,-0.9458507910155678,1.2223886948132563,0.3698726973328214,0.09492120152560113,0.8345773979759656,0.2187037803985737,0.16745813397139525,-0.023513165419095237,-0.08802933203153315,-0.04185211861346228,0.027930824343343413,0.2110440432856863,0.5696374333187599,0.8274869837866586,0.9414848108630381,1.0021172142868424,1.0322060841227927,1.0031668571736678,0.9761273609228885,0.9548285790504192,0.9570310945868804,0.9693377864475915,0.9833398852437896,0.9987253470935281,1.008283488306064,1.0110923283678217,1.0147387411008368,1.0350832759728104,1.0173874815369586,1.0243148034908107,1.0357979354358382,1.0421964365260048,1.053748201490681,1.0528902080802105,1.0579612608814823,1.0525064995439095,1.076892248499572,1.069204563459499,1.0507698744378529,1.0802610676770321,1.0489508645188155,1.0359651544377748,1.0750379950728528,1.0714898114587028,1.0415292848557074
1.3203563152846993,-1.4777847096389338,1.24007106686129,1.1890745082448106,1.1345343610916714,0.7550126477433247,0.917557515195735,0.8116542921341711,0.6395919312921364,0.5912521277393432,0.6936244427947375,0.8198934386354999,1.021834718055556,1.2972027308166205,1.485959265460455,1.4937662113244072,1.499143819884851,1.4748737262645946,1.455049754291754,1.4197168722015863,1.3882878638202802,1.355402028576287,1.3337569049659237,1.3198219698699876,1.2990504478531804,1.29491402224633,1.2802214100044835,1.2737759816006609,1.270030533741493,1.2577992854857465,1.2700972141857552,1.2461368386639622,1.2439279040967106,1.2637627907264903,1.2624308685937047,1.265259478548953,1.2741040512408723,1.2719662784531711,1.2688320024922661,1.237362219647689,1.2620754987396128,1.2519619183050692,1.2449243883740737,1.2602427476739675,1.2500076903165158,1.2558632855977276
1.3381852007148516,-1.3610187275020975,1.301959369029399,1.2321903930296514,1.1345343610916714,0.9141421482086136,0.611809006221976,0.7196262695394829,0.5922272815270497,0.5912521277393432,0.6936244427947375,0.8198934386354999,1.021834718055556,1.2972027308166205,1.485959265460455,1.4345932041321188,1.4139392589251942,1.408473579943324,1.3997171546446425,1.3874558168358635,1.3740760839917607,1.3618273662212763,1.3576532406064696,1.3546304613830393,1.3452543095085108,1.341710844114132,1.340027872590409,1.3416190683982334,1.3398797184835338,1.335770681361028,1.329882124895333,1.3139880977698106,1.313490479121093,1.3127661948815181,1.3130096487176584,1.309680525191984,1.319951820557486,1.2719662784531711,1.2927872951761992,1.2454749303089787,1.2786040833816623,1.2857970939361176,1.279750927363463,1.2602427476739675,1.2232300084878431,1.22014095214072
1.2490407735640645,-1.1923567533044463,1.346165299149474,0.9734950843205993,0.9085315003164439,0.7152302726270042,0.611809006221976,0.5355702243501231,0.3554040327016074,0.300131502123257,0.3994338182314645,0.5229074582759391,0.6879797343267846,1.054680964984005,1.2282961987185337,1.2767985182860129,1.300333177645649,1.2646065962472395,1.2706077554680455,1.2422810676901084,1.2461700655350787,1.2525966262564403,1.262067898044286,1.2560064020960502,1.275948517025515,1.2656660085789573,1.2742407637458923,1.2922786416363634,1.2827303855127752,1.283789750777507,1.2900255177556113,1.3139880977698106,1.2508841615991475,1.2847642496500722,1.2841074886468262,1.2726629863227952,1.2588214614686712,1.2875722008494561,1.252861807369648,1.2617003516315697,1.2620754987396128,1.235044330489551,1.2275111188793852,1.2426041998071988,1.178600538773393,1.1486962852267175
1.2936129871394644,-1.2442527453652612,1.2754358109573514,1.0597268538902884,1.0441332167815804,1.1528363989065364,0.8302007983460918,0.8116542921341711,0.6395919312921364,0.5427320234699955,0.5955609012736465,0.7208981118489738,0.8787540107432206,1.2567824365111846,1.4287008061844737,1.414868868401356,1.3713369784453633,1.3531401246755999,1.335162455056344,1.3068031784215537,1.2888054050206401,1.291148652126382,1.2919383175949675,1.3024177241134596,1.3048259305600955,1.3124628304467554,1.310124641297444,1.3231164083625309,1.3081300890553351,1.3487659140069104,1.3165965891820908,1.3275583495909822,1.313490479121093,1.3127661948815181,1.3274607287530693,1.3244875407396575,1.3275931154435812,1.303178123245741,1.316742587860132,1.3184893262606554,1.3116612526657732,1.3111734756593887,1.305870831605502,1.3131583912742861,1.303563053973861,1.2915856190547226
1.516474055016413,-1.607524689790976,1.3108005550534125,1.4908857017387034,1.4961389383320431,1.0732716486738956,1.1359493073198508,1.1337523712155508,1.0185091294128392,1.0279330661634811,1.183942150400201,1.3148700725680955,1.5464639782007634,1.7418259681764297,1.7722515618403722,1.7107339043628051,1.6127499011643962,1.5744739457464998,1.5749370535271658,1.5810221490302028,1.6014645612480778,1.5995648590859224,1.5727202613713869,1.5518785799570176,1.5242942734229215,1.5113493233849031,1.4835633827966288,1.4896403486838479,1.4922779397388979,1.4527277751739522,1.4494519463144935,1.4293352382497524,1.4178343416576644,1.4177734894994178,1.4069416689478447,1.391119110704204,1.3963647694185017,1.3734047740290392,1.3726382707893128,1.3671655902284396,1.352982714270903,1.336549857382672,1.340697370594879,1.3131583912742861,1.258933584259411,1.2469327022334726
0.972693049396659,-0.8939547989547527,1.125135648549086,0.5423362364721843,0.546926923076072,0.5958831472780428,0.17502542197375207,0.2134721452687352,0.07121613411108674,0.05753098077650993,0.10524319366818288,0.17642381452311948,0.3541247505980133,0.6908983162350748,0.9133746727006308,0.9809334823245638,1.0021172142868424,0.9879393199086135,0.9755005573501104,0.9358010417157336,0.9264050193933799,0.9377550816519084,0.9633637025374561,0.977538469991615,0.9929498643866087,1.0024338855725863,1.0110923283678217,1.0147387411008368,1.0223834242015282,1.0173874815369586,1.0243148034908107,1.02901280952525,1.0143714065162528,1.018745769951381,1.016762507991678,1.0135402142384513,1.0143000251134016,0.9988626365181258,0.9973386854077003,0.9858681891474776,0.9893538521457419,0.9897393071644839,0.9924319807010349,1.0309416254059247,1.0090085538584754,1.0236681181272098
1.5521318258767176,-1.6334726858213835,1.399212415293569,1.2753062778144921,1.2701360775568158,1.0334892735575751,1.1796276657446725,1.041724348620871,0.9711444796477523,0.882372753355438,0.987815067358019,1.1663770823883195,1.4033832708884364,1.6609853795655578,1.7722515618403722,1.730458240093568,1.6837537019641127,1.674074165228405,1.6579359529978348,1.6455442597616512,1.6298881209051197,1.6059901967309138,1.584668429191662,1.5576799952091922,1.5416207215436712,1.534747734318802,1.525427906606772,1.5389807754457179,1.5494272727096565,1.5242015547262948,1.5225223927373135,1.4904013714450126,1.5291344616966724,1.4947788388858816,1.5008736891780412,1.5021717273117814,1.4880603080517292,1.4826462308030552,1.4924147342089662,1.4645181181639968,1.4686828067652735,1.4549729720913231,1.4364703528156844,1.4542667742084605,1.4285255691743288,1.41661378615423
1.400586299720391,-1.3739927255173037,1.2223886948132563,1.14595862345997,1.1345343610916714,0.9937068984412546,1.0922709488950293,0.9496963260261909,0.8764151801175788,0.9308928576247857,1.0368468381185645,1.2158747457815782,1.3556897017843275,1.5801447909546789,1.6577346432884044,1.5529392185166992,1.4849430597249083,1.4306069620504154,1.4089392545858277,1.411651608360154,1.4309232033058394,1.4325060803161704,1.4353163314382469,1.4242474444091513,1.4145601019915106,1.4119060769158291,1.4117956276935169,1.3971270485053404,1.3906791255686537,1.4007468445904314,1.3763814998916735,1.381839356875659,1.376096796643034,1.347768626420818,1.34191180878848,1.3392945562873415,1.350517000101888,1.3421929292364585,1.3327127829827503,1.3184893262606554,1.2951326680237236,1.2773383000283525,1.2971641968581515,1.2867005694741267,1.2410817963736207,1.229071535504975
1.0796663619775857,-1.2183047493348538,1.2223886948132563,0.6716838908267142,0.5921274952311175,0.9141421482086136,0.3497388556730463,0.2134721452687352,0.07121613411108674,0.009010876507162233,0.0562114229076374,0.17642381452311948,0.3541247505980133,0.7313186105405107,1.0565208208905894,1.1781768396321954,1.2293293768459326,1.2424732141401498,1.2337193557033044,1.17775895695866,1.118264047078399,1.0791125098416992,1.0589490450996397,1.0529568682699015,1.0449292087488586,1.0550803101738622,1.046976205919378,1.057911614517474,1.047783127744088,1.0628707957975407,1.0575286427739137,1.0765086908993433,1.0700214665357568,1.0747496604142628,1.0817923681510324,1.0949787997506713,1.12127815351883,1.1237100156884265,1.141070441511298,1.1400096917121203,1.1546396985662728,1.1419975975041834,1.1491514061532684,1.163230734406721,1.1518228569447206,1.1576268685909599
1.4897307268711781,-1.6853686778821986,1.3284829271014464,1.3184221625993329,1.2249355054017623,0.9141421482086136,1.0922709488950293,0.9957103373235309,0.8764151801175788,0.8338526490860904,0.9387832965974735,1.1168794189950522,1.3079961326802185,1.6205650852601148,1.7149931025643859,1.7501825758243308,1.6979544621240554,1.6630074741748602,1.6579359529978348,1.637478995920219,1.6014645612480778,1.5545874955709893,1.5249275900902952,1.4996658426874336,1.4665394463537562,1.4528532960501535,1.4416988589864814,1.4341323685767406,1.416078829111218,1.4267373098821918,1.4162381070313952,1.422550112339169,1.4387031141649798,1.4107730031915637,1.4141672089655553,1.4059261262518774,1.4040060643046075,1.4436314248123376,1.4045786610345492,1.415841854196224,1.4108327605180941,1.4042202086447686,1.4103504485736453,1.4189896784749105,1.392821993402761,1.4344749528827276
1.3649285288600865,-1.3739927255173037,1.355006485173494,1.14595862345997,1.089333788936626,0.7152302726270042,1.0049142320453783,0.7196262695394829,0.5448626317619629,0.5912521277393432,0.6936244427947375,0.8198934386354999,1.021834718055556,1.2567824365111846,1.514588495098451,1.4543175398628816,1.428140019085137,1.408473579943324,1.3904950547034571,1.3955210806772926,1.4024996436488,1.4003793920912202,1.3934977440672907,1.3836375376439207,1.3799072057500106,1.3709588577815048,1.3699311038833695,1.378624388469638,1.384329199683015,1.3877516119445534,1.3498104284651937,1.3411286014121488,1.376096796643034,1.326767167497236,1.320235188735369,1.3244875407396575,1.3275931154435812,1.303178123245741,1.3007723927375139,1.2941511942767632,1.2786040833816623,1.2604207122128344,1.2449243883740737,1.207327104073649,1.1875264327162756,1.1576268685909599
1.115324132837903,-1.0496427751372026,1.452259531437664,0.5423362364721843,0.2757234901457911,0.277624146347472,0.13134706354893047,0.07543011137671533,-0.1182424649492688,-0.23358964483958486,-0.18894743089509874,-0.12056216583644143,0.11565690507746833,0.529217139013324,0.8274869837866586,1.0006578180553265,1.1015225354064446,1.131806303604698,1.1322762563502633,1.1051715823857824,1.0827345975071012,1.0855378474866884,1.1067417163807356,1.1109710207916559,1.1315614493526043,1.1428243511759844,1.1546278385740416,1.150424914695986,1.1874814972281744,1.179827889610465,1.1903839999063115,1.1850707054687017,1.2021903590820802,1.2007584139557543,1.1974010084343505,1.1986279085844067,1.2053323972659515,1.2173455500661576,1.23689161224703,1.1967986663411945,1.220754037134483,1.218126742674021,1.2362177536267234,1.207327104073649,1.1964523266591707,1.2112103687764648
1.052923033832351,-0.9977467830763874,1.2754358109573514,0.6285680060418658,0.456525778765973,0.5163183970454018,0.2187037803985737,0.16745813397139525,-0.023513165419095237,-0.03950922776218546,0.007179652147091912,0.12692615112986078,0.2587376123897953,0.6100577276241959,0.9706331319766122,1.0598308252476185,1.1015225354064446,1.1096729214976082,1.0769436567031516,1.0487147354957662,1.02588747819302,1.0212844710367854,1.0350527094590938,1.0529568682699015,1.0622556568696087,1.078478721107761,1.0828600834709339,1.1010844879341115,1.1176323124861292,1.1213493427040004,1.1040280177702542,1.1307896981840202,1.1395840415601393,1.1307535508771447,1.1395966882926964,1.1393998463937023,1.1671259228354438,1.1393159380847224,1.1490555390726127,1.1400096917121203,1.179432575529353,1.1927503609507497,1.157858040900619,1.163230734406721,1.1696746448304982,1.1486962852267175
1.4719018414410132,-1.4129147195629173,1.3726888572215215,1.3615380473841736,1.3153366497118613,0.6754478975106838,1.2233060241694942,0.9957103373235309,0.829050530352492,0.8338526490860904,0.987815067358019,1.1168794189950522,1.260302563576101,1.499304202343807,1.6291054136504137,1.5923878899782247,1.5133445800447938,1.4748737262645946,1.464271854232941,1.4761737190916024,1.494876212534179,1.5096101320560562,1.5070053383598847,1.5054672579396082,1.4896413771814214,1.487950912451004,1.48954402905522,1.483472795338615,1.50497779151018,1.5047087057574777,1.4693802498843542,1.4971864973556008,1.4804406591796102,1.4527759210387277,1.4502949090540878,1.442943665121077,1.4422125387351155,1.4436314248123376,1.436519051279797,1.415841854196224,1.4108327605180941,1.4295965903680399,1.4451769875630347,1.3837125827413732,1.3392666297454159,1.30944678578322
1.4897307268711781,-1.5426546997149548,1.540671391677814,1.01661096910544,0.9085315003164439,0.8743597730922932,0.9612358736205566,0.7656402808368311,0.5922272815270497,0.5427320234699955,0.6445926720341919,0.7703957752422412,0.9741411489514471,1.3376230251220635,1.485959265460455,1.572663554247462,1.541746100364682,1.5302071815323206,1.54727075370361,1.540695829823048,1.5517233318482602,1.548162157926,1.5309016740004349,1.5228715036961362,1.5069678253021714,1.4996501179179516,1.4955246753138114,1.4958079020290804,1.4922779397388979,1.4722206241427738,1.476023017740973,1.4632608678026742,1.4873969166820469,1.4667768936544456,1.471971529107209,1.4577506806687506,1.4574951285073163,1.4592373472086224,1.4604743439637298,1.4401799861801161,1.4686828067652735,1.44651417818357,1.4451769875630347,1.4101704045415324,1.4017478873456561,1.3808914526972225
0.9905219348268114,-1.2961487374260763,1.187023950717195,0.7147997756115549,0.7277292116962539,0.47653602192907435,0.17502542197375207,0.029416100079375368,-0.07087781518418201,-0.18506954057023717,-0.13991566013455325,-0.02156683904991527,0.1633504741815773,0.5696374333187599,0.9706331319766122,1.0992794967091442,1.186727096366104,1.2092731409795134,1.206053055879747,1.1454979015929372,1.0756287075928401,1.0212844710367854,0.987260038178002,0.9659356394872616,0.958296968145113,0.9380882555043629,0.9273632807475272,0.928392994267562,0.9144346841456452,0.9329184693387337,0.9246732856415111,0.9204507949558963,0.9378525739894336,0.9347399342570534,0.9372815677969026,0.9543121520477469,0.9684522557967878,0.9832567141218409,0.9733833927237787,0.9696427678248751,1.0058824367877914,0.9981981010722489,1.0098452501957358,1.0221223514725468,1.0179344478013577,1.0325987014914648
1.0618374765474334,-0.8680068029243452,1.3108005550534125,0.6285680060418658,0.546926923076072,0.3969712716964334,0.17502542197375207,0.12144412267405529,-0.07087781518418201,-0.13654943630088084,0.007179652147091912,0.12692615112986078,0.2587376123897953,0.6100577276241959,0.9420039023386215,1.0006578180553265,1.0163179744467852,1.0100727020157032,0.9847226572912957,0.9761273609228885,0.9903580286217196,1.014859133391794,1.0589490450996397,1.0877653597829533,1.1026840358180237,1.107726734775138,1.1307052535396724,1.144257361350749,1.1684317195712535,1.1603350406416435,1.1505273927665898,1.1579302018263635,1.1326277840577026,1.1377540371850086,1.1468222283103968,1.1616103697152178,1.1594846279493378,1.1471188992828594,1.165025734195231,1.1562351130347113,1.1463754062452423,1.1589151853197015,1.1926845798899959,1.163230734406721,1.116119281173153,1.077251618312715
1.5521318258767176,-1.7891606620038334,1.4345771593896304,1.1890745082448106,1.1345343610916714,1.2721835242555048,1.0922709488950293,0.9496963260261909,0.7816858805874052,0.7853325448167426,0.8897515258369281,1.0673817556017933,1.3079961326802185,1.539724496649243,1.7722515618403722,1.7896312472858564,1.740556742603884,1.7404743115496757,1.713268552644948,1.7020011066516674,1.6796293503049398,1.6381168849558643,1.584668429191662,1.5576799952091922,1.5300697561298366,1.5113493233849031,1.48954402905522,1.483472795338615,1.4795780879676157,1.4592253914968958,1.4693802498843542,1.476831119623846,1.4595718866722949,1.4457754347308636,1.4575204490717983,1.4503471728949084,1.4574951285073163,1.4358284636141896,1.452489246402415,1.415841854196224,1.4108327605180941,1.4126790025525218,1.419057083320996,1.427808952408301,1.3749702055169837,1.3362385358759725
1.4629873987259434,-1.348044729486896,1.33732411312546,1.14595862345997,1.089333788936626,1.113054023790216,1.0485925904702076,0.903682314728851,0.829050530352492,0.8338526490860904,0.987815067358019,1.1168794189950522,1.3079961326802185,1.6205650852601148,1.6577346432884044,1.5923878899782247,1.499143819884851,1.452740344157505,1.4089392545858277,1.4358473998844477,1.4664526528771398,1.4839087814760952,1.4890830866294784,1.5054672579396082,1.4896413771814214,1.4938005151844778,1.5015053215724026,1.4958079020290804,1.4859280138532591,1.5047087057574777,1.4826657855975918,1.4836162455344293,1.4665281441747318,1.4807778662701636,1.471971529107209,1.465154188442582,1.4574951285073163,1.4514343860104744,1.476444539086348,1.415841854196224,1.4273613451601437,1.4295965903680399,1.4103504485736453,1.4101704045415324,1.3392666297454159,1.3719608693329801
1.0885808046926682,-1.2442527453652612,1.2754358109573514,0.8872633147509178,0.7729297838512994,0.15827702099850352,0.5244522893723328,0.2134721452687352,0.023851484345999954,-0.08802933203153315,-0.04185211861346228,0.0774284877366021,0.2587376123897953,0.6908983162350748,1.0565208208905894,1.1781768396321954,1.2151286166859898,1.2314065230866031,1.2244972557621174,1.17775895695866,1.1253699369926602,1.0919631851316798,1.07687129683005,1.0877653597829533,1.0795821049903584,1.0726291183742873,1.0649181446951559,1.064079167862711,1.0604829795153703,1.0628707957975407,1.0508858749172902,1.0629384390781766,1.0839339815406352,1.067749174106399,1.074566828133332,1.0653647686553243,1.0677890893161213,1.0690892873014242,1.069204563459499,1.0669952957604438,1.0554681907139518,1.0743272462420987,1.0533784239324633,1.048580173272706,1.062563917515808,0.9790152013059599
1.6323618103124222,-1.8151086580342408,1.452259531437664,1.5340015865235441,1.5413395104870886,1.0334892735575751,1.3106627410191374,1.0877383599182109,0.9237798298826656,0.9794129618941334,1.08587860887911,1.2653724091748368,1.4987704090966545,1.7822462624818656,1.9440269396683165,1.868528590208911,1.7973597832436579,1.7404743115496757,1.7317127525273186,1.7423274258588193,1.7506882494475382,1.7344969496307219,1.698176023484256,1.6737083002527093,1.645579410268167,1.6166421725874507,1.5912150154512927,1.582153648862355,1.5621271244809387,1.5761824853098203,1.5158796248806947,1.5243270009979393,1.5221782041942358,1.4737773799623095,1.4647459890894985,1.465154188442582,1.4727777182795283,1.4436314248123376,1.428533953718482,1.4077291435349228,1.4108327605180941,1.3873026208292385,1.3929371790789569,1.3748933088079827,1.3660443115740886,1.3719608693329801
1.1331530182680554,-1.0885647691828162,1.3726888572215215,0.5854521212570251,0.546926923076072,0.7152302726270042,0.17502542197375207,0.16745813397139525,-0.023513165419095237,-0.13654943630088084,-0.04185211861346228,0.12692615112986078,0.2110440432856863,0.6908983162350748,0.9992623616146029,1.1387281681706698,1.2009278565260468,1.187139758872424,1.1876088559973765,1.1454979015929372,1.1111581571641407,1.098388522776669,1.100767632470596,1.1283752665481839,1.1315614493526043,1.1428243511759844,1.1546278385740416,1.1689275747316838,1.181131571342531,1.2058183549022254,1.2036695356195537,1.1782855795581135,1.2717529341064626,1.2287603591871903,1.2407542485405936,1.235645447453606,1.2358975768103644,1.2563603560568752,1.2608469049309627,1.2454749303089787,1.2786040833816623,1.2857970939361176,1.2884575621108012,1.269062021607358,1.2500076903165158,1.26479386896197
1.5788751540219526,-1.672394679866997,1.4168947873416027,1.1890745082448106,1.089333788936626,1.3119658993718255,1.0485925904702076,1.041724348620871,0.9237798298826656,0.882372753355438,1.0368468381185645,1.2158747457815782,1.4033832708884364,1.7014056738709937,1.8295100211163537,1.809355583016619,1.7547575027638267,1.7072742383890414,1.6856022528213905,1.6778053151273737,1.6725234603906787,1.6445422226008557,1.6145388487423433,1.5866870714700694,1.5762736177851713,1.5639957479861748,1.5493504916411454,1.5636509888266528,1.5430773468240178,1.5761824853098203,1.5358079284505557,1.5378972528191062,1.5639157492088662,1.5297812704251914,1.5225503092311525,1.5021717273117814,1.510984192710036,1.5216610367937728,1.540325319576832,1.472630828825298,1.4686828067652735,1.4888081477223714,1.4712968918050737,1.4807245960086197,1.4820809328316737,1.4344749528827276
1.5343029404465653,-1.7502386679582198,1.4876242755337254,1.4477698169538626,1.4057377940219522,0.9141421482086136,0.8738791567709134,0.8116542921341711,0.6395919312921364,0.6397722320086995,0.7426562135552829,0.9188887654220174,1.1172218562637741,1.458883908038371,1.686363872926395,1.6910095686320423,1.6837537019641127,1.674074165228405,1.6763801528802054,1.6697400512859417,1.658311680562159,1.6252662096658836,1.5786943452815265,1.5460771647048388,1.518518790716006,1.4996501179179516,1.4835633827966288,1.4711376886481453,1.4922779397388979,1.4397325425280743,1.456094714171112,1.4429054900709193,1.4178343416576644,1.4177734894994178,1.4141672089655553,1.4059261262518774,1.4040060643046075,1.396813657623472,1.3886084659119309,1.3671655902284396,1.352982714270903,1.3450086512904371,1.3232841011001906,1.3396162130744453,1.3124889479167434,1.3273079525117302
1.124238575552973,-1.1793827552892402,1.4345771593896304,0.5423362364721843,0.456525778765973,0.5163183970454018,0.13134706354893047,-0.016597911217972765,-0.16560711471435557,-0.28210974910893255,-0.18894743089509874,-0.07106450244317396,0.11565690507746833,0.5696374333187599,0.9133746727006308,1.0992794967091442,1.1583255760462159,1.176073067818879,1.1783867560561911,1.1616284292757986,1.13958171682118,1.1240898733566322,1.1246639681111419,1.1399780970525373,1.1315614493526043,1.1369747484425108,1.1307052535396724,1.144257361350749,1.13668209014305,1.140842191672822,1.1505273927665898,1.1511450759157753,1.1395840415601393,1.1447545234928627,1.1540477683281074,1.1616103697152178,1.1671259228354438,1.1705277828772922,1.165025734195231,1.1400096917121203,1.1546396985662728,1.1589151853197015,1.157858040900619,1.1985078301402583,1.160748750887603,1.1397657018624623
1.5253884977314829,-1.607524689790976,1.514147833605773,1.01661096910544,0.8633309281613984,1.1528363989065364,0.8302007983460918,0.8116542921341711,0.6869565810572232,0.6397722320086995,0.7426562135552829,0.9188887654220174,1.1172218562637741,1.3780433194274995,1.6291054136504137,1.6515608971705131,1.626950661324339,1.618740709960681,1.5933812534095364,1.6052179405544962,1.6014645612480778,1.593139521440931,1.560772093551116,1.5576799952091922,1.535845238836756,1.5171989261183767,1.5194472603481806,1.5143105620647828,1.4986278656245366,1.5306991710492384,1.5025940891674525,1.4836162455344293,1.5013094316869204,1.4737773799623095,1.471971529107209,1.472557696216424,1.4804190131656232,1.4748432696049072,1.4684594415250332,1.4482926968414058,1.4438899298021932,1.438055384275805,1.4277637180683338,1.4542667742084605,1.4463773570601062,1.4344749528827276
1.427329627865626,-1.4907587076541398,1.461100717461678,0.7579156603963957,0.5017263509210266,1.0334892735575751,0.7428440814964485,0.627598246944803,0.49749798199687617,0.39717171066195245,0.4974973597525555,0.6714004484557151,0.926447579847338,1.2972027308166205,1.485959265460455,1.5332148827859364,1.5133445800447938,1.4859404173181394,1.4734939541741263,1.4842389829330316,1.4735585427913984,1.4710581061861145,1.4592126670787928,1.4474531054178539,1.4376620328191758,1.4236052823827807,1.4237569202107034,1.4217972618862753,1.4033789773399359,1.4072444609133703,1.402952571318153,1.3954096086968257,1.369140539140597,1.375770571652264,1.3708139688593122,1.3689085873826885,1.3657995898740998,1.3577988516327544,1.3806233683506162,1.3266020369219564,1.3447184219498722,1.3450086512904371,1.3842305443316065,1.3307969391410548,1.3124889479167434,1.3719608693329801
0.9994363775418939,-1.2053307513196523,1.4080536013175828,0.28364092776313227,0.14012177368065465,0.35718889658011294,-0.043366370150356,-0.24666796770467256,-0.44979501330488464,-0.5732303747250187,-0.5321698262189258,-0.41754814619599356,-0.21819807865130308,0.24627507887526562,0.7415992948726815,0.9809334823245638,1.1015225354064446,1.120739612551153,1.1322762563502633,1.089041054702921,1.0400992580215398,1.014859133391794,0.9932341220881373,0.9891413004959683,0.9871743816796935,0.9790354746386872,0.9811890970748612,0.9653983143389667,0.9842838688876906,0.9719041672763767,0.9578871249246094,0.9747318022405731,0.9656776039991856,0.9837433384120762,0.9950858879385566,0.9913296909169358,0.9837348455689997,1.0066655977162737,1.0133088805303299,0.9939808998087674,1.0141467291088222,1.0235744827955322,1.018551884943074,1.0397608993393155,1.062563917515808,1.0236681181272098
1.4095007424354737,-1.4648107116237323,1.4168947873416027,0.8441474299660771,0.6825286395412085,0.9937068984412546,0.7865224399212702,0.627598246944803,0.5448626317619629,0.49421191920064783,0.5955609012736465,0.7703957752422412,0.9741411489514471,1.3376230251220635,1.514588495098451,1.5332148827859364,1.5133445800447938,1.4748737262645946,1.464271854232941,1.451977927567309,1.45224087304862,1.4453567556061533,1.4412904153483823,1.4300488596613259,1.426111067405341,1.4060564741823554,1.4117956276935169,1.403294601850573,1.4097289032255749,1.4007468445904314,1.383024267748292,1.3886244827862424,1.3621842816381604,1.375770571652264,1.3780395088770228,1.3689085873826885,1.3734408847601949,1.3656018128308913,1.3566680756666831,1.3266020369219564,1.3281898373078227,1.328091063474919,1.340697370594879,1.321977665207664,1.3303407358025334,1.2558632855977276
1.498645169586248,-1.6204986878061773,1.6379244379419906,1.01661096910544,0.9085315003164439,0.7947950228596452,0.48077393094751114,0.4435422017554432,0.3080393829365206,0.300131502123257,0.3994338182314645,0.5229074582759391,0.7356733034308937,1.1355215535948768,1.485959265460455,1.5529392185166992,1.5701476206845677,1.5744739457464998,1.5749370535271658,1.5729568851887734,1.5730410015910385,1.56743817086097,1.5368757579105703,1.5228715036961362,1.5127433080090908,1.4996501179179516,1.4835633827966288,1.483472795338615,1.4795780879676157,1.4722206241427738,1.4494519463144935,1.4632608678026742,1.4595718866722949,1.4247739758072817,1.4141672089655553,1.4133296340257195,1.4040060643046075,1.3734047740290392,1.3806233683506162,1.3752783008897294,1.3447184219498722,1.3534674451982023,1.3842305443316065,1.3660740348746045,1.3303407358025334,1.3005162024189776
0.9637786066815766,-0.9977467830763874,1.4080536013175828,0.3698726973328214,0.2757234901457911,-0.04063485458309882,0.04399034669928723,-0.29268197900201254,-0.49715966306997145,-0.6217504789943751,-0.5812015969794714,-0.46704580958925224,-0.2658916477554121,0.1654344902643938,0.6843408355967,0.9217604751322753,1.0021172142868424,1.0432727751763375,1.0584994568207795,1.000323152447182,0.9548285790504192,0.9249044063619278,0.9394673668969101,0.9543328089829124,0.9640724508520282,0.9731858719052136,0.9871697433334525,0.9962360810651388,1.0160334983158894,1.0173874815369586,1.0243148034908107,1.02901280952525,1.0630652090333201,1.046747715182817,1.0528902080802105,1.0579612608814823,1.0677890893161213,1.0690892873014242,1.0612194658981957,1.0507698744378529,1.0306753137508717,1.0489508645188155,1.079498328174502,1.0397608993393155,1.0447121296300304,1.0325987014914648
0.972693049396659,-0.764214818802715,1.4257359733656165,0.24052504297829155,0.2757234901457911,0.11849464588218306,-0.08704472857518537,-0.24666796770467256,-0.44979501330488464,-0.5732303747250187,-0.48313805545838034,-0.36805048280273484,-0.1705045095471941,0.2058547845698297,0.6270823763207186,0.8231387964784579,0.916912653327183,0.9326058646408876,0.9293900576441841,0.903539986350011,0.883769679907821,0.8927777181369753,0.9334932829867748,0.9833398852437896,1.0102763125073586,1.0375315019734368,1.0649181446951559,1.0764142745531764,1.0858826830579302,1.1018564937351791,1.1239563213401103,1.11043432045227,1.1604528140674546,1.1307535508771447,1.1395966882926964,1.1393998463937023,1.1594846279493378,1.1627248216791553,1.165025734195231,1.14812240237341,1.1546396985662728,1.1419975975041834,1.166564675647957,1.1544114604733304,1.125045175116048,1.1040433684054674
1.400586299720391,-1.2961487374260763,1.461100717461678,1.01661096910544,0.9085315003164439,0.5958831472780428,0.5681306477971544,0.5815842356474631,0.45013333223178936,0.4456918149313001,0.5465291305131009,0.6714004484557151,0.926447579847338,1.2567824365111846,1.4000715765464828,1.4345932041321188,1.3997384987652488,1.3752735067826893,1.372050854821085,1.3713252891530021,1.3882878638202802,1.4068047297362094,1.4114199957977012,1.441651690165675,1.4318865501122604,1.435304487849728,1.435718212727886,1.4341323685767406,1.441478532653778,1.4462301588510134,1.4295236427446325,1.4632608678026742,1.4456593716674164,1.4247739758072817,1.4213927489832658,1.428136649573393,1.4498538336212214,1.4280255024160418,1.4445041488411003,1.3915037222123319,1.3943041758760328,1.4042202086447686,1.3929371790789569,1.3925318566747513,1.4106737812885386,1.363030285968725
