0,1,2,3,4,5,6,7,8,9,10,11,12,13,14,15,16,17,18,19,20,21,22,23,24,25,26,27,28,29,30,31,32,33,34,35,36,37,38,39,40,41,42,43,44,45,46,47,48,49,50,51,52,53,54,55,56,57,58,59,60,61,62,63,64,65,66,67,68,69,70,71,72,73,74,75,76,77,78,79,80,81,82,83,84,85,86,87,88,89,90
-27.40142728386956,4.671457503354631,-4.553322236340886,12.517688313635414,-0.30366604217893983,-0.06270999218091497,-0.3993222661188994,0.39901283234222873,1.9369463989072204,-0.5632792110133794,-0.4212416425952652,-0.058570371456557024,0.6199665155467563,1.0888433188306275,-0.005685307574716948,-0.25090082026616983,0.12925491809940876,-1.317232282358242,-0.13201929571275792,0.008641231526379864,0.41496621843840614,0.5482038066025496,0.1226679066705532,0.5990914406696636,0.09385339026793754,0.15985706992761828,-0.24715120504209348,-0.2801010196388742,-1.184129108617685,-0.47118696731825843,0.1133811479314996,0.9219601681739085,0.5485984628796998,0.5112112019888725,-0.6014146662634308,-0.5388608392248895,0.06797121878814301,0.3331255453218741,0.20911622266928917,-0.04355049040591044,-0.2986479845920334,0.718344050591338,0.30947510238820414,0.022790178180107576,0.5665186545695703,0.3766365243530583,-0.6882539095059591,0.18433881055390383,0.2622240888853051,-0.35337087195213146,-0.24507451464228447,-0.4836603392407317,0.8667320130630702,-0.816398717905267,-0.08026704781528693,0.681830531657406,-1.1076701583158601,-0.2814783978944596,0.3897017539386731,-0.04748502847097609,0.6278467463680583,-0.6234474345314645,0.5598966257299708,0.1510884240689744,-0.5522684681242664,0.26990344707878716,-1.3166702178814447,-1.8456848360901232,0.4306582204806038,-0.10517941030126261,0.6056938123678968,0.7914504729420587,0.4718454101783919,-1.2075851065165406,0.6682240234772353,-0.09276686752134346,-0.6035301241310509,-1.3293632441873426,0.3239058144259663,-0.30808057473695477,0.429489961706993,0.6035199209941053,-0.5066578095390248,-0.010363248296218158,-0.45057207380588077,1.827220534157428,-0.9442156193633549,-0.23067812158768433,-1.6923901993524149,-0.10483572188853821,0.008993178167250034
-27.09572511077234,4.866012946565324,-5.602682111415136,13.05387146667619,-0.035440618979585094,-0.2778444753632451,-0.5682344438817776,-0.1314889467078461,1.604803062788567,0.14839456908005005,-0.4393383250519253,0.0694453771065117,-0.09476727045124816,0.6217957570286264,-0.6874193156202694,0.5234198452312538,0.1463609118278113,-0.34438356540513654,0.07929764703270048,-0.20825960187375264,0.30654792220048976,-0.48918879089488587,-0.13449067745660007,0.29370388024181177,-0.46211149237237487,-0.36367587703035825,0.13593859991714918,0.36471237633716247,-0.9528620441129612,-0.08947896386977587,0.2685697040124744,0.6028753719270683,0.7116268451471317,0.6817967450974503,-1.1540903393335449,-0.6519196109572987,0.06428554215751267,0.018319031071813686,-0.2787678510039502,0.19593489063012182,0.1155544037563476,-0.10014599361129405,-0.2713387673878672,0.02503582832968349,1.1538754883373383,0.10414726009481844,1.5565797720902241,0.5939684298719115,-1.1527056911225135,-2.2253584609785233,-0.27065355904783783,0.06090983646736279,-1.4875891237360994,0.05468271532500413,0.28830864070215656,0.7490923637207212,1.4404090198907844,-0.8426130957884446,0.7178850284328666,-0.3249838250328231,-0.8588209119021974,0.33962472517681963,0.3555473506010989,1.247807522029467,1.0318864202747093,0.5903978221043762,-0.6395251721840557,-0.7432638477752795,0.19043319291617503,0.23626853553767224,-0.21440871816039309,-0.6974146920427232,0.7920198062755001,0.1563740508287052,1.943577256627012,-0.3920461831204533,0.4497647527796769,-0.6854385531959823,0.024198465117106684,-0.23456541248995774,0.9221888823415628,1.4156065361226176,-1.2808053915521358,0.10738021970856101,-0.39348385358129795,-0.2820985586978442,-0.5393553590562843,-0.482387355004266,-0.5642967205962809,0.3760110340216722,-0.48559184907382863
-26.606059082369722,4.831443871676346,-5.053538542010658,12.389119525763713,-0.11521168430700969,0.5674358082138544,-0.36398962223460307,-0.4201097108723017,1.189788871420243,-0.1385189334074285,-0.6455983532272708,0.3139453257722352,0.44313371113409017,1.2193062588555983,-0.13112819236478096,0.1030885084324914,-0.1097932986067928,-1.5084368532090209,-0.0005914828095879611,-0.2099356763889544,0.1746322067791343,-0.3067427779609117,-0.5741888021016779,0.9343178068187203,-0.23354058923969548,-0.12055477596689887,-0.24611480133228256,-0.7049755700502435,-0.9031286573798003,-0.440100901736216,-0.07549161591962886,0.20015885440582967,-0.14929281669473912,0.3774294303927991,-1.4369580007295835,-0.6039213234575219,0.45323179712493894,0.34847456546561334,-0.27137232138304923,-0.29274979768496245,0.7161764402172452,0.11916833513086754,-0.5941800275159286,-0.16280459425877594,1.9900314009678686,0.07542172243082955,0.15893137582186864,-0.35641255787302706,1.0857524812783041,0.495667419833443,0.2095407118127506,1.0181021452063186,-0.8552815809099399,-0.39409874524221983,0.72632885331998,-0.1333180090424132,-0.45628193032435926,-0.9940489260606318,-0.012973751513438232,0.3671226710320995,-0.5033107822880656,0.38732324751865943,-0.3429473458765197,0.4944721991426175,0.866066300165111,0.08989093135326084,0.7711477985898291,0.4989284999623985,0.36807445287209634,0.3455168414858977,0.19018898682279115,-0.19249896828510024,-0.12240288063920961,0.907472947681627,-0.3282631382565036,-0.23237200877575728,-0.7206000450802474,0.5669103175957201,-1.0733834405379938,0.5089280585454422,0.044077584339856576,0.2708690959534091,-0.04754519243327122,0.37022354290841003,1.4072321769092546,0.8982485990232296,0.9319055220742981,0.6367764609459067,0.30571387290722657,-0.5481105876207223,0.8892252401079935
-26.741733523329707,4.940502590495458,-4.553134589514319,12.717632038269787,-0.2605512517093223,0.0035960357981441146,-1.0041154706476212,0.2713608518572493,1.5115187287897163,-0.09072543433396757,-0.49849074847380404,-0.13183294017299485,-0.521474154802137,0.5259102372579625,-0.03466253118617685,-0.14807457954769487,-0.0026692084292378976,-0.668272307561296,-0.3021392616968635,-0.10727167093183534,-0.9941378074630265,0.5501512639849119,-0.1706679902650733,1.1193038608062864,-0.2693523120890826,-0.9649112045148287,-0.33310784616837197,0.19155317475805164,-1.733721525495277,0.38597181635977257,0.6429174268373272,0.6890412588938633,-0.4841475406237972,-0.351200527628458,-0.4082830810007887,-0.13460636291525752,0.8682561144101836,-0.18015416777781304,0.02403249236928764,-0.6746544398571216,0.5140427920950266,0.29565091615449757,-0.6931604581575656,-0.5878493693330801,1.390860163948379,0.22257364778652325,-0.05607091650645139,-1.212065206909781,0.9801770104045139,0.6468810836745932,-0.5738468761416239,-0.5010615191382966,-0.7000386648934759,0.6268115708420737,-1.2142376545730906,0.34359294604858215,-0.7468803663076138,0.27853369527219374,-0.8469713429323598,-0.2748898009602324,0.17048916147493018,1.3426793881942103,0.33379285412661036,-0.3695404435329099,0.6575078769378873,-0.49756981468582856,0.4354505189570011,0.8532951471457428,-0.3359648817019623,-0.13391970781045157,-0.7153772025499449,1.0158479694725364,-0.28625698220669316,-0.22123009767321405,0.3875329277856162,-0.6484852194416192,0.5305508275512929,0.27471326530291773,0.5256276441006545,-0.5941599372396393,1.254512442436106,0.20365356232405657,0.5615434670354618,-0.8319720272529352,0.3835154185557748,-1.391611900518129,-0.8743350032489328,-0.6438332416064582,0.9464609708812473,0.08518630342866564,1.480713470632061
-27.467106611849303,5.332728706058523,-5.463916985238516,12.963532418949818,-0.3952696477449703,0.840024395214148,-0.4700343370577324,-0.145715675150408,2.152604052492123,-0.20113988455854853,-0.2836518064708802,0.2563462936298869,0.6568158444270172,1.0555123745518313,-0.24772935385220105,0.3040785230436754,-0.15962726400159394,-0.8469435534334695,0.020104539542155544,-0.16197435620095454,-0.5509759636593898,0.42716327024390544,0.10424485870688326,0.8426115484287988,-0.7906290250289179,-0.07285239777442887,-0.8159464552873896,0.0931883927023004,-0.8651328283648425,-0.02392632678318098,0.6738320913972644,0.6447713395000447,0.13675978250768328,0.07173686520213307,-1.1400733027719374,-0.3103986399995185,0.7196065605012806,-0.5778639615555737,0.3079561278737195,-0.3212688353993016,-0.024281697453579127,0.4907621736063506,-0.6248695008076827,-0.21070980034078432,1.655125205646713,0.09729345508819083,-0.5187317979489752,-0.6713935788819076,-0.8498199927302603,0.3362526700507513,0.12828623014068508,0.48526168065875575,0.5156247896199195,-0.036128468017600585,0.5173150169296723,0.3528375709587986,-0.23497904333146527,-0.027274548581579783,0.2748970568256145,0.08125775109977898,0.6761097730497448,-0.5324705046260221,-0.10551119383313988,-0.33764667701619144,-0.9130811024035741,-0.05734840910412461,-1.112667979033867,0.6450865486588189,0.8775276608923526,0.2538637281448713,0.860842733196469,1.1109941795962386,-0.718499680053308,-0.07846924351796773,-0.5420621321634154,0.8102943731681934,0.18164241989209057,-0.8302541690372142,0.5176501601612161,0.20903026499872857,-0.10777198655551319,0.4825193093239588,-0.6479226194842566,-1.1202336461975477,0.3772723295126868,0.5453550656181373,0.6124094101545895,1.2955405824426272,0.07634575538290905,-1.018533857166059,0.12196373794091103
-27.274554269625167,4.788480987028249,-5.1862430003637625,12.67607246289703,-0.8416410191369041,0.2490319996621042,-0.6276100226269017,0.2343531593896561,1.5053572565529783,-0.6561219398823782,0.4012448673482787,0.3784471118094109,-0.3936758136463545,0.9606647215788726,-0.08579028286579532,0.19825740675954145,-0.08271914245928177,-1.2117109651482143,0.419446917106179,-0.3965882392482909,-0.914242101841719,0.8328843796508549,0.07058949091892477,0.5390835453949074,0.09062639040244966,-0.6368301863442583,0.11353565411302302,-0.32170994985768475,-0.3475871561393835,-0.369750918414188,0.681495488429406,0.4895547183737657,0.7298956166711263,0.2827253911543726,-0.4841420029057032,-0.5620211847471467,0.37000130739743,-0.15573041149081993,0.1955159444345203,-0.21699474850986603,-0.4981948675957373,0.06457948091791525,0.4066585689967887,-0.1127980856595238,1.0967166415238951,0.34684033020746763,-0.06484308584159565,-0.8137481514153344,0.41846984381206287,-0.5924614640638659,0.8428925885665881,1.5898931021410918,0.0008032516091936567,-0.4906760705820135,0.5546124170186014,0.3315741701346774,-0.28963774714081725,0.3773749062140088,-0.7980086973361539,0.6030308905893256,-0.4149134598682504,-0.16999627404920897,-0.4132250911997067,-0.03288266929919355,-0.6695670596374275,-0.6672390190689598,0.2495744678323547,1.75737102356888,0.350536358456272,-0.4088374730474412,-1.0937356933274107,-0.2705292416787717,0.5173149718808101,1.68401212296032,0.48287880912253683,0.9802696435551836,-0.4304613137469384,1.0231739738251262,0.05857721381062694,0.2654515233834156,-0.3937085106361581,0.7955226885272977,-0.3682600858253863,0.6729209356695663,-0.9800409469262119,0.047498310003529824,0.22246409526727107,0.4107548959523267,0.32377064547272094,0.3602816219830442,-1.3743664377952622
-27.320849651624407,4.741790238467197,-4.71869647760751,12.628938097890924,-0.6713800452915683,0.7679813296873007,-0.24871930616781376,-0.478438762607426,1.6054718363708247,-0.4774149361437569,-0.6839551055049984,0.06401032452922244,0.5040976280400515,1.7120643371117186,-0.6609776558131338,0.0305464633742529,0.16687063113514988,-1.124019028892161,-0.066435435778473,-0.5253610163028823,-0.5065758793063933,0.4581922835585388,-0.07980422886551923,0.7529837898680064,0.010497314699694345,-0.1473935392207275,-0.19565130545791476,-0.14857765001458204,-0.9663735246706359,0.12155673364082432,0.32819859204535196,0.32207726602151593,0.23342114142782763,0.5020741381743036,-0.3624529975138668,-0.714585750813168,0.4322450014612149,-0.2042370566339883,-0.11133139129549952,-0.36354289843984783,0.14352076623624457,0.15127356281178114,-0.581748403812757,-0.486988517209618,0.5440042894207155,-0.3369914104927848,1.049567482223318,-1.213391387150623,-0.16401858690898075,-0.38702613628638005,0.24403198870157133,-0.3774199073111464,-0.0659254697766102,0.7622004016674938,0.015206329777455162,-0.28043182881427475,-0.28062189226936335,-1.335881304573816,-0.11955655011807959,-0.7237138201252745,0.026057473223407592,-1.4787633181681972,-0.1618591449093057,0.939660074650979,-0.6996546889904336,0.16947842215923312,-0.33153573813643167,-0.3228834150733056,0.30833732901784283,0.4475163752961308,0.18954239163660158,-0.1709609315943971,-1.3088947981427237,1.5754721031041867,-0.3494458151685745,-0.9097499610379556,0.31882244586899666,0.47594665827043997,0.030184683953177856,1.03358606247785,-0.17743269184451865,-0.23583112181099233,-1.150867758350569,0.15435392580441418,0.645480463963567,-0.903086785657593,0.4689870794840981,-0.5320713294465094,-1.1633107877932718,0.12140259668326474,0.7118572587066888
-27.47469353525508,4.750022071561364,-5.209936810237707,12.253142661556375,-0.44821821547716445,0.3930996058127162,-0.46840637542845254,0.4224247078177204,1.5663209551772415,-0.2990828498648889,0.03838334016322547,0.513873019988373,0.3142806471148168,0.8371377749508849,-0.019433900301511903,0.9257678386192112,0.30655126213331996,-1.5394888477748252,0.12042706742753209,-0.38855914386625207,-0.22319376886749523,0.30861803743961247,-0.00268137959804568,0.2347973201840684,-0.8299570002524086,-0.07066146613000478,-0.33113750789147545,-0.41634983458211,-0.8069030028143982,0.37389040158890313,0.23209958263063946,-0.06516857817901019,0.3475850737124685,1.1664099361378535,-0.7189990430844113,-0.1742015476114657,0.37010457607223196,-0.7357151912488045,0.3981607256277634,-0.3108307711643389,0.12887443448121172,0.35132244698970827,-0.8957484985073078,-0.06547354923017285,1.5198265965800972,0.10413559423505264,0.00725312929782908,0.006530035902122864,-0.8049807546325018,-0.12317201336116052,0.25882790421748225,-1.007315513491427,-1.3573219099563558,0.9824099628637495,-0.03262818909714707,0.5300161203676474,0.6189307194751417,0.9911750640983918,-1.1479228900464395,0.1373759373565146,0.11313942077641963,-0.8702282822195757,0.04161495745989227,0.023428676850728313,1.3651013977563233,1.3288614427288001,-0.07099093140857951,0.4696634302329122,0.41895482395233297,0.024990203449304974,-0.012199324177691416,-0.8096880288928463,0.5094327284384433,-0.27062157743530946,-0.6914442320477745,-0.9266998434862151,0.8788776772302714,0.16869956688340554,-1.9612480985888454,0.8072185146288036,0.6924422931815333,-0.05615660067825966,0.8587605067908693,-0.9331172379109807,0.5068229841727196,0.3302438017591783,-0.37397113226637607,-0.40063325684779727,0.2934078193590411,0.038697519604169034,1.0285454359930808
-27.31751911033554,4.4501660546022075,-4.944694833235712,12.142859275894905,-0.7571858015086312,-0.06379081048063405,-0.19136064890625906,-0.5650712370593914,1.4431446085344488,-0.17855160339243342,-0.5538149434081904,-0.09347582474615197,0.6119653933616207,1.2088335857649326,-0.35661949774664603,0.32533942903487156,0.3528734467438959,-0.9256334023677051,-0.0801869891419006,-0.7279534956711855,0.16123712015870148,0.22318077054360533,-0.0771831425471705,0.9153961995547943,-0.531202416603763,-1.052995955673215,-0.5063278448300491,-0.43332493880485495,-1.1359509442809967,-0.07748688166352358,0.44692726846667,0.10756707312140096,-0.24641509134200934,0.43378456379759833,-0.9573554915370436,-0.7112758398955393,0.7055777272958166,-0.04538076752793562,0.0787247435553175,0.4046512689459443,-0.26552754183925703,0.1386094420390143,-0.6479224908841115,-0.2140527078443717,0.6123028753881354,-0.23999087384101275,0.450435006960976,0.2801338792433471,0.4262112008833324,-0.8091846364683118,-1.071723177140408,1.6930739669534731,0.37505335641995047,0.5528567886156129,-0.5504317744242282,0.8978716062710589,0.4728254484079574,-0.2828766811594316,1.1351440848584633,-0.11611463173613323,-0.17243622993990904,-0.6263575736600502,-0.30716475451616115,-1.6415000361017134,0.6001677193583024,-0.03525866330616107,0.14145507111425976,0.3083212773020635,0.4280687965419419,-1.4849565883241358,-0.4095642178528401,-0.32687903262656076,-0.9044641323078509,0.2738362878590324,0.040484623936766086,-0.10478895690474777,-0.6600633894055539,0.4921399252881508,-0.33240634372111144,-0.8387906082040991,-0.5451356631886759,-0.6604748498167115,-0.09714646498283946,-0.2741700952584311,0.40259564440803086,0.20136068692727335,-0.765674065488056,0.07043169918074861,-0.7129576702824643,1.0237488381712674,0.028048219061695284
-27.7328529397077,4.2748144563341475,-4.866853640671844,12.079693947117642,-0.7358002454148324,0.2234815890928027,-0.5614487836040323,0.15675177550456632,1.5938667211235809,-0.40540690039003147,-0.33843821227732984,0.4492138647942452,0.24068088015673036,1.0901413463408622,-0.1470628772350487,0.9496561899862089,-0.055060553603335,-0.8043897665686615,0.2322813913069698,-0.44765830586873767,0.6354322377134545,-0.006150233663767578,-0.32266018173061756,0.8625447617261418,-0.24465524232288915,-0.4200206326021228,-0.3589980131146581,-0.23347221728522308,-0.868127869701638,-0.03978064853709481,-0.3305801021257956,0.4475048728306958,0.3275277790492031,0.939021821123977,-0.4957283660412729,-0.5326044430583752,0.013095784636226983,-0.4835278009266698,0.4070098441503107,0.6793551320260671,0.1262751373680174,0.14632895756125885,-0.06152425213950014,-0.0591570786317585,0.028732159736117396,-0.00206600074058094,0.6858302692532025,-0.11873624458922584,-0.3519197756724824,1.29878828860057,-0.05122234551076587,-0.5724310148861053,0.7476948286476818,-0.08981279008470767,-0.29192723591482084,-0.6062496531221222,0.1239171427864256,0.1015633743304697,0.04496227156939046,-0.618719462120868,-0.26228769099916366,0.9048240029537938,0.326189104487402,0.14166114339729244,0.5049020695451224,-0.5450289174394126,1.3332175566806774,0.2090245866450778,-0.37708624361293436,0.5450189886696283,-0.46647236265466396,1.0673091536805532,0.6717401506773597,0.2895589195514204,0.8237126657374102,0.39083547374940164,-1.2184525760041207,0.13252683188523368,0.16142412112683702,1.1245581922335581,-0.5413670097049206,-0.011992765361514612,-0.5378123280049751,0.5843858206357373,-0.2692055921470565,-1.6099252255050471,-0.53410200595513,0.40440957917074355,0.9608635789950888,-0.41179701961433585,1.2306113855241518
-26.793208129688512,4.613133459594128,-5.508206933222747,12.556774973493837,0.16580793772160315,0.331380259147148,-0.39777626571447944,-0.16637029112892318,1.9743159847395322,-0.19367971296171632,-0.7860641525313558,0.31135496989540584,-0.24157244062295247,1.21135673571733,-0.5931689165825601,0.729791255584315,0.10256073195777325,-1.3168066296858414,0.37477045813278387,-0.5845887042399964,-0.17466324395657634,0.7137733710808487,-0.27667176773451363,1.330943466076191,-0.12333456917334833,-0.7648635913696722,-0.269154391283796,0.04068067825422471,-0.7903125515017397,0.21080019679198866,-0.09007887986074266,0.3115685859989496,0.6044208354670804,0.6135210294307384,-0.6228441960940099,-0.1843659156100625,0.4628221665550165,0.02887992760690576,-0.13329519023936862,-0.1552757382700593,-0.07891930008292074,0.4863589194907125,-0.2241363002135141,0.24763487129178022,0.9938043768176468,-0.1818210716166486,0.31533341833465867,-0.31653172273152413,0.5681320729770513,-0.6087980366257982,0.5081249736739533,1.150927824318944,-0.12170795911934951,-0.6368122167032354,0.7890285582931412,0.7376160859809818,-0.21454546237393332,-0.2151682479342016,0.3471512460060203,0.4715836427564685,0.6270687952894436,0.10377750190061101,0.46289973007592156,-0.8143389769178103,-0.06436567620629921,-0.13346017193054352,0.43780383376558485,0.01764770602798151,-0.8021285831659429,1.120588251165736,-0.8090711105218197,0.2923500765410937,0.22721663686357293,-0.7266395328401792,0.08581672041015254,0.15409034431910681,-1.2395469175625404,-0.6383984388053465,-0.47922048146118473,0.19991164177769544,0.1661330368716176,-0.510239211037053,-0.3494126166027367,0.1451323778584721,-0.39067209098818484,0.5141337797738869,0.1234071615795505,1.1007568939696755,0.11693487793029247,0.6374419878414003,-0.2178908069795002
-26.450791828863263,4.682838063661007,-4.287654063404337,12.537473687340551,0.11795406842411452,0.7288631941307686,-0.5278237203424639,-0.14915056786625006,1.4030905302149044,-0.05390624473213909,-0.18672911689351465,-0.009626655972214586,0.1358657209600204,0.9385178960960212,-0.03579871855612761,0.45000044091918556,0.4568474728886045,-0.482498162913372,-0.39594219124822394,-0.5731116726221086,-0.30202684097454524,0.10227829858145589,-0.41074040521013094,0.9417825816279619,-0.519710188679971,0.21159956487395268,-0.281480320790593,-0.21585861107686982,-0.6201669439355518,-0.5379677383721166,0.008770455147295584,0.8618909427281832,0.34897437228434763,0.3964809208053333,-0.7592458338737782,0.26809432161160723,0.9076496729333627,-0.17222571983314472,-0.06989518300526841,0.5701653104982551,0.7445499055628207,0.05415656998229265,-0.21035508961284718,0.18839812517208743,1.4547909808648811,1.4173338619007283,-0.7211506292523578,-0.28448384440643504,-0.17608430305777445,-0.33159954975193145,0.6865246328376524,-0.9749491411481135,0.18034822402014572,-0.39734443130901304,-1.368239986276669,-0.40899562536348805,0.6617833520011467,-0.8251592428368303,-0.44003680529016337,-1.1580147914200054,-0.29010413391140455,0.6585261208867148,0.25699934448836376,-0.6849589042833399,0.5544974427755824,-1.0551103308229508,1.2405119075865703,-0.46561261815403254,0.00026284054165359575,0.43805926729688155,-0.3289167514580649,-0.2732945449038168,-1.0261351241549146,-0.5168347889054763,1.028616166019297,-0.21281650112699493,-0.024956731492880146,-0.9638380813185803,1.0795801672264629,-0.9961105359334256,0.26031221768104623,1.6031607036477555,-0.41192377599739394,1.1460519373616331,-0.24686246583918123,0.9911769946805338,-0.18594950638616087,-0.6826149877691592,1.0497496305930463,0.43872565315523626,-0.6939671893676935
-27.38128846496433,4.487327016540213,-5.442205517106857,12.70165159186979,-0.09573358507568432,0.611965070940655,-0.5575188014414209,-0.08436089318487924,1.20905659358692,-0.3098538352513351,-0.6695714447355077,-0.7016833574510027,-0.25524209181048885,1.1417160743700558,-0.2570969266973445,0.2709105123157575,-0.5021284659166826,-0.9845252873730544,0.13077106668006622,-0.2790389279686274,0.14180858941932806,0.41267016175418025,-0.06249259173939823,0.2273206030478036,-0.22441897750647177,-0.6163588470684191,-0.5926099702586599,-0.12538042590360077,-0.8294429165763394,0.06853196953302326,0.042547683024885215,0.8738278581065738,0.32670576135330714,0.8857284793088529,-0.8458551631219162,0.015579815847872878,0.05744914331847034,-0.5349161621803956,-0.1203097856970597,0.019448992815770966,-0.2107844411399153,0.2689094622269786,-0.5327737168172164,-0.3462335394913451,0.6190914955411974,-0.8155061024327405,0.6470501740886633,0.922253131290764,-0.5045339762643811,-0.6564302303364775,0.640404405635813,1.0924188007175373,0.31053121886502133,0.11248830043150085,0.025086770667426154,-0.07549894973549676,0.050381828128354636,0.6560828880406671,0.09810753738000715,-0.07912348835696226,1.057180326197393,0.1712893503519948,-0.02918871033643248,1.615657822020282,0.33987524204173736,1.0902314398336719,0.0650265795787642,-0.16543294568310396,-0.9774739657179189,0.202534277662283,-1.0475589799431444,-0.6992648677359348,0.2874706453937313,-1.011542126142094,0.17591761488840274,0.36381951300099175,0.08715727129006405,-0.1290189598041833,0.8241662182566404,0.36632441616295147,0.18531926685444525,-0.14331263150214335,-0.6030460271776582,0.41808036941456744,0.6864551535164345,0.6870707286048613,0.5515404025218462,1.7530014527105642,0.4389959932489342,-0.3488625563991485,-2.326945911844122
-26.84003986852462,4.621612462390254,-5.752774926465111,12.424420436364043,-0.11711228919459944,0.2283495081324046,0.005249095984199974,-0.2635789291603003,1.5949368544117346,-0.32553649197748297,-0.2819205887137727,0.37871130865663016,0.06907676213021506,1.2678497761170673,-0.4962202451611011,0.4438969750163997,0.11139244402556493,-1.4468642735778146,0.1873096068522178,-0.19371002459040004,0.006963392943243474,0.8466517190861202,-0.4791639080263523,0.2960379051449084,-0.6510758744019838,-1.1023056846618011,-0.24576102416838091,-0.8280278098541625,-0.5145726789827053,-0.08825554127331772,-0.21929146502309033,0.6762673933221947,-0.08882611107584992,0.6070268580291763,-0.6924373702235007,-0.13127303525796286,-0.13981249031099408,-0.15496242955577968,0.05458846992509364,0.46414611276960477,-0.30897803969225507,-0.7853410059785118,0.17936905906228504,-0.9951480984455016,1.407249760506151,0.3513120548063874,-0.843762066577744,-0.6151663210741479,0.21324179309164765,0.07920050497131703,0.5923066841461787,-0.3414674126555766,0.14376381639473265,0.30666058887992664,-1.1805684013757114,0.11670192411501389,0.853397365220911,0.6885640233791482,0.5496512989975333,0.25466813550270817,-0.14572641832594402,-0.24959212027272673,0.5690397663539108,0.10674466260234622,0.14383054220469108,0.137690705198076,1.0870346714138253,-0.12255624417098447,0.43918573054598453,-0.5091614076144044,-0.15573985270697777,-0.2362290557454081,-0.756130573262453,1.2508165000227862,0.01966156374699208,0.12085035255539456,0.5944646570580896,0.2177420872387258,-1.0978730675020252,0.3687268886470405,-0.8427587912800868,-0.42379507904332553,-0.019125863255582326,1.1333587258766027,0.2918967191231033,-0.6249575529874299,1.1199982781801516,0.2619556123777042,0.33652347063007376,0.5271522556597834,-0.5260193125085958
-27.285795969184974,4.992683169729665,-4.936940352265588,13.060126167485274,0.17836111658923462,0.08433533129129986,-0.2586279480837889,-0.5788880907996352,1.3520646968089578,0.3698083948035909,-0.09144613249293264,0.19085783478863852,0.18895417772448495,0.9880153688200703,-0.7919525461067897,0.06585699219843885,0.0642830684446496,-0.9044639287469911,-0.2641603911524868,-0.391197933609487,-0.7559647678849464,0.4701211740768025,-0.72271384357467,0.7412335486492088,-0.2765213954375835,-0.45168307832747273,0.04841739387262084,0.09456717668308559,-0.8226038037955642,-0.3404389709485,0.22807500290759788,0.7611131320299395,-0.12428032657502368,0.8332246196295477,-0.40707296895449263,-0.35797087576474507,1.0781191782684862,-0.048404492498928135,-0.15004564865593603,-1.0552217648631401,-0.3014564608923515,0.022541770379459484,0.01156422247896321,-0.24953593561142673,1.8219772516532735,0.8516047160943451,-0.35667989444191295,0.5786273197720415,0.8765872125811239,-0.2303090122528535,1.0472007247040367,0.37508766365909735,0.18074269220523945,0.21661315340898346,-0.5582558620894901,-1.1085202916627919,-0.3572027301131425,0.1265711837306998,0.16833092705937283,0.8041026202516257,-0.06667958244380384,0.4057175552500616,0.8050561555394543,0.1780624792275102,0.640563696127231,-0.7330818576274394,0.013895013754632422,0.0052877604957734395,-0.6091231646802079,-0.7873897180294894,0.7105916448159306,0.12489084724419042,0.4779136088634969,0.45735052949296856,-0.5427936945823484,0.471048046457397,0.2783651241377112,-1.3509475484057087,-0.267241658869782,-0.845281706083216,-0.5080642156592314,0.2695260381351795,0.09170231313569384,1.209893921620958,-0.2746206030500747,0.5059673800355594,0.35613030761805187,0.16708261092313506,1.825805329997003,-1.195531499516608,-0.053279840318827494
-27.211230064125505,5.198706263259986,-6.080727261637872,12.224039593338956,-0.06955931457030347,0.08255529100498242,-0.37167113961007375,-0.2257652097995727,1.4367686588850446,-0.12131111608346264,-0.579550102122778,0.20826652491392675,0.5295190088199236,0.9941440026517825,-0.1644869908593497,0.3544159239163435,-0.3551567027217586,-0.5112622437615918,0.606664601436782,-0.290742241517356,-0.16964921154110396,0.18963743244343725,0.05623216436734219,0.5644943567338145,-0.24286655027928855,-0.1970363965110838,-0.44214339016428117,0.2930685180228707,-0.8667405472448668,-0.3218479598181577,0.13938222938445696,0.43511479350788373,0.047042894697687625,1.0594860237032595,-0.6632238339867302,-0.32799483922661055,0.2619924411877602,-0.8141458501845964,0.11735457276326998,0.02829035732412666,0.03274643365999138,0.2577772550596752,-0.6896353124142882,-0.2998576977677492,2.200327970766196,-0.7467702163535206,-0.14125014634085675,-0.04491776371182726,-0.11876751314996166,-0.39535134041356557,-0.5982969778960234,0.4221366002303157,-0.19687659793653559,0.5945731431977119,0.10215264676173391,0.38011728428485214,0.12971507587003733,-1.1508409906053403,-0.9330994451696075,-1.4980224094604657,-0.6122315761622038,-0.27702526107373093,0.7655350230979434,0.29553260865183095,-1.007170943004754,0.4563866983119107,-0.3513763180082962,-1.6600870007351374,-0.6523039270113766,0.25991344124222376,0.033867086179075634,0.20923016172116846,-0.7085427351053798,0.255403077938107,1.2292036713613739,-0.19193391528074827,0.08470746910520907,0.30712629932412805,-0.8973398008261266,-1.0475775210433034,0.7992878550633927,-0.45905815008394907,1.6744135786553045,-0.14809907596891717,0.6434504986577559,-0.5211236124515701,-1.5594455229456947,-0.2699882063004184,-0.13725760034379847,-0.3340502990513071,-0.18558876124490106
-27.7341473995264,4.5197682708561615,-4.639999286924917,12.381429266167013,-0.18156441196130338,0.06762618059995443,-0.5374417339314875,-0.08994133779705828,1.684382453556467,-0.12814289382751712,-1.104946073027988,0.1982188228964025,-0.11417911126693116,1.3692617288999502,-0.49622494060635153,0.31409272273520583,0.35870053286136916,-1.4352798406108547,0.16746953374358617,-0.5960833099188027,-0.07556774738354703,0.3835555432810275,-0.2524210812422225,0.8244315129371971,-0.12520256407800254,0.1452584023093722,-0.3683220403869281,-0.22701607560822581,-0.2643425420138091,0.670322233624421,-0.020732241902116037,0.7885874881954303,0.3881870546397023,1.03953593486016,-0.4484489309174819,-0.6855635270899972,0.04586130102230332,-0.4418291444313878,0.2859201147819108,-0.13897073302705398,-0.2318797788434396,1.0382816176361884,-0.5644089634761601,-0.4706628424359555,1.306840032596569,-0.5034733719606735,-0.35203433472014106,0.2823651784251839,-0.0657687874359012,-0.48965670858132093,-0.43418083281826514,-0.8051866733241968,0.21009772785979636,-0.4485327550702675,0.695990290370697,-0.17585252277707067,-0.78308187973261,-0.2958669049149491,0.1463205580765415,0.07092967014974948,-0.4436946384276888,-0.5109791568841388,-1.167511858007175,-0.12107325945718335,0.10270736703910675,0.25712169391729256,-1.3331373358812515,-0.9780008698229046,-0.6678909730658471,-0.0656077287107073,1.1814145851675435,-0.6986733952980659,-0.2614486035317898,-0.12422162916205483,-0.5199664311436272,-1.1274948291074127,-0.007479338709588843,0.4800106899477892,0.4165685956441366,0.27032965833063893,0.556182747783634,-0.49434472961997916,-0.5861081794744462,-2.270920867489438,-0.7713127078140545,1.1945710491176917,-0.34281351886137995,0.20747584767418842,-0.1417484921761563,-0.08232269496239887,-0.08608385177190667
-26.85020463961955,5.427555084231071,-5.325504732291143,13.009579444440288,-0.48766633566203865,0.7670126693717896,-0.2241964717716663,-0.42349132596819705,1.1424067849847621,-0.34449108772482645,-0.9464951351599078,0.6747913281917762,0.29989359297847085,0.8158384758913383,0.1424504922636329,0.778926909877988,0.21592913555756962,-1.2961298225211682,0.09276890402722864,-0.0945440792894667,-0.22175717712150753,0.3394213740945873,-0.27436599989623944,0.726975671932709,-0.10404796469317287,-1.1264409965617965,0.016623568787739625,-0.3522373871403036,-0.9602563826513859,0.3717977830191565,-0.1045157281677313,0.17006731761784777,0.25044527065993405,0.542698677521982,0.12162179837084344,-0.11406125268133306,0.15488369398763607,-0.13277196860622292,0.2665649127932992,-0.20853816769345557,-0.07848282385862083,0.2794046212265099,-0.16987041293516403,-0.21807646600914318,0.8507667209504285,-0.7183374203770763,0.010552241130214336,-0.08520966408439203,-0.6242324597604729,2.2174506979385002,0.24902489354262153,-0.6698118378842172,0.7914444029745843,-0.3293581878056951,-0.032812059493166575,0.49547748272565323,-1.3655445409382763,0.10366361246495019,-0.24912977539159475,0.23757184358966002,0.30180450304213713,1.0117546176766061,0.005070781718941369,-1.128541529659519,-0.6205189506572695,-0.3363310339840122,-0.5564444439768825,1.762296317616734,0.1428948152287845,0.2601731999614087,-0.2025916479764284,0.4036632858622725,0.30117062900521174,0.1454838309224518,0.047272818522150255,0.3650024502668435,0.3891535484699544,0.0025974893687745236,-0.26712698098588844,-0.8564870651157307,0.5023494377987681,-0.893771240966041,0.706262375449384,0.6150761748327989,-1.2763620677406595,-0.3719625295601309,-1.5631905811415352,-0.4866955681019209,0.1580086369757063,0.9107246545381917,0.4083255091473341
-27.13711131898484,4.780752828891225,-4.825879794706001,12.629239076352388,-0.478245756437999,-0.21710008275550638,-0.5480285687509643,-0.57222696195981,1.730819628475744,-0.7921422028609205,-0.2730481951925868,0.4077421267528176,0.49790902059411174,1.5947380571634975,-0.3992439760453446,0.20558293180853118,0.6379662030199347,-1.318861133037317,0.3562403894442205,-0.36402003190148935,-0.08618469850562821,0.5267463962150046,0.003890369526235352,0.8086285811263679,-0.33081117744082217,-0.8849666673981554,-0.14944721953209483,-0.32196950281328846,-0.7869211929409616,0.003285470378020189,-0.3424540363854409,0.7204584119916648,0.4482873616234036,1.038618167323083,-0.4887460888841758,-0.3436471874482134,-0.3880707669616855,0.42291379659170286,-0.8832147622771959,0.5818212729895352,-0.17266319703260516,-0.3369528041974303,0.25515912320167733,0.6671162076644461,0.9259251310472478,0.19765481381307362,0.27873341723441,-0.6427465748981681,0.4004936420185528,-0.05933862177984102,-0.24391814759282837,-1.2990202001521107,-0.931305756994905,-0.27478067045282306,0.3042453455461309,-0.37012808556651805,0.6946002458481937,-0.41959210975311917,-1.034732869414731,-0.48941804959948265,-0.9705160125963589,-0.4929341786006114,-0.14449121491382202,-0.24177008520755178,-0.47700405589211203,0.42495559270245886,-0.3058370920116738,1.1006316363537758,-0.1327108939562779,-0.990351321342565,-0.8903179196432023,-0.3251912205446151,-0.40718512008658103,0.9783665717323203,0.2028389330917226,0.2838940480994104,-0.03499039088353066,0.1521085711408671,1.0874707599161886,0.3618310035928047,-0.002640680590557573,0.3470538910904212,-0.8593227347131506,-0.8686359534918452,0.13761702243726104,-0.8488859783175042,-0.3000980542794676,-1.3967026984884294,-0.1527745184244836,0.16997435789294554,1.0212740746929139
-27.219118309369705,5.153966052244854,-4.941485778900255,12.806885797606924,0.07003006879797406,0.15939790848922142,-0.7737288889252061,0.28931438607013027,1.5539747388916392,-0.6416103168707695,-1.0722063384260272,-0.3660661870289958,-0.3796289022922219,0.8304883085079838,-0.08206961894377111,0.2079481354936809,0.04321924905533141,-0.9747999380591359,0.1656788733277355,-0.5051311108084381,0.15872356906009508,0.5684324536668666,-0.40489025411964635,0.35754113475249233,-0.040410902904225825,-0.8276495440118957,-0.17641317392184244,-0.0860974694378085,-0.6321827445414984,0.040439789730401514,0.09563017665136708,0.5589826849798767,0.6371124478682115,1.691381166550602,-1.28400956036381,-0.6575183094507769,0.27371209724813533,-0.6015537234047851,0.26848934240499583,0.30181894118984415,0.046817086700459414,-0.1081445044725071,-0.15495699735226984,0.10977079522946528,0.8773994009484002,0.4684441349162221,-0.5214814601633452,-0.0831492664652378,-0.26670878348391414,-1.5453152922966475,-0.2698672433228449,-0.420663593698225,0.7448826686986546,0.04044826287494014,-1.308328413896606,-0.14229994663682902,0.7470350338839954,0.7927404408904632,0.1194255802507841,0.8262066329035058,-0.1586511571367347,-0.07393859052173647,0.9891873204510071,0.37818611433251914,-1.6223374714063867,-0.8467525599751515,0.5775354526317019,-0.0028649367863510444,-1.2382415446010397,-0.4220123545056721,0.0578573788249633,0.3646917116432722,0.24626700336439727,0.03632097222870374,-0.04508582047521193,0.5950242150212369,-0.16309522331292745,0.2680402499604031,1.0665278103670541,0.07295485490910646,0.44623649582572317,0.8057976754144899,0.4937988812416949,-0.312491737953556,0.1486514369668668,0.8183999285204063,0.020246506071676995,-1.1291532985606973,-0.7535159689491435,0.9836693414151345,1.179930378730098
-26.682155642346178,4.896755804105861,-4.296780880167253,12.755233779673945,-0.3045974814176372,0.17861515562730224,-0.5265135672288028,0.13534100055229867,1.4527885865346435,-0.33411201775794325,-0.4446393743103498,0.12591741365476478,0.05793920782936102,1.0244252882895462,-0.2702648814007206,0.6524285581815301,-0.23368820216535394,-1.5505014408753115,0.07126392606513374,-0.5446058434385896,-0.3251366131596646,0.390955095321714,-0.082246156540307,1.0597842980190495,-0.22404423088916606,-0.6542164757996103,-0.35265740232276716,0.14122488183927542,-0.7756487253809508,-0.07435379438421409,-0.6749174130214692,0.14145063506102837,0.5444120283526194,-0.017589890387546256,-1.1001861445845438,-0.45726768477941687,-0.029071017402864573,-0.22850619200790095,-0.2937843193450598,0.0311713079978557,0.24181239058053514,0.41629746125625283,-0.5490582819716747,-0.3891039368405444,0.7126593366094756,-0.5418536847182804,-0.09239704349002714,0.7171481643117336,0.1915246887012131,0.6695181337356173,-0.15826967143419476,0.11229100434432455,0.5043817570547732,-0.19092517737986364,-0.2771299953386879,-0.7452103371201767,-0.8379307416095222,0.7544362969435978,1.3836545077409224,-0.08871756047899922,-0.5702030626903865,0.04988426661407614,-0.44751164644968255,-0.004764138985855428,0.5233799029294907,-0.5101195060427655,-0.044726025234618494,0.5323013201073815,1.0654668195601469,0.025654465214620562,1.2476175067303448,0.40734139456057167,-0.24577023665435133,-0.579931477433031,0.7838675781705761,0.2621788898572716,-0.07299457763941027,-0.11673303765250921,-0.47436040047150285,0.5328618705363691,-0.9804570527201492,-1.4724684016159515,0.5923805106203094,0.03352348565894927,-0.38828195644034136,-0.7048552645039221,-0.17633849046972294,0.3991146738571712,1.5038277456686635,0.7149393005869115,0.21147316116591391
-27.476728879560053,4.794240378387286,-5.031556239018545,12.871370336482197,-0.5645004398552789,-0.22069836357935554,-0.46945205917407995,-0.10264341736557325,1.6085689918602895,-0.027988392117312657,0.450469983545292,0.5019122312773782,0.15675662938438448,1.138977699774978,-0.7197273119471843,0.303441056071518,-0.6697550584419937,-0.6413605615817806,-0.15542140629769205,-0.738525894124142,0.22160774702971162,-0.03200170664712738,-0.006825413745586878,0.5788177842862917,-0.3554914349914876,-0.5953251968725223,-0.19862526264275837,-0.43383421866640787,-0.6625485056200701,0.009245150193488485,-0.3165881651895776,-0.17443835175556394,-0.2759775752856848,0.20607660491529406,-0.6254176907109382,-0.21030590489515325,-0.1579625522951868,0.5481884112604318,0.11118515450089174,-0.3223694578680647,-0.27438529319842864,0.0101904493199845,-0.2805092885324538,-0.41697186421482774,1.6280229203713132,-0.7252648312718232,-0.30792602779041967,-0.16305949503636938,-0.15488961085078076,1.1250438790598492,0.3555795288908887,0.30692318184929857,0.04382425860926941,-0.01931347386893755,0.4538706747993749,-0.6975860892349259,-0.5552007752308661,-0.2252509134716541,-1.3967994657472034,-0.14894033084176359,-0.6811907106965964,-0.21554091213109583,0.11958215400542495,-0.11389127952686771,0.18912867831523186,-0.6037114429682539,-0.4095065781863687,-0.2629171120672994,0.313985472169262,0.9853969861773467,-0.8417309247890887,1.2459723362796649,0.558143954367606,-1.3333216203071085,0.26759341123179803,-0.7799706235643659,0.31144546531324624,-0.004964226471407038,0.24851235963803098,-0.513035996515234,-0.09181568196654276,0.044019998876240786,-0.6202176295463677,1.4706414038285731,0.1403577447911413,-0.20891299901946878,-0.24380404353228258,0.5081277790301438,-0.2538596359328562,0.08080370579629093,0.630503807714062
-27.208991832223965,4.598600967956663,-5.72706672710167,12.537772730248681,-0.6696559602867869,0.5830363767583637,-0.3542401515141928,-0.609834828542768,1.9747200983393407,-0.2132568885272815,0.10983217877723503,-0.10318745402273115,0.7985734895588691,0.7070342830241498,0.16955263896365644,0.7389083413390687,0.2690099337877517,-1.3105283751866341,-0.270285984595158,-0.5677870467347731,-0.6424645790753757,0.3063697086444781,-0.5671428973742774,0.8416380413000352,-0.4046564385471635,-0.6249665092171283,0.10289447240717788,-0.3653710161513854,-1.0743829538978131,0.2871770770842017,-0.2838159301229569,0.45550692394621173,0.09025148931014311,0.7227924803565675,-0.6116545825969782,-0.6810859233166842,0.33316830063381175,-0.04560554885462018,0.3799397364255436,-0.14809740853595105,0.3653057409247381,0.21828176252566406,0.05951980286134109,-0.90929633672146,0.8767927550055439,-0.4099205378567455,1.12748314369512,-0.7871104833716921,-0.018535814967332857,-0.09407307521852326,-1.4653007440073915,0.29488889023125675,0.5504223209650715,1.0528799674016176,-0.13348075529824152,0.2926128532269988,-0.054010695197233144,0.2504836598252957,-0.08950993597559104,0.21339712935791172,0.013593855722194228,0.8266654328764301,0.35817770118586567,-0.22041048773283387,-0.2730982564337271,0.1270995291804371,-0.018549991761230934,-0.20488807009027885,0.579135138450432,-0.37041694969670746,2.0839256882706527,-0.5089569512240231,1.1061396490806226,1.458325706669114,-3.278726722953513,-0.33978640259364756,0.17521886227043051,-0.12674631869507572,0.08722598403202325,0.21571380061901535,0.4406541780245581,-0.1925140088226119,-0.9150921176513831,-1.235009766838381,0.3652726839027998,-0.054295410300611184,0.2075542806949957,1.1792881787623934,0.6195299336354732,0.8521087914840072,2.3066256078700405
-27.00981419399102,4.781752684962784,-4.769772046802084,13.086547390115554,0.07302430519775671,-0.18503009860345426,-0.18528570388817453,-0.04544317429087604,1.614764897455201,-0.21005568399269,0.09220601105144054,0.2548472585761415,-0.31853840529147787,1.3234808677063739,-0.7743186245844985,-0.10149873747391297,0.3355472805230857,-1.3478688489497168,0.5256236553757656,-0.5346680073106638,-0.18797098774876236,0.42770004641004905,0.2983522887054001,0.17361904417269175,-0.3333259927651956,-0.8966107349674276,-0.22930018742340655,-0.46935639777043087,-0.9948422849044057,-0.4645224074074636,0.2526411323104016,0.36777378744373795,0.3047174108250346,0.7344035449765005,-0.35501909373412277,-0.4063571212057537,0.5471424239512759,0.07835303725704229,-0.26218666242645405,-0.5799894475428217,-0.34515371946566026,0.9476801982956541,-0.07875471954361186,0.10531527020053974,3.1081438925115923,1.4745910185599154,0.21384328856969412,-0.3176618108640371,-0.3062305175039786,1.2855214863896312,-0.32321710203641846,0.31698722308006727,-2.1938883185186673,0.08970668232207218,1.2081790158469286,0.30223689840027,0.8482075196206803,-0.2239878999029942,-1.2213525406370873,-0.16656875764474258,-0.1932298983504727,1.082006521788163,0.5286459228321615,0.5550932519003066,-0.3219180318615594,0.5842640359528316,-1.0287359432359258,0.2826260492072238,0.34929551964244515,0.16898000097153082,0.7922988492294514,-0.045678030787348216,0.007722765436449591,0.6189650339534434,-0.8479318904760611,0.6070509725068828,-0.403729502489311,1.2100711390297845,-0.33111986624062856,0.03460265168880428,-0.7694452946803342,-0.12343989798187156,0.920507096559453,-0.5993696462868884,-0.2972711986791919,-0.7306089113036842,1.2428613624740035,0.3452320213011424,0.9157057691301879,-0.42905967517866833,-0.24085309815484093
-27.26022615397538,5.007557120246663,-5.013361155733913,12.496798227098761,-0.2892747103851994,0.5762711496408195,-0.5036091561567497,0.4786499415087053,2.070675009823123,-0.28395064740374976,-0.8713377727186787,-0.10105352236821082,0.16542887945459903,0.9573725181497046,-0.7121068203519778,0.033398295742943646,0.5223135642885405,-1.2620271546046897,0.12031800388232154,-0.6668851610043866,-0.45644963265127025,0.3262934365446396,-1.0777922726775226,0.5018658874284665,0.20065071516177038,-1.10934512393491,0.15141756217218796,0.4142371085317359,-0.8783437114493617,0.13323530917865511,0.10321285274446522,0.21210004800648408,0.6311612270689471,1.0225309293130291,-0.6703395047146181,-0.4683176985181203,0.6169280606244294,-0.26290429739009163,0.12917588065590382,0.05673182177100003,0.0694075721644271,0.6759684832148205,-0.4544986479459142,0.06129882925612822,1.728243905835105,0.4895207713909988,0.5991680044947542,0.34731418480250215,0.04808383174360841,-0.43834311798433273,0.7690092458224164,0.8389795826066914,-0.05214183120561012,-0.20723684208135337,0.7257567609382715,-0.007347172926926774,-0.4480683712439588,-0.8058632719839585,0.8112199137361502,-0.7136005837991309,0.5772265412560161,-0.8755434121555796,-0.9918196443722319,-0.4550134834147051,0.07448369155261854,0.13602830176544753,-0.005812183239404589,-1.0898880922431864,-0.2306511039779251,-0.5667669700776022,-0.4039406792005611,-1.02878232576174,-0.8850827665482602,-0.6475769453984181,0.036107715432894726,0.4517481796458279,-0.36753340005192425,0.4108244034485687,0.07570782266093078,0.19479317088533585,0.816998551579019,0.3137564476891826,0.3372074902753421,0.5353158878268421,0.5568883011599833,-0.1821363497865588,0.23605128645866533,-0.3138976813308155,-0.587739059606139,-1.131221804735398,-0.6180913120902995
-27.546312675003204,4.621578219157321,-5.024343471088729,12.480811187201697,-0.33048309149161437,0.5720315850527802,-0.6240805036709453,-0.3663624489639788,1.0404779670961262,-0.237011548624063,-0.5463555868557626,0.29030368588549427,0.12381198456585554,0.2952628459028115,0.24957241588490822,0.20383613905324013,0.3289670836875812,-0.9692501069721314,0.006952754754446561,-0.5220344779649837,-0.1604660181458273,0.12594475417853765,-0.3776382792791914,0.7414924360304365,-0.0925077206154925,-0.46577695774226974,0.06032088115505594,0.24593470955189237,-1.052115823178553,0.24682981218331587,0.806355661172936,0.1720464173452674,0.0029086900088076736,0.9562025067703721,-0.26321792570980257,-0.45446367593190673,0.19611775532090614,-0.6281582509847113,-0.22631188201850647,0.20566286204737486,-0.4852060584890174,0.40438409547261384,-0.030853535628764618,-0.4212450733251497,0.7794487219626657,-0.49857446696779856,-0.721592549861248,0.6961294814591799,0.4772853162974335,0.17979414063879492,-0.8231156328320525,-0.5695786314562302,0.4719155679089583,-0.047204700009694414,-0.33574866897392236,0.7929448712720778,0.30948188213300554,0.379455287333961,-0.09134633242321871,-0.08123592906642785,-0.6782865155934912,1.3005014188192972,-0.06758165566130966,0.4160790991325516,-1.3531274682106944,-0.8235057426904004,0.5319287352614862,0.7151136241611254,0.27100086163626497,-1.3497142529922639,0.9538463452928528,-0.4190625690688308,0.9702495432117254,0.251617508153383,-0.3972232159615523,0.34041842288312235,0.7113864522672855,-0.7978954929285818,0.680646537021352,0.7868306027852139,-0.04493553303101901,-1.174387370529542,0.17139301780423735,1.2966114325854126,-0.17103411392967208,1.750862256898128,-0.14066247232457307,-0.10610746244276321,0.42055984951791636,1.5122485523909115,0.5816467006374226
-26.861505893077517,4.91166821227019,-4.285100877683347,12.75740001997982,-0.5262119585923496,0.7854181726862332,-0.8952537633093763,0.02142336695737444,1.5649511138185999,-0.3694970321379911,-0.7617433843589121,0.13083167602364376,0.6381157056538923,1.815465414384551,-0.10561664912852921,0.17673795578787735,0.5001196443678948,-1.238449423452377,0.05115883749548709,-0.052762377452484736,0.7106030350398005,0.7991262067151469,-0.6449231920114915,1.3198844855111345,-0.22993975936112884,-0.3563435199934146,0.13411736074909378,0.18120139997469908,-0.6029890123094308,-0.3620001564467344,0.40183173042889675,0.6318351159389465,-0.3283232387913218,0.6816537300644792,-0.6039380411381663,-0.6678011493323631,0.719438809731915,0.221680836437169,0.1324236584700286,0.38625358920411995,0.5074408967099003,-0.1355894441678657,-0.09984679549421543,-0.4566526339113676,0.627897855280388,-1.1398066353518355,-0.9603923067246489,-0.3952827138672386,-0.6622841568675893,0.7188858233024547,0.1518634145323073,0.37484954034830126,0.5348747772897836,-0.6243603761258,1.8358445552908105,-0.3109335269141222,0.030913963690639236,0.3101743066227295,-0.555640930629983,-0.4603912977384258,0.1029376080424838,-0.2686070677389553,-0.8388293398926339,-1.330173416804683,-0.07681468131619806,-0.02321160487620332,-1.4391085530006076,-0.6653783652979444,0.5413480010067746,-0.5833829678321865,0.35083396516680865,0.19676113275508375,0.7548087674955849,0.4169223645306044,-0.9421206956412591,-0.3202085088095732,-0.6861806920819544,0.9061624271544322,0.23601675938559627,-0.33907716814854866,-1.2720989313680682,0.0665470037456822,0.8425172140112202,0.01866942584830461,-1.3722823822360906,-1.1394573629955531,0.04124722667104341,0.7773603478619269,-0.2111691927471759,0.8962415789312203,-1.0226178278861273
-26.940751536719457,4.290137810904612,-5.132128186872655,12.811473721715902,0.12533849661555338,0.13064020364009726,-0.40463443464117793,0.08313652184612973,1.3063949230693672,-0.6332296950451142,-0.047789414001777546,0.1290519603607459,-0.0651124990123019,0.9560480730362723,-0.022164738347474396,-0.2956836880919674,0.1465455432777,-1.0064535509200636,0.3689676448860627,-0.6294481866351718,-1.2268764673341017,0.1365791632535136,-0.03243829508895782,0.7472002412970615,-0.13060339610149108,0.05357796708404198,-0.2553670391373319,-0.2323345736331288,-0.6028502533157015,-0.03974766182329439,-0.38026414322686847,0.23719431034129954,-0.3486022185181293,0.5128370883112092,-0.8521898279028475,-0.04490083553010662,0.3552931753411175,0.3040825937691479,-0.566993782881822,-0.05469655497564954,-0.6055442951293519,0.6724814629811332,-0.24105276636916806,0.01282075909755546,0.8761085973589497,-0.5083357202752511,0.07509049047468924,-0.14963829930233036,0.3129927059786596,-1.2017767633603997,-1.0961504898959669,0.13834941767995218,-0.1170470642214283,0.6824873993777762,0.42065620959945216,0.7639648612115797,0.47868601661265725,-0.8509530053625924,0.06272085668452672,1.0800902653223001,0.01744371391698756,-0.6613121685449601,-0.055020329307919606,0.10606591924546907,-0.0016427063744017872,0.12742790833703505,0.4060524931531685,-0.3743578851537982,-0.6117710918073448,0.01756047033436538,-1.4827717416610646,0.6936303444430051,-0.3239848646677471,-0.7489778601082763,0.6609978856081892,0.5763304154541755,0.011982997731030115,-0.7578894963207607,-0.011837445167008093,-0.6140082108550492,0.9955735951552859,0.46884798625036295,-0.30622648571012145,0.31673617037759816,-1.616042870413515,0.27434473404883103,0.5914251586675953,-0.9960589527644015,-0.44719850402061273,-0.3961589585822614,-0.23108067816589883
-27.040576519027283,4.641958234559996,-3.737027500430582,12.126660612859244,-0.34958461484406606,0.13237649470245758,-0.8261517334925262,-0.4821861104458782,1.4760456241134277,-0.5299529170156879,-0.367518447692347,-0.32795512188405945,-0.08864759817747353,0.6731564836782772,-0.8643494475782522,0.5347950186221023,-0.09825838679927697,-1.5841654656765478,0.14481107418107966,-0.8160711078012571,-0.3261934278605113,0.7017013218338197,0.25621627638291483,0.6436949109266188,-0.021952661286775713,-0.8509209551506466,0.0760675432484892,-0.4087790586107421,-1.0146681532401947,0.3033750452855416,-0.3676382855583624,0.48277081840501807,0.20113306115825869,0.589780062986455,-0.27343131765784734,-0.23733062127209728,-0.28463463435922004,-0.18708531237665735,0.1342311553105918,0.21846915082291887,-0.4107712102580478,0.1963220281697146,-0.3679551479082482,0.03821666660195699,1.5086092549566057,-0.03289350036665496,-0.10774378088592237,-0.6049569799100052,0.5429152258592821,-0.022094744067580455,-0.11094739587577096,-0.934003502306378,-0.6042393298382521,0.07285407688331787,-0.31093180494998207,-0.33856809908241997,-0.30661978293188047,0.7031451446161876,0.155631783788284,0.07315209534295478,0.3559989404135444,0.21408312669951668,0.3296538268170062,0.09516515172219119,0.6827679292664399,-0.36376644267895364,-0.898953661038572,1.8810644651244992,-1.0323074417099116,-0.23284816262297098,0.7760781411222988,0.533064364778199,-0.13098551932604682,0.39909161050794834,0.5536435277676626,-0.6631163058444861,-0.4588383984846347,-0.7215109673822777,-0.44899655652349396,0.28996059061509605,-0.9471626485489105,-0.42968187746491643,1.0874758200584949,0.010641500162150132,0.11037707813696174,0.5536383327366049,-0.7466421522553989,-0.47590113624465374,-0.9641769094956538,0.2795786821356787,-0.6257364143081244
-26.491396230719015,4.885434386853412,-4.252890997139383,13.346069129526589,-0.19772074232477696,0.33943585285636696,-0.21863391784232228,0.2288036747769507,1.5889296850541692,-0.7717472293809758,-0.2820936948416646,0.14048269873105618,0.2760742356901809,1.1798811714711115,-0.8696648103079416,0.09514685208600049,0.06237815476715379,-1.2080895506290905,0.01782130079184693,-0.19094384451962515,-0.36042977482965016,0.2882509918618339,0.06401504188990648,1.0200101413977696,0.5147086801803483,-0.3731133744773297,0.10436374010062319,0.08923701191975979,-0.9428263152464127,0.4115414552783158,-0.45358751058104824,0.4384880435936169,0.3270859666521432,1.0671390336951452,-0.35661955438713433,-0.34179480916239463,0.5765635416961075,0.1585228584103005,-0.09401280270232688,0.17695772437721324,-0.47107929678244453,-0.36771201457910413,-0.13401607610726768,-0.22532802182280598,0.34414705895970155,0.6347300766818569,-0.3000831393380956,0.5004003447521825,1.173445282597989,-0.15647775009333104,0.8399648631871738,-0.01508428399101782,0.4895922146330452,1.2820409238332224,-1.3924255115561808,-0.5850047327106743,0.6713865435447317,0.5056915436124038,0.8558750488934359,-0.8682672096190116,0.613878614534869,-1.3996422406534113,-0.2186500879200338,0.02944626357171574,-0.39476348398453065,-0.30170901520783455,0.9287323549908485,-0.9497269401844312,-0.25870256034525646,-0.3521041884661108,-1.408765585120153,0.49433651068727996,-0.49640615843671027,-0.6035522402087309,-0.8351470330905113,-0.021328703712675232,1.0264948627312738,0.6304881017157765,0.889364157767916,0.6362040975357094,0.5178313425038963,0.1760050022886533,1.0349817619894843,0.32782476466179433,-0.31421559321588244,0.0837720495417685,-0.9804367512953374,-1.9460927514910917,-0.8334122439056497,-0.8591728381026399,-0.7965814174795777
-27.62349252862905,4.779270699948831,-4.651049320193982,12.71609762379833,-0.6585349231194872,0.23677025688834416,-0.5555432524373202,-0.37234766015735377,1.3702394107989306,-0.1696401514532746,-0.44716456368021096,0.36304068391231364,0.07298222822442504,0.9167675979950086,-0.8291648972368096,0.43349850908360793,0.9046005814398554,-0.8529512518981175,0.24194885885548276,-0.270552799019843,0.40824607133369784,0.8576922446869545,-0.0411693631536712,0.903553858959961,0.5903257729892694,-0.8680899471730481,-0.10112540465891058,-0.3473411236038575,-0.7101868591565352,0.04620717057076875,-0.3055349494870909,0.4459537688007909,-0.6244038654499352,0.35502321965659916,-0.18992598378461595,-0.750791892634873,-0.03285997554981435,-0.3858336135967402,-0.05554840786232209,0.22784518305793486,0.523159784927443,0.16644271455885526,-0.5361190972192996,-0.6952915364519863,1.2416715149866775,0.2187685872398659,0.09537895331822416,0.2870741100194052,-0.4286544970645274,-0.2710030133685408,-0.29229157165636793,-0.6787829497456161,-0.909229715689789,-0.00495805559446144,-0.9073479156880622,0.3353821188523369,0.9625851787791577,0.2067712494916857,0.8313425086952704,0.1592181339925759,-0.3867816500306798,0.1267204668668374,-0.504975238777156,-0.9018727926454628,-0.3947658048766852,0.27011955336988874,-0.20715482493201984,-0.10829539512670815,1.0453494000638293,0.3456810725669952,0.6371151644536173,0.21609112582046927,-1.069694807801002,-0.15434408291295673,0.5529757815415727,0.04257780436180066,-0.3780651946329928,1.3065219083966466,-0.7448516520071168,-0.15011588757862662,-1.222200614796838,-0.2069889588177323,0.38559962675495096,0.47088635792269584,-0.2094555621159185,-0.3266241997147767,-0.3719623014543655,-0.9032372927489545,0.3642154661519538,0.38321656691594497,-0.8101064874137506
-27.269776551618392,4.20895093205069,-4.409371456121522,13.488922827890493,0.12934870173293928,0.6662473820992405,-1.1274490144592189,0.0042420972503928595,1.661098955655557,-0.6734322642534039,-0.328515178699319,0.46441849865967794,0.04672741515098194,0.854068403803909,-0.4150560532190623,-0.16320305255314463,-0.2763096732879626,-1.068706068968021,0.4707653719791338,-0.1770317031530189,0.372058101784708,0.322389830754454,0.07596844848611899,0.6900857298725874,-0.032071486124479624,-0.2153619790996001,-0.5825289062078121,0.1789278596772549,-1.0959488593580966,-0.0748816553867089,0.5682236939006893,0.7565970275706122,0.1126617437532779,0.7969057447152181,-0.7920816252298654,-0.3326451712275847,0.7429898996247352,0.23008660469792108,-0.12865901473884103,-0.03828264774875937,-0.2701824458292152,0.20804101535190822,-0.1007996887414589,-0.09762283593275958,0.394466902632732,0.6121416620609076,0.7807218620486953,-0.09972620954650978,0.3432391363993477,0.3853878817794562,0.4599501392857699,0.6392079765543897,0.12871889855173155,-0.3038780729198754,0.0952763079291404,-1.149329253120587,-1.4965433461521012,0.12710784639320954,0.6355244002985391,0.2910165499178866,0.2965584272134054,-0.18909006765951633,-0.533739808980244,0.4556878485855429,0.46133259148906597,0.9434172267199712,0.6338208840498699,0.9288122051415654,0.8110260472764695,0.17229375421626367,0.44664314675349404,1.003190780907949,0.1975616749983211,-0.5593095316114921,-0.6076893293552521,-0.6333475570093836,1.2076212188918611,-0.5695698917918294,0.044607129376670974,0.2418660344673728,0.1741393754784119,0.2906863584595708,-0.6122353431848986,-0.5157001963491336,0.38127621600002237,0.20916404623222806,1.9024462873270562,0.45421796637531153,0.865754614738173,-0.5910095661876026,0.4101563829111086
-27.859342832251585,4.950279286023087,-5.538437299550712,12.973889320219255,-0.08725703654882189,0.15792959565646686,-0.557355353092144,0.15546320442656464,0.6904995859642975,-0.3638353398434654,-0.5658484553194296,0.23645372175721965,-0.08291590437889614,0.8310636688626858,-0.34781686999995115,-0.16884961812314547,-0.05210827207349554,-0.7744834327061677,0.33369427317442857,-0.040721524356517665,0.30505718373345897,0.317916216207368,-0.011885992312966227,1.1759431932492943,-0.5561600421576103,-0.3528346370509112,-0.4457761283341043,-0.06185677236428588,-0.33744167689693644,-0.30513463996263646,-0.14484600823355454,0.0011349898471181518,-0.023706572443938694,0.920678938548341,-0.48335354117964874,-0.2019470339744416,-0.19470556670868822,0.47004104670752667,-0.07276386510758567,1.1631672568555218,0.25386651364312823,-0.1517925018297794,-0.008664935015688824,0.10791287321493062,0.32125727926026315,0.5756413175004442,0.1910884125496357,-0.5302837881618657,-0.3527613060134224,0.1715837978164769,-0.01631077130306434,0.1806217360515209,0.2864204844015573,0.03401390152282427,0.29724933025553546,-0.6838565627825763,0.01741693884930685,-0.47154420654908596,-0.14765426668187018,0.2093502216411429,0.6999034529279535,0.2732974178935327,-1.172691521876666,0.2628792834267832,1.3957373267726996,0.35869645882449097,0.08792584711272572,0.7945641437847172,0.03552439008005825,1.5876387342247922,0.2699928676949687,-0.7193819053378926,0.1359098318716182,1.481601450592006,0.10946661279570033,0.4058612022353122,-0.37818892638043294,0.42048097983274907,0.235147246951526,-1.4943555232900405,0.1393787846179879,0.3848545041032613,0.3165298512863078,-0.025560011581020087,1.145324906779255,-0.8041199412782591,1.0539126666703287,-1.098998733524785,0.27274880469033214,0.14094223224470068,-0.058774452768126914
-27.329665650986136,4.366804374631124,-4.500929757431619,12.351018545595247,-0.25100659562533584,0.14768158776126464,-0.5885570321664058,-0.10785309591970375,0.9119429594400422,-0.32623560360635057,-0.33937895305070936,-0.244497597690011,0.4677623754005608,0.521149036729662,0.11959438199885392,-0.19496096033072735,0.16299611086921026,-0.6349566973809365,0.03686882939006247,-0.6471311591953194,-0.2040834702450398,0.5546504617905921,-0.23450159950479565,0.7506629301093759,0.7056933722799615,-0.10049291157535123,0.09632478568767777,-0.264077220818633,-0.8992260102819492,-0.2959946516395711,0.11562127153883513,-0.3858014375908887,0.41312533722123707,0.9760447454680011,-0.38802116857036917,-0.9330871282801235,0.7644039140423582,-0.039300811085247696,-0.22928219929003377,-0.29102014770358087,-0.07652621199573219,0.2685686842052519,-0.025035814490865196,-0.7460925254618584,1.894276319799964,0.6935570223597008,0.08372091684206985,-0.2457548306289274,0.11175751539113736,0.05374619984564581,0.736195015931719,0.2174798263266582,0.13938692142370043,-0.2602167049794586,0.160740858719593,0.18186751807504797,0.3673126033639789,0.0043563456409809595,0.7761520996539168,-0.4373253105440893,-0.25856537171118094,0.1278762698418011,0.4530571774908676,-0.0418306434262383,-0.7046126482988577,-1.6933596379102094,1.9742024873439872,-0.16689025072213007,0.22935940734104734,0.2285968219159974,-0.8868601690434695,-0.7261080121345456,-1.3643216896963644,-0.3898599013590177,0.34642962629044805,1.513827022294724,0.24894347794891838,0.28640804890317534,-0.4076499906934563,1.165494842532677,-0.3989337590469976,0.33464721011021753,1.4515485960243961,0.27706242700302697,0.2872079013317791,-0.16397362803268267,1.2336079659503403,-1.472467124188553,0.44997771541574877,-0.33477178150715337,0.9165783665612189
-27.00759704629178,4.052471438523392,-4.684696825463377,12.00615009513836,-0.4695198255959888,-0.0005866004517989541,-0.5140987877236042,-0.23632130668496532,1.583864647825653,-0.03784467877441786,-0.5368438146036391,-0.2764868765175796,0.1672844843852167,0.43295431476010676,-0.8343811485966177,0.6530342833407995,0.2392121159225264,-1.329709640715391,0.5034723521352529,-0.33036593434690636,-0.03976700631762384,0.10679132780445134,0.14566809533221012,0.7514585916165635,-0.23228597330324763,-0.6514382113129511,0.1820401540272717,-0.07837622736447725,-0.9704104048928747,0.1891925153983926,0.1412070034221423,0.7750766839803318,0.12125780814464313,-0.00893708476300899,-0.5628449034337826,-0.7164336828033947,-0.12916522806829964,-0.18997011018838483,-0.2631459640709605,-0.02468013895731301,-0.21860927853347104,0.7288171391450154,-0.7217816711378786,-0.3301715374566478,0.9635374557463554,-0.1402558519187611,-0.2399521165035982,-0.002678474482593266,-0.3651884597840381,-0.023877433758019307,-0.7837348481285926,-0.12799297754246342,0.12295771266787459,-1.1301125448160008,0.000591865836749617,-0.23427075436722183,0.08480802249530424,-0.15563895483040346,-0.2968381087730476,-0.3535449431260692,-0.7899894942312374,-1.0233417936229408,0.233536495475592,0.6041268260031243,-0.8032193185222005,0.32417903625527555,-0.5986624165686691,-0.5857192575955984,-0.2619702029254731,-0.1528964348525751,-0.2932647320495347,0.08356359832307889,0.4544555872206473,-0.8795248142938189,0.20740916675825563,0.20103795684820025,-0.16097562797152362,0.9266321998016522,-2.5211348717777153,-0.23605447080048692,-0.3860731924184331,0.03241533878252453,0.2225747533132789,-0.7287030016955821,-0.7016003406732867,0.35002024693139877,-0.24773635926832496,0.6534081007293987,0.48160800688438243,0.7590228572544548,-2.1009219011836153
-27.263055455407898,3.9870315655851027,-4.839317588391065,12.685624773846953,0.22283585067492304,0.35247506753864477,-0.29148617405406574,0.09691830102720425,1.2843388628156103,-0.15973755027137326,-0.3087034330091976,0.06793951545007669,-0.04660587559017831,0.37382769778757136,-0.2868176530615474,-0.08591935608137033,-0.02619081741043373,-0.6851224310770361,-0.6419628409261341,-0.8324682816110335,-0.18238262354869908,-0.11758946727478527,-0.05766550998309459,0.9468645089627106,0.051688839941714845,-0.19747936312972253,0.954444761940521,-0.015170235568857247,-0.33422788874237974,-0.32895782771302057,0.3882439558627158,-0.4301697776197629,0.547553055964547,0.4456111153943869,-0.3752027891454544,-0.3503550420245077,0.5033287987790769,0.006460065238440618,0.2709780716109141,-0.3682278265960623,0.311896879013768,0.7448692171163988,-0.14001642197621328,-0.7387194362328549,1.9004786639159934,0.058389119930779415,0.09840198194230977,0.3896050623084949,0.16245096965834496,-0.19766763157289713,0.21578983626252857,-0.4906042015883883,-0.4165477991666353,0.3054438311499629,0.8131162608685641,0.5293157679796218,-0.5546104774484081,-0.24976957576729503,0.24128719590301925,1.169810118134673,0.9005188028280438,0.6900122499779762,-0.26291818915653975,0.4155323687494363,0.17133141422079493,-0.4207557012138777,0.42704752083399167,0.09545185540200188,-0.025661414486067204,-0.643556677548484,-0.7709140702668699,-0.018010109559079352,1.3513469767310027,-0.7721106542734778,1.0734658331145335,-0.2481641322208248,0.43460317419047895,-1.3112559967585165,0.46692180080978696,-0.10438250251626836,0.02285528890320996,0.5354668939915201,-0.8528040739501033,0.4266705070025689,-1.435387213696664,1.4586205169673043,0.44736432580056357,0.4143725634631887,-1.0900790631314983,0.1474212752976795,1.1476151639303322
-27.287592813584634,4.700872980959377,-3.670353484745666,13.065292951018163,-0.4248519648692496,-0.05272213146015639,-0.39722223568235343,0.13644219256603707,1.9672728779287214,-0.6793644013421323,-0.5138642789931862,0.5072087992224108,0.3053958562591639,1.3173070547238503,-0.03031331338207911,0.44831495432385926,-0.43738439037605165,-1.5432964958087394,0.7436474141402707,-0.3197246629368889,0.7259536380933291,0.6868942069155247,-0.5556756661895533,1.0203711110685283,0.18562317551193802,-0.3672973557508653,0.10391549192607048,-0.06222009054313204,-0.9827357207742143,-0.1878106087030657,0.009186562708059487,0.21438036749992512,0.2955033391770187,0.6508142749738858,-0.5790556276968574,0.03835804381266475,0.0997874389875379,-0.29320124452884344,-0.8854316211267897,0.17652612973368353,0.036806277050937704,-0.09347908356735471,-0.16765414933410486,0.18508739587494158,2.416808438770737,0.10358730040106533,0.8350385403210754,-0.6848826138897881,-0.7011504471760301,-0.007397229610982221,-0.646873065085435,0.5366678881644344,1.1053555431046536,0.698431816632746,-0.7471191368273205,-1.2092712435632624,0.6139519686504985,0.27273078675954465,-0.3786571843898312,-0.0861422667067208,-0.4838038567616144,0.2754579969369231,-0.8158255264272278,1.0955464327415005,-0.31933756223834736,-0.051857372354290214,-0.05701317990667356,-0.012279073088631989,0.6515533341462398,0.10033411185337776,-0.008857196861735845,-0.5665500780209236,-0.5066965013576291,-0.5801082753992148,-0.5438197628047019,-0.1938841910615429,0.4350923822236972,-1.1781708114943665,0.34332079594844295,0.10817402140313033,0.31082076680623627,-0.5227710486926277,0.6938041226218405,-0.19563797442811784,-0.820558342480323,-0.21382363283331027,0.9796326970589501,-0.07191922792151997,-1.4064500181123882,-1.072381264747091,-1.7799178224764702
-26.380530008019203,4.238554759267939,-5.25219848862664,12.416055483987671,-0.45850467125875466,-0.07404940109405708,-0.6865754416361226,-0.6717002310791295,1.1243681883782934,-0.35052011047615605,-0.03065574097845159,-0.0698188093563062,0.26745501624436896,1.6666142584619035,-0.5051491957261812,-0.010722122863088015,0.5043409835308634,-1.0163773513395697,-0.7125234293230269,-0.18515939135633436,0.6721181533653371,0.4995202095525373,-0.9257780595406174,1.1075446360176155,-0.11960821593016997,-0.8126934084923889,-0.2686887950733332,-0.8176233653802203,-0.7783385941550484,0.5660549802822155,-0.0513625191476186,0.6934551335207265,-0.28613824833821616,0.6559809679144409,-0.6842055264345057,-0.29669747734068846,0.27461159075676966,-0.15500213318762207,-0.6640864474783232,-0.21312760634688102,0.36797430300420075,-0.23750817932572693,-0.5778181750342298,-0.6299454157079339,0.6014764643925652,-0.7064769871124454,-0.7625805371283108,0.49172751763008354,-0.402693608573924,1.029224316023058,0.30543552629440507,0.07759072079232714,0.9804856884709001,-0.3086972845807265,1.3625961417802301,0.9355150875073566,0.48005088350385733,-0.2201304999148345,1.00179032531314,0.10955692373029538,-0.8911977760952207,0.5276552109771206,-0.20769095757406722,-0.7511844001874002,1.2633739892466795,0.4115110698723885,-0.16276686904011034,-0.14686826997707594,0.6302921430713627,-0.57624232652401,0.5187577080056345,-0.08755209881154531,-0.6953290402644492,0.6288513508401835,-0.502954744102106,-0.9583074691515272,0.3573925992988832,1.5149903805884517,0.7787666351764732,0.04230554331998857,0.18920997672441053,0.8100390326372755,-0.3014125706078707,-0.07813607751213189,0.35904238702756974,-0.14428312355065412,-1.0704285776203037,-0.8317963366871259,1.1071842578347317,-0.825347125119227,0.9801422136677385
-27.52624337109772,4.781350860972532,-5.087401357787725,12.543188755573908,-0.3796616281195432,-0.36806415469800613,-0.2329547163159212,-0.0687987660759914,1.6578180148990591,-0.5729447002552621,-0.7150896727423274,-0.19526773668392086,-0.09301302049202076,0.8018177378221021,-0.44377199130263234,0.43805366188171585,0.37187658692398007,-1.6270218796901486,0.4389010751393584,-0.6059958498187705,0.5427976837639581,0.3324222843750605,-0.29080434585804216,-0.12345008985314204,-0.4452786352108271,-0.7511763496089927,-0.1200720100300737,-1.2370377891189321,-0.48546660193243113,0.1816902156894484,-0.3963106602194907,0.07569346244454378,-0.1328888849960232,0.6795304651203078,-1.020378409551564,-0.6785308029129108,0.013800153371786852,-0.24357067440027744,-0.03791839512738078,0.18290304566723664,0.8699421553584776,0.49657566307546996,-0.43878384142082366,-0.9833664468872683,0.2787972159522948,-0.18068445166413583,-1.227579338168348,0.3640654418324755,0.08399198010092195,1.114734363654667,-0.06754556535108003,-0.9956361538688832,-1.0549939708456169,0.08334808544517522,-0.32055656854120185,0.05645431647642317,-0.5449365635308926,-0.7573102707608105,0.41316385366354846,-0.7600106852892619,0.27153706779731784,0.17560819139972303,0.36381914956960154,0.5002981555284901,-2.128502029670557,-0.2427358015779574,0.7630826380797424,-0.9383158207093394,0.682773186987216,0.7234945793734195,-0.9983064009797602,-0.5955746986143342,0.3264066279754298,-0.22157572889108137,0.8911593569775402,-0.2952185358935903,-0.7727815463248431,0.17428977655228248,-0.3211985469552368,0.15843003982552495,0.153514183472651,-1.9853189244134097,-1.5241574887602785,0.2410623488308916,-0.33630740475704185,-0.6581336775800917,0.5886555024465636,0.1203292601916333,-0.7855683882699596,-0.5532275137965715,-0.7816969506525469
-27.34988568145668,5.192349031692892,-5.969911249484692,12.979114089785668,-0.137170789602544,0.6422968634830795,-0.3172062743731309,-0.0978086842030115,1.9995565075022381,-0.49827844026571033,0.19988907997410166,0.3004601946492866,-0.20415510515787674,1.6624918104847604,-0.6883247603760658,0.584355948093249,-0.3959546302660068,-1.2445683186923415,-0.043106917832053906,-1.0375096554552934,0.693733099102351,0.09818011246036129,-0.06539635080638836,0.9872458657465522,-0.10693417471096814,-1.212741101609878,-0.4765457194747687,-0.5509842843449563,-1.304804080122514,0.03235340162667532,0.07100111999402246,0.46208754777243555,-0.7927829964817344,0.8930076346771889,-0.8108986319676378,-1.123588996802055,0.1874351953797558,0.07447970514102252,-0.19806172554034146,-0.1914236026591836,-0.08460544388209586,-0.05724794855005486,-0.45359757179826676,-1.0825607823018542,1.0392838416755332,-1.4523053572512792,-1.0687588489296502,0.3595956107903205,-0.21206275346044187,-0.16439001427099378,0.6786601303003912,0.36031164784283254,0.7001935583476925,-0.05795022095016627,-0.09875725768944511,-0.08944310510750354,-0.2926643361601187,-0.21882932198486238,-0.25119521092583463,0.8163238955381446,-0.3574665051415745,-0.006714952184347366,0.0021707837114452407,-0.5014348432781611,1.7808642316114838,0.15077664999855292,1.3014947352535189,0.06974375698509369,-0.23708129282008208,0.9128294302158289,0.72437497894183,0.874676743957201,-0.2983391472988901,-0.9141378372898538,0.18112714269342492,-0.4114892767758108,0.11490591205243336,0.523209138529306,-0.45117154406950966,-0.6722607110752119,1.1189688846423782,-0.5643695046733712,-1.3611037352441502,-0.09101571012905502,1.8925535108011886,-0.32073233132102275,-0.3387696487492165,1.0449856139687144,-0.928946905753312,-0.6730570780053321,0.7114972080532282
-45.645068421102714,2.9075219866380015,-9.753680142556219,-7.004591286219063,0.9576454129550814,-0.7384495482702124,0.882104808935663,0.4331813598062487,-2.1072783574304847,1.4967596526309253,0.23733498094799538,-1.2025614350081695,0.02642167649692889,-2.1148359815742444,0.8198225178854289,-0.8726772477597522,-0.970055678472129,1.976414803676328,0.1834894667592052,0.6685259076163342,-0.30825264819418857,-0.24055207532579762,-0.9592248087666408,-2.009320649115995,0.3125268899555359,1.275965747931155,0.2890501219010964,0.5523191239387508,1.1214784877597157,-0.5114555411124733,0.8381811637599874,-1.3490906637704154,0.35933906647157704,-0.041546878032049296,-0.16186103546125422,1.522772363371753,1.5194716799120842,-0.11369110686745587,0.9633031629022675,-0.12098960146025804,0.4367063128574069,0.06513058413729415,-0.7289322088386216,0.28981433528985256,2.57797196109776,-0.12230757017188468,0.3004035488626734,-0.9696353274317769,0.1976166325755989,-1.1172688276893905,1.471392854319352,0.8431585956643706,-0.3559456824934082,-1.6103076155601552,-0.5192275217103537,-2.315361199883001,0.29241055627875784,-0.6143180419300224,2.012783015438456,-0.2709264891050717,1.5452594905553962,0.9672994983856285,0.09465460220924288,-1.0009722348621615,-0.41565549114100125,1.3654658055503914,0.5960604585322208,-1.176720146132082,-2.9508625093630036,-1.6471943536280311,0.9595450606325368,0.6501341364523724,-0.37837488256604923,-0.5587034550417468,2.100128630498626,-2.6462159323049708,-1.8487522874506943,-2.0664632466388246,2.737211917532963,3.875068055759109,-0.4065152064154249,3.2170572144176184,-1.8590069959871889,-1.8144607702668476,1.2198091061567982,5.104742714533742,-3.081019270010647,-2.021063552628032,4.0221015083993565,3.0750008892472622,0.1061126226396485
-45.43142609156696,2.908474461955989,-9.61627431387804,-6.01341277149999,1.5071460063825795,-0.04851264938533037,0.6018057304044774,-0.2816242324713919,-2.8662281736850552,1.314807377577222,0.047526191510686065,-0.5998243454612382,-1.046736246615835,-1.8356245025267006,-0.11354081519033084,-1.4483153333897028,0.3330669804363696,1.802309030074709,0.11126913783923462,0.37555793650987807,0.2748313892831584,-0.184124387984454,0.27733919359435233,-0.7261911329277955,0.9245214212964257,1.0167088459777296,0.28707409625964814,0.4125092723867857,2.044930363202618,-0.3707203646725496,0.7875356835947852,-1.0533273720673741,0.07462163444544544,-0.8291137302098114,0.8037949121395024,0.1076625556659094,0.14669400641644556,0.37536743586900756,-0.0648471918309843,-0.2561659794832386,0.5398407217451283,0.5249888234959271,-0.6874600366855832,0.39395344159280093,1.5926315300049059,0.06349425950741776,-0.9581996320271179,-0.7040542017714544,-0.9813699135829297,-1.1093891888253617,0.12599382640253598,0.3279332012709969,-0.38607517914895095,-0.61238848564764,1.1892611819155268,-1.9087866236420272,-0.050031449086004494,-1.4296436614871117,-1.3301040524127583,-1.012784627862442,-0.06900823284064994,-1.0225219391747435,0.5994850645837276,-1.62696115198484,0.0841056924769689,-4.197180423973227,-0.2395854746763263,0.4030946308119466,-0.11859332467629519,0.13968026457696173,1.0096142481045596,0.36594235986960577,1.8073128397648996,1.2670105863651573,-0.26263695724608266,0.2984357400365982,4.081471911476742,3.717825966312319,-0.6327446233123311,3.218679381914868,3.0118056891214837,-2.1515047482261407,1.961356247892418,-0.29197548769987863,-1.1575131079826393,3.338273315083507,4.130496873270117,1.427600746052453,-2.6105473131382437,-1.1620761065856515,0.03461853619580486
-45.21304772599116,2.7944196374043577,-9.774469822303066,-8.58256302299979,0.5805308905176405,-0.7939724812189881,0.5357143181938544,0.5302646920946753,-0.9935110804922713,1.1408862399133692,-0.7261880356487633,-0.2499804709552304,-0.051313674916853264,-1.6216407483941138,0.13393939850128278,-0.42022124234205765,-0.47262927695687523,1.5693411594985642,0.6607357358012842,1.3129537347060545,0.05954946728336314,-0.8172370883771514,-0.6153008829115671,-1.5348931753678434,-0.12249130581239615,0.7574643031731491,0.6065426269318519,0.9457729530762844,1.8175822872078424,-0.15696237565807417,0.5886709908518358,-0.5601358096518904,0.2906832217839139,-0.1775780405526219,0.915950971116817,1.0243250842145175,0.13611222727786573,-1.14035674226189,0.2046141971584686,0.19110091045090774,-0.9655148512952654,0.11337041471169901,0.42814039326062076,0.5072317996597289,0.398140139319266,0.7861663631287805,0.5031888245585913,0.4694848129300409,0.3323627491273731,-0.9224833747367024,-0.8228935639956264,0.1698257077098841,-1.353021688872676,-2.0451925451342423,0.16291972383084313,-1.8841181484513914,-1.7705467551822387,-1.619946945908958,1.6312090826174568,0.49393439481033086,2.5105595503155045,-0.23688632105240853,1.8891865221074242,0.04892757723787872,-0.22277397006068503,-1.187328555591059,0.9271297361085529,2.8639489637487907,-0.13701755449885408,2.6750311022433735,-0.508200910744857,-0.3417499957486966,0.7284864906598948,2.399269590005,1.9369638401760991,-1.222706857795587,1.6069082875424012,-0.7367376866946522,-1.3288012141765098,0.24054617044568832,-0.8906950448185195,1.1651347723401937,-3.7902220427052415,0.5216770933452994,-1.9647563790621612,1.3836241067666541,0.009099320622496633,1.7845114973372453,4.986729699616097,-1.8007371240706174,11.214717842363367
-45.395276418082496,2.890716245760157,-9.611540455897506,-7.371373508608799,0.7841148816133651,-0.2805858949361618,0.28544732941211953,0.3524345944157307,-1.2078011475104529,0.4513896327386204,0.9429718889378781,-0.32456816401766403,0.5987302912121165,-1.5050469293359021,1.338866494291673,-0.6676096244538232,-0.35842304565598726,2.226890740203755,-0.13159120865040108,-0.05256153331977802,-0.32822694038623257,-0.6316723126072012,0.8046032793308074,-1.0099394827255483,-0.5569830306704103,0.295386397191141,-0.01115741743343419,1.6225647153934017,0.6451078694848116,-0.3632439615017684,-0.03372341552867644,-0.9119947639383794,0.3586232856874475,0.5813343241755473,-0.13091799108927266,0.71619359606386,-0.1258405671552767,0.1560586214181236,-0.22909173970152552,-0.20222367374755099,0.2580648951748329,-0.3023763956751968,-0.4374935808238455,-0.0985612631768798,0.6712170394907901,-0.7668083477328457,-0.2691176752101073,0.2148287124298654,0.6509160032274498,-2.0121612811714225,0.4836667797446943,-1.27806122193745,-0.761089065864261,0.07691060572677073,0.07423727556438074,0.6553696240162722,1.2385070869472705,0.3460712948309811,0.4471969535801302,0.46093852608853003,-0.9101367710177805,2.5060752096672827,-0.7754338830796214,1.5106036409410741,1.5620234822647,0.006683540825055234,-0.5930159096675213,-0.4472606990995051,2.2198321104886873,0.5351594321526769,-1.5027146690763913,-0.5354792970181622,-0.4599062105261245,0.8527878819657116,-1.3183421816796332,0.2647915735323585,-1.9229465884891046,1.4115558427773456,0.30157332140357357,-0.8117960186790961,-1.1136645901425821,0.22018711072057584,1.4329302670157438,-2.685202193561076,-4.495953789297391,-2.639843826388905,-0.5464960617819272,-10.12240665688257,0.8189403231576707,-5.249730705015881,4.492958140057076
-45.086579934399474,2.566104610873929,-11.123756215758645,-6.892106765317307,2.015396419244755,-0.4969973112849905,1.3784332279853009,0.17194893075066564,-1.3749431631396984,0.9726576831375349,-0.40480208585863975,-0.866701373955734,-0.36999469109031935,-1.5229293974950437,0.30371043850624424,-0.9519791659396699,-1.0838011289701461,2.034947253946282,0.2900305523201675,0.23370694330728456,-0.09211567919481867,-0.6960367438129945,-0.004880289079002303,-2.2140258357515408,0.5453099430085575,1.0761549149647083,-0.21736423357352,0.26324223679259384,1.304729627302989,-0.10262097984357403,-0.586037547245132,-0.8029274693196292,0.27441762091331345,-0.9559131496263066,0.980561251583026,0.2911598691319633,-0.31844267789681324,0.6794707374310587,-0.5195885466946014,-0.19347470167781883,-0.20858108852244078,-0.1850285339900894,0.06350889972849214,0.4248533736791075,1.2282946453925707,-0.08455618719733313,-0.1747435225231631,0.15776959402220075,0.0536965034624053,-0.8098332363033547,2.4114220291845037,1.3417627640557004,0.5250317245906534,2.583419063307863,0.3211419783760357,-0.2443802350605089,1.351822393135775,-1.022366219555088,-1.3960919474933298,-1.5198629010204987,-1.5213158106110114,0.06481955764971886,0.5670564866552859,-1.4561026231701883,0.12619811773528425,1.5790251574538616,-0.27526297327072635,0.28633265620950377,-0.2314574617554094,-0.009637624351585435,1.114764176486075,1.2580389545769437,-2.466322506419594,4.144363855156401,1.748407797702414,-0.2843035960713423,-0.08383574146466126,-2.4843748737318703,3.5500481068870795,-1.882876453081407,5.062768195834187,-2.010669139447209,-4.480368721817236,0.00597682776110493,-7.201045070171116,-0.279988515546912,3.3628184131834,3.171904049145795,-1.457908266158058,-3.8373638698680064,0.864503414444649
-45.14608905012166,3.874451995713681,-9.542243738381789,-6.604197405629256,0.8104488940415402,-0.09034403792138226,0.9802044534667971,0.7018780608878379,-1.8438035612673156,0.8615290704257378,-1.4569568613097574,0.1551107687973842,-0.19981696611716393,-0.6934634536372377,-0.05854207455925604,-1.403706755001661,0.35126452665105135,1.2581132792778027,0.8462697318561977,0.7943053614561385,-1.09027801219707,-0.5451458284546089,0.6280747328748211,-0.8322491138097725,-0.036809017856689406,0.37608461621245215,0.6704013337599819,1.0834559443996916,0.49103687792144696,-0.23381608271022408,1.6210380037998537,-0.46049115725842527,0.837283403231669,-0.23370559851616718,-0.26213886581269324,0.9813028627919487,-0.06577177190609693,-1.2373472086720032,-0.176240920020879,-0.9426586896986794,-0.40787793574710507,0.5267757692633387,0.7944002296499424,-0.9901513472505846,0.3452969590141647,-1.0119419740540385,0.649714694693658,-0.3358581780544353,-0.7349168117375229,-0.7157954088484783,-1.1797696472444057,0.2599523707785032,-0.467445385654257,-1.5013716451263466,0.18837836264647437,-0.30691235790962135,-0.36192967540271037,-1.0908891761859698,-1.1334151317865848,1.2378038471924488,0.6831115097522881,0.6418746107880948,2.53417066437691,0.8882809679646868,0.24797711720607157,-0.4805676057253933,1.9541938329563664,1.0029747941555327,-0.9786524473144719,-0.7297257633509974,-3.114083273513464,0.7491868914941555,0.24889009176176063,1.811034129776452,-2.649800781376769,-1.9789788907354724,-2.3027076313288113,0.6944521013107648,-1.4230708743100164,1.4222971079445421,-0.9191368024534146,-0.14736828376538588,0.9792580614523552,2.3501048765234085,-4.86425026390768,-0.12865089209629021,-0.7674206336021789,-1.0670753000311717,-4.462860817948994,5.952579269082944,-3.8498845589544857
-45.79586966626317,2.981735864946147,-9.615517280799128,-6.860537768521536,1.3713400026378744,-0.4219126137800041,1.8327566967776998,0.7475962082058356,-2.536333202070868,1.6778483048201513,-0.11997648207736099,-0.28068807479546926,0.5039126897925271,-1.2257437344066138,0.8207385069803618,-1.2609814752966169,-0.652168360358372,2.3212471202995104,0.6191241231034388,0.1279409245521992,0.1998732321231886,-0.5456686622518483,0.4570539466710565,-0.9280090888010893,0.5310840854233179,1.1168222108656107,-0.26573763597855904,1.466018542327632,0.5923531515303273,0.5332306475385843,0.15135332718774888,-0.17170727102320354,-0.12021163478738715,0.34690170421133903,-0.7146069592971672,0.9174223844041194,0.8072885319714194,-0.27931869451153085,0.5486969156405113,-0.00247214921604524,0.014138058832253705,1.3730717817634546,0.27267248959752316,-1.3286060334275056,0.852028327912715,-0.650634109277275,-0.5337839101173143,-0.5241189669148018,1.3143661763031642,-0.35342426500703394,-0.3815356333928271,-0.22645950324438005,-0.8419951412555097,2.3148292907399797,-0.25444881115053536,-1.2281758760090242,-0.6535089319961195,0.577469567993702,0.7110230320307845,-0.9682809954555136,-1.7392218595551776,-1.1682250329716117,-0.13776103362597075,1.0277309843106517,0.3869535527469382,4.895067866554903,0.30275676219581205,0.45743919666319494,0.0024965360629842018,0.7093735950001758,0.47624609901021864,0.7858304820916461,-0.03341827285160062,-0.4582464111453593,3.0737028698134266,-2.886392580389342,-2.3232130338877073,0.7990138810606202,-1.4025823973575307,3.631064002036368,-1.1895305464699115,1.5739292845802733,2.607699575382753,0.411581595506584,-2.8432879545985443,-3.575985974027086,-1.229229030292866,6.391761918914804,6.561219648096125,-2.4117543501139735,-2.6310520986249486
-45.070566897242884,2.3828402330176384,-9.972409379433277,-7.17418474668945,0.6463643717334141,-0.3253855037566047,0.5456613076488758,1.3986261524585704,-2.6457496424936675,1.237720316486816,0.5539179484992758,-0.30380498642691284,-0.36895331739256854,-1.7086034140513426,0.5166415109895269,-0.908601603848273,-0.6357849504569384,1.3747173005592024,0.3934030668584701,0.34822892461252786,-1.1641624415777534,-0.6361921048893447,-0.45550874673997116,-0.7928432683922173,-0.2321516315106931,1.3518461745597612,0.375958422574046,0.9818502992809275,0.9388217105802028,-0.21272790658789775,-0.4753556997023501,0.05296317292401084,-0.1092718430431975,0.2896512080073508,0.398359837298588,0.3496450240419233,-0.589851565281786,-0.6056186127406589,1.2910385314011896,-0.9586492295744434,0.10445005043746343,-0.5566054347828548,-0.41105868175853005,-0.4086490829933446,0.4349531075215517,-1.0553717005609236,0.06923871202672323,-0.3521419385074902,-0.22514726451190453,0.23442327322777545,-0.5111791899331802,0.8411456513562813,0.3469971806543853,0.17521125416163025,-0.3130637402226483,0.7934725065900279,-0.20681738361996646,-0.9899352665217653,-1.8823228403298489,0.6356728366658326,1.405480661299514,0.4044787931100067,-1.7549808481197013,-0.7129488961241841,0.8365069931851805,-1.527585947993147,-1.8911761096076136,-1.527658523745933,0.6023545146319567,-2.257269772208668,-0.06085045347231302,1.9067030456918828,1.7828320408816576,0.32287369057618215,-1.414601235732091,-0.6290078133950922,1.609217368761128,-0.3864122691342938,2.5022478578854463,-2.222551914181263,0.8127245259791747,-3.4522004202031114,2.657403221956367,-2.172690108198471,-3.5063596920165243,3.317699784005866,-3.133481257361294,0.3673401440141887,-4.841494223338291,-0.9340617645035043,-4.974194232969676
-44.928937161797606,3.1008297929651585,-10.120829055841268,-6.152816859876538,0.7022371930078236,-1.402055353341463,2.269812857912376,-0.35938455944911335,-1.2925918279658655,0.9433454128833201,-0.5076846822691119,0.14593498583380957,0.3131681337050644,-2.0749697242617398,0.6256130700171038,-0.7652941651986989,-0.7538206240015701,1.1687147380481058,-0.0430107984785885,0.6460571847306088,-0.16280602376447037,-0.5154680908356792,0.3090186655436638,-2.315022139273147,0.1731585299072638,0.40592799266393,0.4274828837075769,1.535251391804208,0.625816069361831,-0.47532235187709665,-0.2512764287769015,-0.37928129208008565,0.8444183834763475,-0.182637425742231,-0.5478381655230695,1.034305197175217,-0.8886718482782708,-1.2304289492977167,0.42328463861674565,-0.2916928833548665,0.4465962389482069,1.0825915379051547,0.5452001987914485,0.33064073516263226,1.3690823212507768,0.7158669407550379,0.3855020072397625,0.6611728796804334,0.43239271644973315,1.4248225504195067,1.0237868112730124,1.0103693475952464,0.3019823684425867,0.8692272870415947,-0.07349556541501856,0.8126138398627739,-0.08111906433216648,-0.7146061219823171,-0.17302723347159316,2.794573712220377,-1.4518983704112762,-0.5721045518988692,0.7470068944055328,0.4992852887265671,0.2998402727058518,-2.889418681699972,0.36046102021407406,-1.6377585937892116,1.6176992891058743,-0.06674301474072877,0.514806369427704,-2.686893359236991,0.7559854933021274,-1.3064881554052534,3.8960702036823904,0.44365950366259205,-3.5770961534175267,0.03915016312659853,1.342436576660082,2.163201165144747,2.2806009321310463,-1.296729876214454,-4.1467128802667785,1.4455378375382792,-0.6626195580952482,-4.184897565061792,-2.9985648689292885,-3.5674230758904564,-3.80408279989301,3.401117282021823,-2.2053499804108987
-45.65295172236029,2.858779730797873,-10.199367605321596,-6.131962789456877,1.5323045538228561,-0.26553207815755975,1.4843571088293277,0.3028596116258882,-2.2759827788870717,0.9898773916297336,0.7756493052962354,-0.3585215872464299,0.6137549240536547,-2.4179623333893114,0.8083887675362298,-1.1530498942643521,-0.8180660477894885,1.770485207598859,1.3845983412148197,-0.40352119548493426,0.3475543504971274,-0.48726781773109945,0.1613776100199076,-1.7018713264864131,0.0037829729617833933,1.5614089099935813,0.9653954990827319,1.2947330141637314,1.602092752297545,-0.30594642298432684,0.9133599332352196,-1.5530814584998798,0.44258628734439587,-1.1602297320204622,0.08074126207514601,0.7917433287993193,0.12703663971752446,-0.18422274518953613,1.110014916474358,-0.4807387504817498,1.2777469101402044,0.09861723011923049,-0.5121275177312347,-0.45369637971796317,2.131745924331916,-0.3495156084983607,0.6265574105257404,-0.2717229697386382,-1.4149107684780262,-0.689710962987372,0.5969619439957397,-0.6259805903799215,-0.11442460597981194,-0.7717718762759382,0.22859988035551956,-0.8786801502503842,0.1253569845857284,2.4643542600517923,0.9386320889579637,-1.576318618439144,-1.298807167991978,0.3383010587148813,-0.5660289819560748,0.9353480383971178,0.4582367723025132,1.856467693449508,-0.6942335911008777,-0.06457472352015625,-3.1204024723370924,0.9092982761814091,0.20825464051661813,0.8821515912645936,1.119996732270516,-3.5263359960282963,1.265747847567168,0.7951568396827369,-2.824089724350256,-3.4356360337914755,1.8175597860393715,-2.3226318488513433,2.116464645579813,0.7720227274664886,0.19070872981690756,-3.6896405593559423,0.23774379700789888,-4.4937772124952335,-1.909388785842165,-3.9284356752669023,2.726282787947539,2.1916858351515778,-2.124536506129533
-46.12618038289619,2.578322513916114,-10.774411637905004,-7.790839179362442,0.9017424548318097,-0.958418113757909,1.3576766275804353,0.844686341716553,-2.57501688334818,1.7979645055682543,0.5186263580210064,-0.0073333213845295855,0.31732955430866217,-1.7482078602792375,0.22607518927905548,-0.9507209432345688,-0.4154621037462166,1.6483076622209831,0.8231689471927283,0.046488774769477964,0.05298360641451416,-0.05601247471207306,0.40316742622827895,-1.5926643056828378,0.16436173465352982,1.7606968300591788,-0.434038205041647,1.004642023059363,1.597316142223697,-0.6003091132409073,0.07325628444368368,-1.55704434504588,-0.5442111425558409,0.12414577097103525,-0.2123638185145183,1.2964791404284948,-0.20257032874337505,0.16774203928650863,0.757883581748604,-0.8733244254294943,0.37740806240595126,0.5566190858863445,0.6705262092752449,-0.85370977465879,0.8293838567454807,0.21067639792848317,0.5079549109715438,0.7591919500026248,-0.11293045959156672,-0.8613340847864934,0.10488273002793239,0.5502448817377018,0.7543076036249375,-0.15767581562955438,-0.14276674467887104,1.600410271774868,0.30912442339843443,-0.8801158591424644,1.4948328550745573,-0.015714323446904464,0.8661122518101616,-1.255106116193915,-0.12298172595615,-0.8631805949439434,1.4250518888942916,1.1492756296802276,3.4074367465822912,1.1407469718860315,3.1666149067514393,1.909617615572731,-0.9550682171966176,0.056954622176759936,-1.9516619955035603,-0.2047460033571821,-3.342893462672682,-0.3409403715886974,0.21004868904298069,0.7469891649061025,0.6812363860713321,2.3174814400616968,-0.1449958394828643,1.0462439937982562,-1.230758902030714,2.5723636846361284,-6.277619138230332,3.60106878704564,-6.021390720901608,-0.8143307795976122,2.1549999641468136,0.5452587738831358,-3.3023775894165692
-45.37381927362606,2.607830419196148,-9.987405140652363,-7.456897160061774,1.3554867307396141,-0.3736708486622206,0.5186557252803512,0.6011621987086078,-0.8862879355231351,0.7672927526213402,0.34224248993925965,-0.2781830033052114,0.015596259107484198,-2.7101453900173658,0.6255512458302964,-1.0386668919022808,-0.12234352933453717,1.757615233796604,0.14305105038219892,0.7438315875630959,-0.4663279231211247,-0.1264168636051125,-0.5373414569503051,-1.2557635644405714,0.27164597456300815,0.7384071918444721,0.2525481960335585,1.1388177607290912,0.8889494421301782,0.12887446456012489,-0.01689946864132689,-0.612577052274763,-0.5584495777822328,-1.0260543567118574,-0.8052471165851945,0.1596644372167669,0.22571713594312998,-0.8817801750968818,-0.2806505319020752,-0.10859689182362266,0.3905833792719621,1.0548393209032818,0.015830763595077353,-0.9361458548721913,1.0184128147385334,-0.572607696093547,-0.15980029820941422,-0.5767156302724783,1.0084019555736172,-0.2926607927181087,-0.06842203916188404,-0.8192264387510121,0.5408819663570625,0.8584586341195276,0.20859034773230303,-1.1120986664902566,0.9204694265435821,-0.8911706461113782,1.1536391507041568,2.2929594342765105,-1.4785346449879393,1.5923087957919537,0.33850492814199484,1.8746724584583505,0.6205019166549784,0.5873311409044031,-1.996846805169488,-0.2916276930837312,-0.7859198417883818,-0.9558971203467779,0.1072263207704344,1.6378629285261153,-0.21007806172824586,-0.410419728264207,0.8371230587569856,2.700768601248523,0.11148303781098397,-2.900170492178229,0.010078784199310234,1.4820012983343742,-0.19114625997122653,0.6862076968686566,-0.4463904910210003,4.758837688443041,-2.3541199655121336,-3.2315879837514987,-0.1943463150677535,0.4802700115271912,4.971832832784767,-4.638759547007914,-0.5185221664658457
-45.80439136008066,3.2316216721324573,-9.7304950836127,-6.482229184530563,1.168607300945254,-0.5442077572849378,1.225656468103027,0.5864337229280349,-2.963710121412901,1.4590469272812177,-0.4162305217747674,-0.41898165640566326,-0.19998463285273685,-2.0005170057683497,-0.5979677615866774,-1.7616876162297053,-0.45371128329550253,1.3371099023733413,0.39586871193902345,0.072938985229099,-0.32080512592895527,-0.7004875592110033,0.274038980279257,-1.8386685510678389,0.7043262551418458,1.2604036217811547,0.2816209738782982,0.9319744338747931,-0.050586451369816356,-0.06732235045960334,0.685186069480798,-1.1917118908642323,0.06026399174572247,-0.2811720964556466,-0.007980011931923763,0.8039104414527335,0.22982896138700862,-1.0274625548908443,-0.5009539449326944,-0.5888798300723577,-0.6345580436303212,0.5542520148465441,0.5899867061410231,0.04710277130286105,2.7677619098233692,-0.5317208350030993,0.18067814192298012,1.9181723907871608,1.9135703110425737,-0.8131171557042606,-0.6262602925060854,0.3513308305845558,1.9677958608706336,-0.15995331691960504,-0.7245402225015191,1.60723935264646,0.3311484434945684,3.061345048562731,-1.2643485900046896,-0.7268517291053198,0.8320753643105557,-0.35327956122324755,1.1755758067449642,0.8752919600331128,-0.5520070173136733,-1.433168539172451,-1.0121868541995236,0.002910989081622271,-0.12886818840093828,-0.7919685179610764,2.052188705259718,-0.9109670992170675,-2.7739585392871593,2.7532636770571437,-1.782036494110312,2.753099129329412,-0.14257278365737697,0.6586801362010776,-1.2938467843994925,1.080567434470182,-0.2640788658886479,4.14953948841424,-1.8656433977562097,6.207053359556016,4.490987130426494,-1.143021109434409,2.077517322505456,1.657644525697878,0.6069284303654467,1.3735418620031454,-2.1459830550476258
-45.83979890471753,3.2567531730430166,-9.568363770458014,-6.6948034299329136,0.9029185642201342,-0.27784668727987694,1.2682837414593573,0.8277825311632452,-2.2488776369877836,1.0168634985060343,0.15706482446011394,0.793223762734862,0.01439083134278909,-1.090799055654037,0.21501009013938768,-1.4098513088612163,-0.5368473512260236,1.071896544163164,0.3899139074401897,0.26512439000348864,0.6432791355313864,-0.3318093325498769,0.05012234278355219,-0.7034110700383345,0.7511388560958365,1.9790147161350147,-0.2615627640848936,0.9919654336877215,1.0274807421252963,-0.8783845062010853,-0.7908417964628438,-0.45069430629058893,0.08070376197121014,1.2034009776415808,0.6649815624610204,0.552795148180325,0.9520326826564828,0.5889698098225535,0.07787005700478647,-0.9080430586839259,0.5330868624782052,0.7356751880464671,-0.08092655133103385,-0.30323124497303605,2.986745969709199,1.1988692537464904,-0.3116281517030334,-0.9957499072346409,-0.9458005849210875,-0.6565016574154172,0.5049936260807216,-1.1963377716503405,1.1339208786300976,-2.8239261660485706,-1.9951095168064303,0.7632789670617608,0.5076620557766931,0.12018260069480369,0.10571455665518713,1.9431907798441215,2.589252295390669,-1.3651013484251249,-0.5471626954515462,0.7837318117734939,0.7821455665280662,0.6598599670052389,0.76287916451909,0.5532211880902159,-2.6411237392189184,-1.888811889042361,1.9140158057367325,-1.461478599026892,0.6718106593584865,-2.805040582525516,0.7410838132109125,-0.7817334987145329,-0.6143594041366901,-4.258082607344256,1.2007610444226573,2.28198079958115,-4.323194651423217,2.7793443514793945,-1.1983649153602394,-7.8635328066299115,4.569434006949819,3.8064205849205797,2.2076619197622382,1.5463072142505263,0.34681829097579786,5.5369305320147575,1.821606983245747
-45.834992637661486,2.8707556808333776,-10.357691760702215,-6.963332253915841,0.36835878012360257,-0.2868442211268084,1.348690870508658,-6.716205283314275e-05,-2.0720848938806284,1.332039731326384,0.17215021062548372,0.11093407430288021,-0.46013818643019383,-1.9894517132240441,0.4890643329080176,-0.7202667708947553,-0.2467227481507777,1.7585928469089298,1.1856567015167274,-0.4043626252072121,-0.47773873218032653,-0.8386565085648183,0.031062468769829286,-0.8475368419947892,-0.2522086939468096,1.9513031724469185,0.4946994175962141,0.7330958600465032,0.3751561351509686,-0.9428427416435411,-0.25787102928725913,0.1369709688084988,-0.503616424467677,0.447647186766387,0.04297457811769513,-0.031383704719904794,0.581493751413494,-0.7277544901692349,0.5129343973940074,-0.41448953664571897,-0.7738233087146781,0.3437267534987978,-0.07856216072678585,-0.6519030597586029,1.8755923368815337,0.5852257957835211,0.3250751452738182,0.7447509299905096,-0.8861666355409424,0.011660356526638908,-0.8323268546428291,-1.060274005633986,-0.2972256093896024,-0.6203001777391778,-0.7911372356323898,-1.4516671770464218,0.6300765143547162,-0.33039352384693654,-0.4727668289823321,2.9251057099836473,1.8208828822043719,-1.3938608967201427,0.4956284445789488,0.29617666890520683,0.3613141443778088,-0.2486051237662417,2.6982222279336767,-0.5296622014488626,0.27186899138724985,0.005574695333093172,-0.31932027272559416,0.36741724686932703,1.2740319806440277,0.6620421650296202,-3.2522306560198175,-1.3491464778857347,-2.2933701333908916,-2.8481611190971377,1.9076591856688745,1.4803748105253696,-1.0277194563019483,2.9993090573461996,-0.31048211222159033,-3.312988680924774,0.20963976107813767,2.7219087701287235,1.9086338541183938,1.6401794395530367,-2.0693647490557283,3.793489277499864,-2.0665417747098123
-45.23039061609803,2.7488399327209097,-10.068184856594472,-6.926367778960024,0.2382091450979651,-0.5083352994369479,0.04429741688554864,0.2595296294348063,-1.9344977806265202,1.2157518386399881,0.1226943878646754,-0.10485511978525026,-0.15963864115251383,-1.9034038087937117,0.5076444364158189,-1.0872995657139044,-0.1670945758376517,2.402764994727223,0.9388236328258203,0.5601575434899403,-0.37526998040957926,-0.7790179440663236,0.27056884408687465,-0.590582795710492,-0.18091830203685466,0.9246119807891502,-0.0874972518828081,0.36856251923001393,1.3750736693385135,-0.9557375846792986,0.6968775459549872,0.15873955889015604,0.3552532927472603,-1.2578695031273903,0.07966873758741741,0.636106831737626,0.42724530156118457,-0.6468344980701167,0.6218727608010672,-0.49250362344173887,1.5797379024631033,-0.1710372126795524,0.7290475837311887,-0.23979667413168096,1.5451682727126745,0.3056743736777189,0.697943390533401,-0.1744247570398944,1.1432500426325327,-0.17905579760380402,0.3182898356126794,-1.1045493294714497,-0.5053661704396901,2.1787385421669345,0.7055880101766342,-1.2969566757314688,-0.22761970887232497,-0.1256024158561371,0.5939352811262738,-0.07029669809289564,-2.844744020999789,-0.7116570499613588,-0.3040184568148435,-1.403236705558221,1.9429115983340786,2.912144495465629,-1.539568941671534,-0.5362347827345808,0.1943729851731405,3.7422853390709996,-0.5658774551428589,1.0579117218734075,-0.9651979220526152,-0.051893722294241273,-1.5672571683859498,1.1251240250605568,2.2465041771047676,-0.4902319805640059,-0.7099171074900145,0.670033084702669,0.614424852088306,-2.459596936848361,-3.155052523297477,0.2909832417416796,-2.0411808371885534,3.1166731390880513,-1.5025880675906063,1.8798040065917312,-0.13539373059703344,-3.4283579000443773,-5.906168524733441
-46.58829401134596,2.5662139637960055,-10.171391415987506,-7.512215632837145,0.3933846472702187,-0.8954687391744667,1.3395637358400858,0.7225191143548072,-2.4761275097524176,0.45261845722804,-0.6998296911854346,-0.6584961334590849,-0.5252686922438838,-2.5913763397160787,0.38299733075111064,-0.6420391447966228,-0.9246728956366173,0.9924959403262109,1.407529356760313,-0.48140351593673353,-0.8071039263732741,-0.635339744302003,0.49078580382766473,-1.4083542114835519,-0.39896877400336095,-0.18236528341715638,0.6505006045614709,0.21289676678134503,0.11087107354800248,1.004543369882861,0.9226931311329415,-1.1183362157745915,0.5583028754824756,-1.394526504465904,-0.11850988245306147,1.0393376233118923,-0.455087706936337,-0.5030575088220536,1.095962894083274,-0.49232492221942725,0.5981764814568672,-0.06200410549668987,-0.8998144239617105,0.31169540377372057,1.114167808035634,0.40304237518905484,-0.8489027960202955,-0.7967613891916914,0.40080825091460565,-0.018504949378075907,1.968691571956455,0.8503417416438378,-1.0667279128613807,-1.7666676157481809,1.141105132734698,-1.054161692778159,0.2856658683776582,2.1408565905481423,1.2001659258953046,-0.47938372051864325,0.08225431404827353,1.6365407943575836,0.6648570244735836,1.2918094412338563,1.7215105825747845,0.0840499619134598,2.576306002258452,0.36514823968273713,0.08955879176583509,-1.0295865146197323,-3.3851184942446593,1.6581142927894323,-2.3220111323749064,3.0214303604967685,-4.284725018743408,-0.018167594797539356,0.41713013643609925,0.40380204956730387,1.7934504202386223,-1.475035865728,1.3884291325332725,-2.7613507592184297,-1.0592675083478864,3.9371001378303476,0.29787845941800706,3.7984976233066186,1.4022711820535454,-5.45292978179287,-3.5513062470194265,2.1670661531562705,3.534392043753013
-44.53005345990515,2.7477212007662923,-10.53228527952978,-6.596431808855313,1.9429957379194391,-0.6676931952918049,0.7348472696552465,0.5109449146927036,-2.561393818245956,0.960497837562661,0.10512940993713789,0.13994884618116346,-1.4188440392338806,-1.7497765500525002,0.3328750492422954,-1.637602713552603,-0.3196325548209334,1.4783214483014626,1.3692884542671264,0.10630745027602376,-0.3870260333317084,-0.43414776380451425,0.9163700973903851,-0.5644892487199037,1.1377405785907475,0.16606350981090015,0.6102895643336179,2.2256046267904863,0.41067825433128546,0.2653733236451775,-0.440400705046877,-0.3213712019312045,0.5489738094298705,-0.3929776259775131,-0.07127159259633234,0.18932081904412537,0.19418705849353082,-0.6325726422346118,0.541911573729005,-0.5095333000750557,0.3483322217025147,0.7203161513250724,0.36604813779753553,-0.5280213274787615,0.582080826998121,-0.8041803576220681,-0.009267693707969886,-0.8859599371983421,-0.7631600704711541,-0.13024421647647313,-1.348076894547121,0.5333160071738413,-0.688836853728101,0.611802588886894,0.14834339038350094,1.053370735051567,1.4586114456202355,-1.4097163684497882,-1.4929582246188386,1.7719907846492107,0.15966646839690266,0.486303800115304,-1.5874153170182255,-0.8859928417707256,0.3127829107205198,0.010387564030438454,-1.1372711512492035,2.105322178958447,-2.0291085459322953,-0.6070516945709376,-0.6560247591813171,1.6426925468247906,-1.3982182041310642,0.3512173145940104,-0.3679934850103961,1.1366282211043208,2.53836813702081,-1.826016968783615,-4.431967506027648,-0.6154293081213492,-0.8741760396125615,-3.06454004035416,-0.47446031191069304,-3.846489266894483,0.5741514109574893,2.4064039665366073,0.329479389319163,0.20991384639587427,-2.378554257136238,-5.674310859636982,2.9699779561983553
-44.890798317020135,3.4512308087225088,-10.50059040908982,-6.019629965364386,1.0968767177802432,-0.804904726228991,0.8489063625627311,0.3485521640013451,-1.5912515274001702,0.3809890503549347,0.17058275010520724,-0.3576693576641099,-0.054039526858719135,-1.8314863153885925,0.44881297053835584,-0.8957467734465376,-0.9585049169665748,0.9523877321131137,0.4798928782803794,-1.052422336414924,-0.1281729064803652,-0.8971666057822194,0.30506193514078017,-0.9752025702123751,0.1752524796203806,1.0881491006160913,-0.7341533889875665,0.10770731040363399,0.4447214470822743,0.41016000531705854,0.0999651709059742,-0.11594655072373518,-0.12940593731489808,-0.48465911659901373,-0.22650964715767627,0.8262330329562094,0.9097236589504101,-0.11685783068891,-0.6240451046587088,0.0954702903783175,0.8689875832334345,0.20253465214607153,0.2187322626150877,-1.3389827424088414,1.324287292064701,0.6450314576538432,0.10434846159249964,1.6641143494653512,-1.8790313320110057,1.7483977413430107,-0.6159330268056988,2.3596971404753275,-1.4901263938286307,-1.5220210520809685,-0.5670289581026605,0.2191179062720144,-0.873648708153259,-0.7221556965354181,-0.9208295755943047,-0.3586218452884402,-0.4689220155212688,1.8773826420072224,0.5363235296490797,-1.1921577535032186,0.7730693182321035,-2.368146051447535,-1.4909821701691028,-1.5839969374351421,-3.9161590526357357,0.23039622734702858,1.254134444284677,-0.5382625334533317,1.6489193642930011,2.1271437880151565,1.878950085628653,-0.5012553420350832,0.6077723857791895,-2.5258704193071497,-1.220729046825131,-3.823629240238848,-2.3243636253579463,-0.8869499398526727,4.977452795704705,-1.4317979557248617,1.5461722238238709,-3.019239326672856,0.8488475188047347,3.4348713538641857,-4.22197106283228,4.010913845109232,-0.9299279079722859
-44.922034058416116,2.266244285919777,-10.24891367188205,-8.131091409616765,0.7505618426496412,0.43291982228754283,0.7694734868379277,-0.22607147028626082,-1.596399149851365,1.862868875881593,0.8993409736404637,0.33894338510639926,-0.14353707994149614,-1.9017440630989837,1.357805958105381,-1.3810868599107233,0.14204384327079755,1.827492868549759,1.2954440245671144,-0.7354345602191062,-0.11787226506224152,-0.41747577417771764,0.11272217711447174,-0.8408751130933413,-0.05566834331788428,0.34142633906054415,0.9962878455162816,0.8684649596382961,1.3098300656429205,-0.03066673943151187,0.19285398284595384,-1.191415437600532,0.3528066578251458,0.14338954745010177,0.805375687330014,0.6813557624718946,-0.429280443443207,0.33460669639025875,0.7967369466323776,-0.2450009614377769,1.3768381171413153,0.24878604712968677,0.39125393905591344,0.02497811724134186,1.2051851430203457,-1.6078438448248193,-1.78023258999798,-0.3081129454395228,-0.06827714709965985,-0.9045208453100944,0.27385470366390746,0.557386323067143,-0.8505375623805876,2.7536933632601217,1.2104419626971898,1.8200905230453994,0.6078316537340507,-1.6185082111980973,-0.04244188400031107,-1.7541150985403122,-2.437805626393295,0.2776885491315845,-2.950817385362598,-0.6130223487519458,-2.4867077644171203,-0.932151945865837,-0.6503682557252937,-1.7928009161883356,1.4189101877147203,0.14016172201345556,-4.85538723721467,-3.6666185368838704,0.32351731117040244,-2.787676123231057,-2.599486402495526,-2.817198915082076,1.194167793416161,0.9199573042310462,0.5558314984378616,-3.1782272212647276,-4.745891794735088,-3.5926798345446147,-2.435009317293027,-3.7579852205745965,-4.734357383595202,2.6238128456162007,1.0267624376832323,-1.4774184348221302,3.878710112848136,3.281915991540607,-0.6684919967609229
-45.56509705016269,2.7531986065280063,-9.921991859411238,-5.942771323374019,1.093292445351072,-1.0959385513632727,1.0765440274718565,0.6243442600058997,-1.7319996629764944,0.6346581473442476,1.1414031225249148,0.1976155765194049,-0.4305658275257519,-0.716403857184076,0.6718140180494082,-0.8327771100669531,-0.9384012394141873,2.147954155106667,-0.12332586778555381,0.2839917407704814,-0.6379055165666297,-1.0221848269580192,0.3117281740818287,-1.212555666596306,0.7953703165495531,0.6365766873152168,0.46207695105435304,0.5099913567918534,0.7549811322492249,-0.19066892912964042,-1.1680885627156843,-1.0135316770018374,0.5683248703041597,-0.1650566355628858,0.48017471242914617,0.976616159992962,-0.26245509197983236,-0.16124705470958503,0.09972541440555888,-0.714116222591217,0.7235223585905708,0.9638618700867128,0.3115227167204478,-1.1773884125976322,0.7877980152675238,0.083374868910441,1.3810964962230812,-1.1171402951449643,0.03179339696261175,0.19780746490067655,0.5953884057887614,-0.10009268453724783,0.7451942199436826,-0.9052793946726974,-0.7058826364272293,-1.3902287257320134,0.5442422593297174,1.613199492993564,0.7529063938488424,1.564005968699523,-0.28472588379230407,-0.32599855891140017,-0.08126890202735813,0.6990111464954527,2.1132878043579684,-0.5172427129650344,1.096628049439005,-1.2331057963547767,-2.281456352635853,-1.6707983462708709,-0.6776218863132255,1.7195458766293252,0.6753450976537637,-1.3471832885737187,0.43932518491499445,1.0197210419130185,1.3687326272826652,-2.5253327603058686,0.1073087334397162,0.11774158084850325,2.5537406166373318,-2.490359011862259,-2.964922447844873,-0.33597507550662653,0.47284828500746157,0.15251315164149634,3.914563391558255,-0.8936240391018347,0.6632662405710524,-2.408133342444723,-4.477244327880084
-45.66928166743287,2.529776482670217,-10.666340535391006,-7.88375441704636,0.29672589343345723,-0.22055899031678589,-0.29897403905480097,0.7679189675054102,-0.9253898733066439,0.5235551911352798,0.18421936123267435,-0.6433938960319712,0.11066697537899954,-1.5666630400818933,-0.5353947996165326,-0.3325723522453592,-1.2123472371290036,1.6048967413417912,-0.09689227427261295,0.40549825007854007,0.6060787132933797,-0.11268998796660755,0.41439752447504374,-1.589281666347409,0.49643827841669574,1.2318057818528252,0.38830512869461487,0.7763578637701403,0.5280136509580375,0.46467741472111074,-0.20867547869755407,-0.6584335077052121,0.3460340376157425,0.046773183198676994,0.4666796639929403,0.7981435391530509,-0.1318561712484914,-0.5129635507375971,0.5024602022898151,0.2314887521438134,-0.3402599163071251,0.3293349687827451,-0.01943630312283112,-0.05798977162807083,1.090952574110568,1.0054724718946795,0.6375431841038698,0.6209755554985537,-0.00981912549338511,-0.3221222315864622,-0.6703075087385655,0.3904630217188546,-0.40898680800056303,1.2131966856910288,-1.113616532791697,-0.673344214486826,1.1602244806364996,-1.3396189924986044,-0.882790805783011,-0.03975841697994398,0.662649234384258,0.5426585457994371,-1.5827919280401428,-0.35308741986018255,0.18923623660620933,0.8946117854039333,2.3140562110635874,1.778597119841016,0.19977302486775275,0.8722288777049833,-2.6370361254575903,1.189914743545225,-0.41621222924313844,3.1915237259275804,-1.5593160827939894,1.1121894643170633,2.0992095134008837,1.7232859401954137,-2.598915125106709,1.6426923921127423,0.3617348135282547,-3.017980161326667,-0.9859946790838723,-2.710107656537775,1.3285003574812697,4.089398066008332,1.7493098476744091,3.150653591740396,-0.3126134267454192,3.571923203615269,2.525357841868254
-46.296921181770564,2.9406424427714737,-9.995371087390907,-6.934736405795648,0.3036245701117215,0.5109273083824843,0.1574950531646537,1.1863139719722493,-1.961104973084673,0.6252544460295908,0.32532486746149675,0.35132256261610445,-0.2147741757233915,-2.58655627269692,0.5401328067896841,-1.4029157919499462,-0.4994543514573671,1.2110695774321887,-0.38897184328774265,0.0005630831948299586,0.6776767919896513,-0.3747956914877879,0.06007715168506469,-1.1356055628670443,-0.22327788596811132,1.165786263268495,0.6519032771266331,0.31885440374412544,1.3889304417545019,-0.5079326761079404,0.10477931660796108,-1.2420157969237544,-0.11246755710950469,0.25663587726348525,0.4541463794334507,0.12108538749301456,-0.02121315562368468,-0.8115466649641808,0.2951048925325538,-0.8084945246356077,-0.3655280199415157,0.44718682419704225,-0.00036798658955133185,-0.11148118165844782,1.1168248910157816,0.13067902734349895,0.36587727004286474,0.0749687222389533,2.0757706381195824,-0.8712647799572875,-0.21304720282199485,1.7303132406238286,0.3180008007426632,1.335453241222654,-0.14210385426515706,-1.2158226888890693,-0.6591867615234022,0.9666414596958759,-1.1867929553113288,1.0411385672350175,1.0375077602631628,0.8094950797223414,-1.2387688883426504,-0.0030072771985157603,0.17438233722449548,-1.4449912457895242,-2.093739402367599,0.7284331395644701,0.40567055077515884,0.14932495119471717,0.5428087396532151,-4.075758373845805,-0.34445556637886077,2.7536540238691116,-1.514559441120438,0.4267058324674193,2.9224077941783824,-0.6313676956741155,-0.43630033828063874,0.9331563276601941,3.038817708581029,0.047304201185896184,1.6720967493560952,0.23703606625936746,3.061574516232679,-0.18093088752470918,1.8768947817490746,2.361681596253132,-4.914955198215392,-5.454280354570715,2.202881259680075
-45.95976874465263,2.9410727897593723,-11.278979255759781,-6.902417757025884,1.5433840025758796,-0.5356212513141703,0.8931987004649494,0.39279165143077266,-1.953258959918944,0.7053564488144566,-0.0048699764308300164,0.043850841626464056,-0.03334225537078297,-1.524688476531909,0.899810672095207,-1.0016696755218304,0.10246708508715496,1.5161408408613808,0.8029495120360491,0.0812253792406679,0.0028814869885719165,-0.7512112417328582,0.3055915683884623,-1.05897574329349,0.5720063385202733,-0.1876779523829276,-0.0962114651405713,0.9925478229643663,0.9339649782427429,-0.22750363727439218,0.6437758634700642,-0.6057829180480457,0.9213536473463017,0.8639096794484031,0.2752872342259482,0.5287216877328872,-0.3393062368366093,-0.3169924653575496,-0.2707070756430822,0.3518844848974569,0.6166421972834337,1.340006886330114,0.026075805514134704,-1.2475629032952886,0.5574153527922957,-0.9735085266986461,-0.7655132269153109,0.9321630460604814,-0.46381285386698035,0.14533387833891273,-0.3751738164323327,0.4572121440337647,-1.090356305577863,0.2965472492904466,0.2872633386191145,0.45066866592739724,-0.10110505011465581,-0.020180029235168994,-0.9731307631570151,-1.669410519298659,-0.7211240729949544,-0.4037866215952692,-0.30250898248165387,0.6479450558263176,-1.050647506600663,-1.7580893375085092,2.3310641372483394,0.23651326975803832,0.5444667612845725,-2.2129424042746098,-1.066366901608654,-0.08420953703718814,1.4779366128216607,-0.9147050179470738,-1.7559515780747796,3.6312721893524973,1.4930319391454874,0.16631393018109988,-3.889561766483924,-2.9929111300907656,-3.9180326077745216,-0.9070617770170838,2.0475937339556163,-0.2516416331838681,-2.029790808193222,2.3827205833463454,-2.9237196298211243,-2.1226755208391506,0.9954930410254816,-1.8401609994818975,-2.692369047906671
-46.01614157592179,2.615735233647761,-10.975047178571081,-6.698638721699816,0.5319404682982579,-1.1490683712077847,1.0072963244344795,0.35592409874699343,-2.183058034880815,1.1786075098330908,-0.08186627730183658,0.5290228375137284,-0.091395351536965,-3.063955600902242,0.41753553408789673,-0.9414534902475313,-0.6676606093247229,2.1882768256724052,0.3724817465617827,-0.02215109249524954,0.04020811690503733,-0.12812646629563176,-0.16398569483356962,-0.8544836345508257,0.28154574513540653,1.010930102721533,0.6284933650112882,0.9693031226680258,1.1659144377263835,-0.1826710964713902,0.43239838279602727,-1.5212108089803427,-0.7560787155934899,-0.6873094737770044,0.22411804579789615,0.4688928853886251,-0.2410132772283585,0.4045853989322587,0.09388698811050847,0.32080644473944436,0.10327143936993159,1.1511329462281623,0.8444385691397873,-1.3204978223029775,1.3383259942263828,1.0993902613227875,-0.2090516087688115,1.5476317954549927,0.21085204084547288,1.1856950221978964,-0.8647658779364794,1.277930535165433,-0.6961335213433036,-0.85267759469624,-2.1370611106646504,-0.008097432100039558,-0.2942984570830979,-0.949421584924781,-0.02221157952898193,-2.561567173451346,-0.6613541865063964,-1.1428019549648587,0.3920131059511685,-2.1023035798806737,1.8459612852273641,-0.036255304437815064,-0.18744617582764428,0.7836531829885692,0.6194799903869406,-0.6480305645770625,-0.34593213139201917,-1.6694378688292677,0.7680339530956296,-2.0666775565284,0.9998306629125749,0.17651273622934183,1.746412440810285,0.8949379500761812,4.213865320913499,-3.1082045911237794,1.395749260308835,1.2697665085578929,-3.72861125580637,-0.7006964217016542,-3.598702505580702,-1.14462723008052,2.1901881139450916,2.8064963825256495,-1.8568825155637485,-1.0802514324279482,-4.20863865574933
-46.45545968848997,3.0641676645576483,-11.028086852700444,-5.55351523319614,0.7332944634456202,-0.2106597384855622,1.6285508096177737,0.03583892182476324,-2.131572930839616,1.0405341624040167,-0.0031148218383298242,-0.1442048412786422,0.6233100854500528,-1.995675958021588,0.4558095331244707,-0.6227839871343064,0.14281925773262305,1.67508308732717,-0.21261372598539144,-0.8378527726604491,0.5644060691899467,-0.5188720584636637,-0.35764158441938126,-1.4962993706767047,-0.26052023353304327,1.7639472287914557,-0.13649307192619517,0.20741759976105673,0.737877167896766,-0.2979738667763801,0.14554891049823346,-1.551304730165666,0.006931144184448016,-0.1352429089128617,1.3206355723478658,1.2556454063662148,0.7331427329834763,0.6358050742794688,0.13206657052588336,-0.4663738333782172,0.5635699381481836,0.4793696955363843,0.5967817638822779,-0.6267568706346921,1.9622200768218752,0.8668417896710116,-0.21906388578710484,-2.1678198017394186,-0.8251131269854914,0.4291569074590336,-0.9119505411892929,0.26890016542651723,3.5389708497901218,0.9570518036713809,0.7100322213987853,1.5322205438888918,-1.7407516060497572,-0.4757167868033055,1.8262320661575333,0.05055565975176003,-0.4697451552918249,-1.20346610630356,1.6961849706233967,-0.807464543789833,-0.7705518954003929,-0.9571131182079857,-1.04451260774547,-0.6965690279343834,-0.8889448325016216,0.8985698724162339,-2.6847379690039515,-1.9664460491674713,0.49099651627728763,-1.9280933956318373,1.600744340818638,2.0471240527372174,1.706539918118688,1.324087650700566,1.4862391473528598,-3.531426748473596,-5.662989904836769,-1.344540171439457,1.4595607013309242,-4.9599806115219165,2.778851505906868,-6.788117918655144,0.07774856346079248,-0.3927216357868285,-0.6574183476142482,2.938345212813637,2.4024480212645503
-45.686591217243475,2.8635780682714937,-10.004609966480563,-6.888892096832405,1.5326666478420603,-1.2575038184342373,0.6272381973731359,0.42889355096793674,-1.848637781080926,0.5730511139184459,0.5463327490690961,-0.09751435660779027,0.10746466227123186,-2.2943562660980468,0.5781313674634262,-0.9686646211873652,-0.22718267706939305,1.4416014137351603,0.3440724345647577,-0.5492613127421331,-0.8979114837861721,-1.165075593606203,0.2673179693614481,-0.062350716177736305,-0.14384009385924487,0.360803024417822,-0.0827108410471106,2.1509485745224475,1.072247518406373,-0.9362790112835706,0.9462283645691827,-1.016338218684589,-0.6753598044042991,-0.6919496318675408,0.8183064593261811,1.261809644512654,-0.28630837384312235,-0.5432760663638005,0.47496594879303244,-1.0471962528056742,-0.7525079904332977,0.40040140127992424,0.1798079544646652,-0.5665291223368651,0.9829450085751386,-1.2145928012581544,0.6223352217582651,0.0959598423056684,-0.4580306157760983,0.029022815163240668,-1.5943789778493254,0.2291829445462929,0.744220302397873,0.857439517334522,-1.0610747769039703,-0.8678625664108662,-1.2533637640867448,0.3599542421473644,-0.31250001960734175,-0.924744025253661,-1.8275623948039963,0.642942307063788,0.7389992929103156,1.0296397734967593,2.483778065215452,-0.9417821580073195,-1.105942204249312,-0.7108767303751446,3.3871394228534393,1.4510475343993252,2.526309127259705,1.4310806953610626,0.3936646991177228,0.7904308125779447,1.0477041916399839,0.9238795911119327,-3.4326399504920166,1.1272789333738764,-4.192116153053361,0.04986147869479843,-0.8497877149699076,1.4800564710124546,5.396149058572746,5.974804178216357,-2.0185257601330715,-4.321411060834403,-6.50469412573686,5.1301897783097274,-3.4566844130250223,0.10517103699316284,0.7159816734259632
-44.61113832995353,2.0790203768264575,-10.830134813101793,-5.921331273310531,1.513864761477813,0.10960024087757607,1.521573158061007,0.5273504278741408,-2.3495902687141212,0.7034865237536634,-0.49391255825666447,-0.03464531973416242,-0.10741796207333529,-1.4661233460789365,0.6479681547731602,-1.4170662467978583,-0.21393162216047573,1.4454567961731537,1.4930471566356258,0.5361823586496993,-0.5587994846081918,-0.8253260256290975,-0.37941670446573517,-0.4655851418865159,0.3039859274339969,1.7127930017024284,1.6162652418543126,1.1251017187736791,1.4864393581420912,-0.923324786378614,0.7065270278297542,-0.31611464316266974,-0.7665265996928285,-0.6199327983792963,1.300045457481269,0.6091777908664364,0.32235896485320675,-0.8948442984299841,0.005353322093270732,-0.055362172323401314,-0.1911205069214378,0.5923047638259665,-0.9511567581551085,-1.0102219879721879,2.5631308007820546,0.3708346282258468,-1.1106700641330782,0.03333512589427357,-0.22211557783793207,-0.08853464290033165,-0.1916722045684977,-1.292582800725882,-1.114194509406962,-0.39406450479339156,1.610161130541288,-0.9733948171337369,-0.7767230582691603,0.30540913717684587,-0.061688175367247494,-0.23696691728120178,0.7742419785298803,0.299349459247912,-0.41560695071349246,0.9576241538459668,-5.205726778708453,-1.9923789419935305,0.1642245922344095,0.05786857294951255,-1.7489480915185944,-0.40177481364621315,-1.1616134139879446,1.9421655550617762,2.130683382388077,-1.1739972214208871,0.6974122755864524,-0.895385653178593,-0.18046447524888704,3.005592590617758,1.379780099194816,0.31437030808596245,-2.05921291292362,2.734518891904921,1.5816095168989412,-4.520793234518222,0.9721925781470044,-3.501499003692727,4.772243113052589,-1.212964899356332,-3.5740308573964343,-0.7506618574806506,4.320675506245048
-45.965616651282765,2.610066924508928,-10.097907517924096,-7.720918363527562,1.3585651586433993,-0.06857445645610533,0.5667411146072208,1.124577842426335,-1.4354740265934425,1.4025455861670586,0.6534558588238213,-0.19877960699315517,0.2770440681140069,-2.1855269566751563,1.0641143514445426,0.0326056520047431,-0.582458696675581,1.540585880458178,0.5997236618202976,-0.1670828970082,-0.6359411542204219,-0.5312321860924792,0.22608676100854555,-0.8902739722622871,-0.453093186463807,0.6198430909142927,0.010608274267230147,0.25714111091151576,0.5667914234110808,-0.23388812383384427,-0.12998720926997195,-0.9655106148780079,-0.08909000959344075,-0.34451052405448696,-0.32681516691502327,1.4301052980254045,-0.12229915443061662,-0.4602506062083713,-0.42703016493768003,-0.492679895347658,0.3878713247924412,0.9037495900602154,0.9709244762983991,0.3160437231873676,0.6622405298781205,-1.1135241819995971,-0.9238069201043367,0.1158972339529226,-1.2552723605770162,-0.43342128367551347,1.1620684478359737,-1.6727621586823833,-1.600992910090966,0.05034715818028831,0.38171480528668383,0.8331503443241379,-0.1166471144350889,-1.3592644214769962,-1.1821235670284087,0.2803618548943603,-2.9846432610076024,0.1667395784057029,-0.42697442012965975,2.5485462200649214,0.13519055125710375,-0.8013209738490107,0.15117438247325876,-1.0054104434101327,2.8682667876824075,0.5121133788944479,-0.20686489756148196,1.7415679870991536,-0.43138506272896665,-0.563401955331049,-0.29744243787970964,-3.8605385364336677,-2.287296163354369,3.2022063732790156,1.9225325727597355,-1.2439403321126312,0.9065478310037147,-4.505735031577216,1.013605209486478,3.088306671074026,-1.1892468850857505,-1.443417714976528,-0.09373640257050977,-1.5326108866266261,1.260969234936733,1.4323442950806358,5.440956720400923
-45.5045311246188,2.032435161025752,-9.975998570428375,-6.675384835320306,1.3114839556816111,-0.09839872929499102,0.6012682264977461,0.9310217125781277,-2.2499289236228712,1.1029240955670283,0.3688158097145065,0.9405683929338012,-0.36656091206720987,-1.815199293218647,0.05715293535839085,-1.282121973880579,-0.5800758238494467,0.8249383987147066,0.010014421963063314,0.7152519266309618,-0.17596170851746679,-0.8833543381107161,-0.8170885857567705,-1.4963986277015238,-0.1784099391222752,1.3435977299526827,0.08085547444149249,0.6711741433944105,0.7396302134857168,-0.32157686293297,-0.20195697510633207,-0.11653720526436118,-0.21469794506610904,-0.9688872155381728,0.6156639070343998,0.6693941193272382,1.4657591190527122,0.02337126600751637,-0.7194732038714551,-0.666498913963199,0.4210599108893098,1.0856218467308703,0.062093934167258814,-0.013649732543628241,2.0838064761999853,-1.2755831797144022,0.9823771575602513,-0.0977753408858517,-0.1536726697512035,0.5342229352470631,-0.5682596147268183,1.8078209011305444,-0.2929596926801307,0.415414654505849,-0.539310686336488,-0.8141536552555118,-2.4395117691207426,-0.3960536744604548,-0.31625403627782445,-0.32339801386763406,0.916339437172569,-0.7176978022965804,1.0855804472610149,-1.7066356844760868,-1.4939046665346771,0.6404300497798812,-2.465544349535818,-2.6001403841754547,-0.011422306616329534,0.14745480599010655,2.7877935836453935,1.0329557975753922,-0.8381991411964012,-0.01839546368747709,0.642093036643944,0.7311598140307026,1.3052249405576832,-0.12450866753332149,-2.4999837787120676,-0.6871810904076676,-0.9894292701234294,-2.150290884614648,2.7690101893678882,1.3771348291660461,5.019955972098978,0.20698177741818988,1.8514238172848447,1.6346983927015342,-0.7429302242623034,-0.514366854959249,1.443858106936292
-45.209669689270804,3.0553540545232014,-10.0025207231846,-6.170947800681854,1.86508633315343,-0.9245769859311826,1.066384468998089,0.3651007505142053,-2.5483578114395375,0.9654154115134029,0.1692468193959172,-0.12935587514536243,0.24392749479835252,-2.175341369268242,1.2074203250226507,-1.7601582801183837,-0.6946719384511458,0.8723124729907388,-0.7800647242502049,-0.12535989092911595,-0.363341686152587,-0.8243310096675122,-0.09280999870755972,-0.07254543995604554,-0.2755663075298677,1.259148036496309,0.7217252402227068,0.9227645758558045,0.7624984117151058,-1.2417489453482378,-0.867887646411463,-0.9310392216083998,-0.4877688343965852,-0.014700731553121037,0.8826378276821927,1.3503206701796928,0.5034374795435088,-1.7725041823564702,0.815353643277592,-0.9654937855220473,-0.12490595275417593,0.9272658374369229,0.15830293924837835,-0.5572104272919598,0.7744968384797589,1.310924313035899,1.5317161512295763,1.994973658824726,0.886003832860048,-0.8543783871154508,0.41922644080360644,-1.8958766896292818,-1.1153701569460261,-0.7111959787839154,0.2149564903876041,1.2058815447658977,-0.194764364626253,3.3695387671918398,-0.5713735117355283,1.07910840434831,-3.1607420966330118,-0.506938435480606,-0.44256076308497194,1.752554308605192,-1.548527944482769,1.5189259991067057,1.7897950437838026,-0.8956705050154382,1.3769989137299627,0.7846756945322308,1.2046511189854838,-0.5732724472800366,-1.0446150263348877,0.18046435980599335,-1.0917693221526639,-0.41140849685397873,-0.8799030213683584,-0.32434898818881397,-5.66138016209373,2.638734645129779,1.0399331654029218,2.86109722589041,-0.22196539422632336,7.477129472657372,5.792329083234564,0.3393502670889012,0.16065454214363464,-0.09215945550042882,-1.114635968867287,-0.3745471356365321,-0.5469298698665942
-46.3962567474407,3.292876361150062,-10.176665395055036,-5.190523015412531,1.209796367636282,-0.41455671619638584,0.4196176888846059,0.9708188146435499,-2.1692070132019254,0.3490684227218819,1.0418833305923674,-0.08291384520955661,0.21305298183143717,-1.517277563409141,0.09995684304387187,-1.3011556845042014,0.09761733879049611,1.976073822645483,0.3537028126985628,1.422468905817228,-0.16089860642727422,0.17826568604414186,-0.02365336884831679,-1.4097191942358278,0.34840791864360265,1.251942703106774,0.15298512286422908,1.4517126406010603,0.3525996964230689,-0.07920410947268058,0.32433660063931935,-0.7035063098446939,0.5502783087451398,0.7674933269063924,1.1492281061796359,1.5569542168350883,0.7077765932102775,-0.3698958156827548,0.1415267502626405,0.11175683917155678,-1.0590627571720324,1.4322736326482193,-0.14544752481765175,-0.8851344778861729,1.4938843610775965,0.9986595642742359,-1.177529191110721,0.1247630898211757,0.8983291522036537,0.7151109602462453,-0.17494899993884935,-0.46605064763534537,2.240307310571326,-1.1411468962883113,-0.5234390314521331,0.5588082606350424,-0.10971043124518917,0.48743689860428036,0.8476269669444542,1.4742167874040755,-1.0853968304479644,0.3308758298950018,1.635192961936027,-0.6490890836927078,1.2670379444875395,0.9386260759029496,-3.73883983693669,1.3029510881062456,-1.6593008301696193,-0.7781698724911517,2.2251650726123513,0.18145730783620084,2.6359265623654204,-5.929071135196899,1.9431038916528243,3.1088383257830032,2.5166206294946347,-1.0004703052273063,-0.03184159836463399,0.4844189762124966,0.5121889173386163,5.99876732757933,-1.9766462566093501,-2.5416330607676185,4.771182263380425,0.9293622556247968,-9.005790121999077,-1.5321008121755808,2.7758198331339026,-6.8504209926457325,1.6752820709978677
-44.216620948685666,3.424897306610603,-10.42760267962781,-6.0264502054086675,1.087410141297464,-0.8218573374877242,2.1414088098714696,0.1364854109698622,-2.537486054900631,1.6080027459202098,0.12172166062862574,-0.42682091364989777,0.014497833900810067,-2.152365564547035,0.3477016159701802,-1.801242032686026,-1.2905015836646292,1.9809449520179914,0.6025100065347333,1.3652700293954767,-0.6420589386461909,-0.784636102853521,0.20673522583041434,-0.6573062180314594,-0.1695544258673744,0.4051224076879387,0.39648865137189754,0.46116830966261935,1.3049865195001729,-0.3392948465648036,0.6299571477151233,-0.36685646358557317,0.2931297556309766,-0.6643720007761221,-0.1659286687003774,1.0343591384303212,0.31279817276276994,0.16460109256693212,0.008868709831184984,-1.0240485550955245,-0.12795656472963504,1.0252225430754074,0.5725657098709891,0.03612624389151726,1.292114990821349,-0.5241764621319558,0.9521670920599808,-0.11676217270999213,-0.7705298554168637,-0.11254990656129908,1.5561663043764755,-0.1391710719771413,1.4523996617413615,1.7668121138925872,1.5142881317987005,-1.2205559809404682,-1.2379670821397701,0.02702139156320282,2.524096023686638,-2.08714612051812,1.4944938908328471,1.2273824848953834,-1.1550946624891407,0.6310722818478011,-1.7830926121655564,-1.3026792222940224,-1.636919333781505,-0.16637071977183188,0.09138360417891746,0.11823550120774236,1.6846288784765617,0.031102713499338772,1.322096364322622,-1.8058125466588397,0.7427787313609784,-1.9603858719854348,-0.562227298936255,1.4971743146495742,1.738751524143582,-1.576671384761384,-1.0843809328005933,0.18838083571290462,3.0813457621818245,-4.438785610761069,1.157187929379721,-0.9524411501411245,0.4810866411681111,-2.272330427639625,4.67621111265317,2.7796171567088015,-5.762947987875572
-45.675901619299715,2.6914745230091115,-9.996455301698433,-7.632576157943652,0.3781254569525646,-1.3533482620378894,0.539011538018076,-0.06830237915090265,-1.9972950823970208,0.9906615326919099,-0.23234365603638857,-0.35289627188635114,-0.1377535652778445,-2.4266347795058825,0.06719862313739122,-0.8806332089003082,-0.9892488349732194,1.9019601323899373,-0.4618202600206883,0.0880874977746668,-0.2909879304668748,0.10146799368376587,0.14152730282446108,-1.0555664605661237,0.3215353677240956,0.11937458195831016,-0.5134548690204982,0.8012332388449649,1.2928711699252196,-0.6093325607320051,-0.05948035484332931,-0.21860164699607723,-0.09527749798998332,-0.23821921411230085,0.2760327038180023,1.3063674685752908,0.1870159178525094,0.7731999618900796,-0.04884460032100467,-0.3511108098888183,0.19978217590230327,0.5486298099605028,-0.3130667501941959,0.7918451375029146,0.29285348718586557,0.05493523842727536,-0.8345838527030996,1.4041447870902048,0.43057525579141803,-0.4845227247315267,0.15241612016375566,-0.191087305852926,-0.2862354366665629,-0.9145697332082318,-1.1440295471830388,-0.18223808819429022,2.325675752673673,-0.7059834599775391,-2.7884594057715937,-0.8409825817298893,0.06988609107770132,0.7619988756137726,-0.8910741073789492,0.5967214643588925,1.143901946517998,1.6057897551827514,1.9149874129823674,2.8350698074598015,0.10583030518785426,0.8603994516225361,-1.3724262270632694,-0.14146308569205376,-0.9942855648933876,0.3481184863155865,2.1036612309325133,-0.7241888759474493,0.12770239106845357,2.719879870165114,-3.0226098077962815,1.4449612373844654,0.4246635375072989,-1.4556296594261757,-3.8545215475998345,0.3898401624320016,0.5229191379755546,3.0055927837899463,-0.13492748652591496,3.498865151825525,-0.9375666608185838,-4.2430116294272535,2.5327387537643453
-46.21427479384271,2.0855679095384234,-10.376091900290868,-6.684079452094097,1.6655777208075042,-0.4127766543173227,1.8058386684987882,0.6844391837430259,-2.33468910344142,1.6843925288545059,0.0022879688851891603,-0.8696932863782585,-0.955944559119523,-2.914076915918452,-0.5496989305292748,-1.2561160684362154,-0.4406196908943349,1.9342810534748456,0.7324438846638162,0.41627943886111657,-0.5662780689331474,-0.5871800424663254,0.14019570043357613,-0.7181924271210687,-0.36131934452918146,1.7675624684310902,0.6335523332739131,1.1624376112926105,2.304903788898108,0.3429359470580343,0.5386624239398053,0.02509348797743146,0.012577920870196517,0.9325207478234442,0.3568456756456151,1.3543946253297778,0.6671768443432037,-1.012798570120715,0.28873210512630976,-0.1129331369940668,0.7272379398958241,0.8138603012141126,-0.08139962853847549,0.0841878278424536,0.8519992119879044,0.4055656657530861,-0.06426550139097216,-0.6656099612088261,0.8288699522893826,1.7647956054692613,-0.41161579098556955,-1.288873249198503,1.0603863379394507,-0.8355966635913396,1.10471110795539,-0.035979551505143384,-0.4741370266147746,0.6014701266413133,1.0692151439616764,-1.500695282310901,1.890102005157484,-2.137681705508412,1.3907947921430184,-0.030096821848267768,0.535576538588433,-1.892882573099486,1.589977199832628,-1.9453366354535055,0.9277164879771939,-0.3729232305004433,1.2461052363145235,-0.9379455454192753,0.6739664388784312,5.130454188229896,-0.055701685594902205,-0.9832479953173201,1.2623386092116693,1.096692837020284,0.8504063923228297,0.3159180137833185,1.6012850887878514,-0.9543467801633941,5.332314856395099,1.8407774898136118,-1.104831218566152,-0.40900633833805394,2.667489193459121,1.2809809323359012,1.7791831690750257,-1.4047159741455262,2.221385041895865
-45.98350477245761,3.4374070185870274,-10.899905215005184,-6.575048597023975,1.3184873934903274,-0.17093062823181743,1.1959582999757044,0.7200505824911552,-1.7823188925758728,0.820801958876432,0.6844899166691691,-1.0729556368569162,0.6944492949092189,-1.3660023725351877,0.40689354090026003,-1.2930578460634539,-0.0028870981506459695,2.0411775857225436,0.6119700347100784,0.5101282808315761,-0.13973613326530743,0.03998735322694941,0.3804100358400837,0.010873620410016464,-0.6289263973932497,0.6960515486855346,-0.011230689546339644,1.0309061868198632,0.9231362659033773,-0.6469003009559378,0.7737558183321762,0.778449995215516,-0.13545248533796975,-0.6924946348345258,0.15505578255930574,0.9694665043791626,-0.15041433982903346,0.25857093735294656,0.7049113447142632,-0.1106876183244081,0.4210579778002037,0.3839925420757129,0.2090255878911035,-1.3767214548466027,1.4572922947832059,1.4480891560966977,0.7083636495552275,0.5874301224556945,1.2110177264766842,1.266737979843164,-0.1704542646913211,0.019122752981989656,-0.4103328408346749,-0.24625972061313237,-1.050569799320348,-2.23739615379414,1.4422700066599656,0.22886921913673805,-0.1510064064968885,-0.40788043131375523,-1.0017483905898763,0.4425479108968832,1.071924294112516,0.49479224393299914,1.5002506523034354,0.8011566230942786,0.4292725589439538,2.4643746010486858,0.8323758440834683,-0.8271753146111362,-0.9157096209301778,-1.7670417803028333,0.13118809277188995,-1.5470239623331083,2.3355134559785733,-0.43901837874413235,-2.52773184201865,-1.0832868847955557,1.133135000983781,3.46718601398194,-0.10640109611638386,4.492621880604944,0.8995388427456156,-0.6640050211949661,2.8729198966527605,-2.36034635609452,-5.76087356119521,0.9997508222588143,-1.725511779773157,1.3988225523901223,-0.43961177625444486
-45.99301069195536,2.2171562214947342,-11.230618149046558,-6.719213976866523,1.0113262329447161,-0.28129493054481103,1.337650380352639,0.8773111713924423,-2.1998403159061364,1.7466755447472166,0.05720641635198296,0.5279089188650243,0.07542400171655263,-1.2856251303652666,-0.5224914240493842,-0.4624664523867212,0.28960214793907507,2.416229961440425,-0.15087432768089756,-0.01656203912370398,-0.9384609512824176,-0.7069322230298002,-0.17684977137200655,-1.3035445477153234,-0.02151419961793495,0.4735647624100587,0.49054380823961863,0.9696752874712091,0.08647133225815576,0.8101877338288218,0.3705835700693977,-0.8557839850585028,-0.38348740726998315,-0.9224496383035894,0.7970518807492686,0.06453842307339819,0.08130343028989327,0.16155518279843234,0.9264699295124856,-0.7846757535754653,-0.02581801741668439,-0.021411363273249336,0.39612488982287825,0.023157215930960148,1.2738986282801033,-0.922672204720366,-0.32275457740655555,0.8579219243943059,0.628176232956536,-0.0878912135323251,0.09055619743915234,1.0748525087610759,-1.3488970086562067,0.19083560874503536,-0.5578487605576807,-0.6349678182588284,-0.2400131432003483,1.1820671059984211,-0.34558511344310394,0.23758154526513744,-0.30192875273186515,1.0654235941382313,-0.3828432586693774,-1.4244422497982292,0.22962086480153224,0.9365626514010018,-2.5310079670415258,0.385470261318997,-0.15031256467201243,-0.9195142029944114,1.0453518122527712,0.32668447020388136,-4.996138773784733,2.6521458240287052,-0.16088251621325414,0.34323607461492434,-1.8535375765775568,0.446667949111598,-0.9145835520719848,-3.1641100305605567,4.166096831250335,-1.3072470896478237,2.5472859575910536,2.3175364314336093,4.156448695755969,3.13289252447698,5.151935854819298,-1.8532081389475565,1.6116771161335177,-1.692450254613212,0.06626642948901622
-43.98796436195478,2.299684266273671,-9.577308967130811,-7.339205302603375,1.5153963724700636,-0.5295257888612711,0.6612673832225442,-0.2661701271453088,-1.6793583696741206,1.4856876890751638,0.6677609335155108,0.021818930051384723,-0.7345192427708849,-1.2197533305414088,0.763029598539151,-1.2336737140668876,-0.02872551782068774,1.796299866881823,0.508444773361103,0.09120483908021562,-0.6039477030621652,-1.0268119365192037,-0.9304746155769701,-0.7237279926559129,0.2990821283787383,2.206932123249321,1.2746833525077987,1.2216738962804616,1.9115774893071953,-0.44950543559892503,0.16680197716348305,-1.9006104204548155,1.012752518122654,0.035216320760377645,0.6371115994014489,0.9322340953863764,0.07971949463738306,0.11908446018848032,0.38598974816150144,0.22185116303349492,-0.36165604769289816,-0.24952280904034885,-0.5385182010468791,0.3752608779377296,1.7392223382320784,1.1136713205132733,0.47239429497473656,-2.0803323433876773,-0.5621033165093667,-0.8536691456403216,1.23840310544351,-1.3877791067042873,-1.142537230029314,0.5371266817844151,1.4579316576670218,0.8458281803447862,1.2519685851854039,1.8164686610691112,0.1259886448613196,0.580273945616564,-2.163642792449955,0.07330877575293104,-1.015893738739631,-1.7369598987258807,-3.4147135203798067,0.774754968462465,2.0191201246145996,-1.0846482222520544,-2.906401927132484,1.5141863442055357,3.337370565362536,-1.3706513223137962,-0.45986403103444234,0.3228932371633338,-3.4275405821660736,-1.9497125872971353,0.10883767581594155,3.814898415731702,0.8594713089612205,-1.7344137244412323,-2.347363037607054,-0.7094600962332615,-1.7802139850428649,-4.654986479729487,3.3995734796021213,-4.047841534841888,-1.9790190983537295,-5.439596330509705,3.2754134448720116,-1.064128628018629,0.4748054484994735
-46.54589866219678,3.3748917523789803,-10.40636352475311,-6.346692420664196,1.1228231674205627,-0.2722789580191795,1.5235297226339855,0.6352602999323609,-2.3947312901689646,0.8612431727184986,0.062198989952471584,0.04923093368324872,-0.22902458401603096,-2.8003171129811144,0.2551543538620321,-0.8451768543560828,-0.07215112926239822,1.2656215876210943,-0.469755087394801,0.6622253198833812,-0.652834812923773,-0.7472171483034211,-0.6702257124929129,-1.04258497242665,-0.5290206506101781,0.6207697437903134,0.7733174601849392,1.3536877906889004,1.5441686568103923,-0.5870659965732212,-0.9779898316873687,-0.6854218565416865,0.22857885288771154,-0.32314231045141284,0.39248791508152603,1.256257546286576,0.5934638439414096,0.0006572393037902217,-0.10663976924132018,-0.32145075384338384,0.19335802517663767,0.9061656996785471,0.06911479960039807,0.08874270536244097,2.2923765540390533,1.3794829612176676,-1.0067745338220129,1.387720589395624,-0.27274030401375593,-0.024815359267228283,1.0612175954734788,0.02779132126827605,0.5988105433046607,-0.49123649875513287,0.20225898209552307,2.3203831190284276,-1.3537284181285092,-0.2662456962339453,-1.6994630363102348,-0.07007338129430939,1.1111732779309782,-1.864492501296378,1.613536405679718,-1.4036753962855213,1.640865495433009,1.9542712855534512,-2.4162114553480776,0.7771448929185285,2.3582837832675665,0.05648948177817843,-1.153734163207641,-0.7907690232133485,0.5029493015164165,-1.7611933537778404,0.2842620329932741,1.877380632788363,-1.4060635355208553,-0.6093052342156557,2.517263377498952,0.7597194871211372,1.0432106787642539,2.8892067232042207,0.3033781776745358,4.974003867768133,2.027281125451691,0.38121972071178006,-2.496461400622662,6.241009659954955,1.1405053014326438,5.236128746720127,2.4148725397870296
-44.80143361626049,2.826935334904974,-10.54982483641024,-7.443495175996417,1.8861940475260806,-0.3071209578262848,0.860444680907887,0.29542375452483266,-1.6673801082982214,1.3276666017773586,0.6414373678134526,0.52783463341355,-0.41273884936371835,-1.2474352332326182,0.2956428069133551,-1.424206207493089,0.057631301469394144,2.017579100681393,0.8011010902883299,0.5005027315772065,-0.025995845595847302,-0.7262879073707338,0.4820321378536539,-1.809500000781872,-0.43987887240651813,1.5946362964048646,0.30726646999811774,1.0792557250025245,1.2481600780320858,-0.5114720593179993,-0.1755924863941787,-0.741714624114488,0.202008980170976,0.5983760837465539,0.3586314292584901,0.4035378034187905,0.01113252693223686,-0.08607852278727174,0.551962165805082,-0.039236884053321985,-0.1769764946183086,0.3857248426407296,0.5898863233705472,-1.1650260630330398,1.3978258237434684,-0.39394637488001916,2.223340149198636,-0.44192430314965286,0.6720269530620951,1.2265215970781507,-1.4550079345355103,-1.7592431722477047,1.4753822254550149,2.025826253774681,1.015411824875491,3.3100486871266472,-1.618969613145637,1.76932806235447,-1.1565407881147953,0.30372693408236956,2.01500100369397,-1.0571077467031473,-1.6635717571159905,-0.06091403195961691,-3.907511777245731,2.849127018208013,-1.4659634803442965,-1.4447784058655389,1.581340049668507,1.2955089790824343,1.361177928819626,-0.6140721799038791,2.9604372433636743,-0.17181341427977675,-1.476094718949404,0.38376392497869904,0.06387756615386438,1.7616044069309014,1.6648388165580748,-0.21215285096268494,2.794731491686014,-0.23974645399028763,1.6794818630193655,2.948266451927689,-1.0238764183355835,-3.4221206319397695,5.677000927072467,-2.931405066599314,-3.1978087971130664,3.0989855366614667,-2.3028246982180476
2.5820885563090847,10.552257682208243,-1.2105903440176995,-2.077699503097019,-0.9941989223260205,0.7924286952797699,-0.7029608204677554,0.6597232272613307,0.23263049510122424,-0.5570556158933663,-0.16932080382217074,-0.12092121194815969,-0.4294976976847623,0.7490232533881581,-0.5441483388896079,0.934704294194869,0.9220672643103661,-1.3003171537013494,-0.9084789893672788,1.5832040969113268,1.0405671281483562,-0.10567643176385588,0.421406259956746,0.28545328562048344,-0.16730369252294136,-0.20388696751927396,-0.5281437732355099,-0.9133498398059099,0.4763068707337098,1.0628851393879908,-0.48505247488390224,0.7453161251326703,-0.21680543462670873,-0.5834945839536149,0.3364416735328497,-0.147383553032677,-1.142006057293983,1.3104173305649756,0.203215430435848,1.0851249130052387,0.04499441490212374,-1.483313530480228,0.3961340429938509,0.8873749029242765,-6.013619433350413,0.7010666325414786,-0.7699162998129034,-0.6306800440026179,-1.5502568618923345,1.3161850992927877,-0.5483917785287753,-0.1348231705010037,-1.020296824724945,0.5144155033321286,-0.6481079615155044,0.3729186924620172,0.13173456616137816,-0.18038498802453298,-0.09466876815847351,1.0052693809699993,0.23655601505144194,0.3360355245184707,-1.577380769797555,1.440144112975985,-1.062207098030718,-0.01849114008728242,-0.059881348537307845,-0.978175353447981,-0.07900967960412328,-0.8292636014466452,-0.15022225923331292,0.5415061918054783,-0.5517848693811069,-0.6416602592836703,-0.9825663143227972,1.5256434441957658,0.2785372577125435,-0.6246080953782395,0.7266304681279733,0.2567584818966605,1.3788166843784921,0.760151220092839,0.5182488325811615,-0.6010558574043391,-0.3093177577702666,1.2744584108163746,1.5492302638675164,0.7355570014296997,0.13163348761937757,-0.06766845356670984,-0.297896439114516
2.831460204016701,10.20870250711231,-0.9280030131772609,-1.066948212216445,-0.66092744598223,-0.0625849459689784,-0.40274007336330075,-0.04399719240728392,0.1924874560789544,-1.0972830625955288,-0.17957454089374988,-0.2778222890799559,-0.01514111516104473,0.9361758530704076,-0.05320464213378787,1.0299620119383233,-0.1464985002433974,-0.3766372677277627,-0.03624816064823751,0.5739736609783521,0.6263313007454117,0.43190292763522536,0.23645834763188872,-0.6441353224915942,-1.3284224318557416,-0.8153775483788847,-0.13298614197865183,-0.8484124131722509,-0.40817593692114146,1.367331664904284,-0.19741243583277057,0.8872039890417914,-0.99499225784555,-0.9939882082784944,0.46065846127391985,-1.041531931902773,-1.2557448704301168,0.4300784959319365,-0.29421205398158595,1.3689782134342892,-0.419627309396815,-1.8548491145072488,0.18639863730094064,1.2532912371915297,-6.130715943326939,-0.44607482049141434,0.43412990141431124,0.4841050068851795,-0.5326487539218602,0.31324265164967974,1.0119353864078182,0.03768704095438064,0.17644417675481378,0.3273022677813711,0.47743158263775676,-0.21512953645807698,0.041866567558322076,0.09326766826395884,0.3854478490179802,-0.405204366516701,1.6930202175140805,-0.07303823139554286,-0.03373830672134943,0.2317662358733488,0.892699510749766,-0.2535682163280796,0.01925185196971065,0.23136962061660105,-0.21990090611096508,0.003665554610073383,0.552394704164994,0.22094093400262987,-0.09960365973848814,0.9864856984411269,-0.8148046074342001,-0.3700747851838734,0.4839815109715218,0.5439342781168828,0.8634334903810571,0.3595761164226153,0.15045379745412693,-0.14676413081558765,0.7506732902714793,-0.07020194422419268,1.2099262987234498,-0.2835995808952234,-0.9459782703326653,0.15732481822191946,0.5529479852901824,-1.2678094928287447,-0.2314009023097997
2.560081534213397,10.373497056294186,-2.659996439785113,-2.387464538673863,-1.414266597679217,0.9503752757966383,-0.6958765366957027,-0.27120373286884075,0.618214454403071,-0.6882709808800389,0.4751127854152939,0.22437927289816792,0.39234315704032446,0.9813564868091664,-0.041618724237757934,1.0465955714845192,0.4519726960704397,-1.8803822477275722,-1.434966671830922,-0.47307696417446166,1.3213915536102714,0.3313715241265985,0.8709196288831512,-0.2395393666393531,-0.9604800865774981,-0.1153956907974146,-1.0477054954948104,-0.7062953015493258,0.11896055076015406,0.9064228231494399,-0.9991509943108949,1.374753966716652,-1.0216655890140922,-1.0484594503663733,0.3212551805116511,-0.2586406168510631,-1.7717031915577897,1.12685199979312,-0.6839531814444013,1.6240900104974796,-0.45444518605263123,-2.29444073194711,0.470827905120218,1.6884399266510242,-6.740547815807431,-0.08097237920042484,-0.7374791741362796,0.36930536773494615,-0.8791738200824283,-0.24581149425713159,-0.8809899195638593,0.153173078607452,0.3783632921898534,0.009467816377949814,-0.29352382736364185,-0.6053567434137594,0.11507278519346176,0.16732383026843786,0.9361803889601035,-0.4109919975092263,-0.030903815968838923,0.012989959362098149,0.07750788624029976,0.48771198780394354,-0.3082877965442641,0.7819468766895974,-0.5400569389697754,-0.07803668037575419,-0.07683779411417305,-0.23773868141195426,0.4614842892016306,0.05904931358945561,0.12442878559570249,0.28892471539371667,0.26565252735089334,-0.31510929782222247,0.1267994937670246,-0.1658815053208162,-1.3478424775706475,0.04150572658403372,0.28660274646325934,0.29718611120597355,0.06524064481887933,0.3129180514740244,0.10224289285110175,-0.2595233677663543,-0.6262380680185718,0.46764508762261514,-0.44654838519004947,-0.13387013736596315,-1.1585481705962606
2.260308927210803,9.843405615849315,-1.1496770063318262,-2.1657525013242536,-0.3636611242622204,0.4048410179240164,-0.7742120001104768,0.3930636075244731,1.1325995229299146,-1.7877206608602114,0.2677062323924769,-0.5932237312596962,-0.35825182212526197,0.8504172621579675,-0.13432109286598284,0.15290443853838556,0.26270460299333426,-1.213745533189182,-2.1081302860857645,0.6565848315715698,0.9196595721264098,0.18821626073763836,0.49134942408608623,0.27011252579369016,-0.5092129317883587,-0.9374836932730063,-0.34266218454512387,-1.0712851871293974,-0.22826830607354448,1.3254301639299593,-0.8091241262068111,0.839075416332981,-0.7264965766356855,-0.9957322989349578,0.8415954287711334,-0.028361808930134912,-1.9683619588305707,0.8362288560288825,-0.5603253733911753,0.8779962272842229,-0.7046168640221578,-1.2299483673657838,-0.5849576354417835,1.678639011289796,-6.588479053612176,-0.033771101901915436,0.2738481072303836,-1.270309319600239,0.552066955561087,0.20899249713641624,-0.6616717502211195,0.2390974780246037,-0.2989113756464109,-0.4138752232267042,-0.10835825913012206,-0.5716204472414839,0.2603677861086467,0.445788924156686,0.14588028763199354,-0.19586220223236864,0.23417371964011668,-0.9597449976266152,0.12010399694144029,-0.22648931513568138,-0.23549572119555118,0.5791104663672222,-0.06323316124645073,-0.5255078699887855,0.3520926022065813,-0.12702551918567015,0.018582117534204946,-0.029943371614185615,0.12568678583880763,0.05105090957421928,-1.2437557770550196,-0.04543856909092066,0.17811251766798938,0.800585003298072,0.47233843449877666,-1.043606041741522,-0.21728316968426084,0.6869137774144624,-0.45091480788398186,-0.050243380668724434,-0.9083633706925548,-0.4542397117346987,-0.10727993604355067,0.059179538870045525,0.9988825721525749,-0.9332036893390119,-0.6681228305340733
2.289465398229547,10.546504597774524,-0.8905380260658067,-2.115233797820572,-0.7697169062502154,0.7360589656613782,-0.3170108152766982,-0.5533986013189827,0.5690499061418378,-0.34122990913088774,0.8261964030496127,-1.0135360092625645,-0.08504714383689316,0.547079703387908,0.041843195070972616,0.46414074025830054,0.4780518681857435,-0.5732277517535139,-0.9476992855257453,0.24916851497672157,0.6643942470932493,-0.5687026744840477,0.20781935255931192,0.3873324872801525,0.2265797033795613,-1.034247575262063,-0.38897259637478077,-0.9611586147908574,0.22470412829811046,0.4427115336409566,0.40576642680477204,0.7759800823546282,-0.8144314227792213,-1.1887962305397706,0.7769018165959943,-0.9407950460384623,-1.2863742599104058,1.2596829044265554,-0.28672340429804044,1.4217213838842961,0.5503639184359592,-0.6146733612743647,0.5760408872761438,1.3143540180512,-5.950051191276627,1.2730257396364204,0.6446281590648971,1.1701404495910261,1.0020100134487309,0.4547997845226878,0.03202504225820209,-0.9313177426616758,0.2509489998231046,-1.069895284149913,0.9850839045526201,-0.06652358801175719,0.9855741825265305,0.16502774557582653,1.2230767637742463,0.4962838532203739,0.6504395738050776,-0.6979550324793732,0.9599629139943052,0.3246667154866072,-0.6453596878107815,-1.7966294885584364,-0.44701910539837353,-1.36954633487245,-0.8842632357436837,-0.38710440402977714,-0.49373099197122344,0.49708702105636726,0.4371575030642471,-0.9045908167883147,0.1661290272682871,-1.4128366309913833,-1.6004246712272676,-0.36720994967616094,0.4997070445828865,0.5318440216962425,-0.6549879198773142,-0.18720959946313614,0.1909405706242937,0.663014063296567,1.0866514333455404,-0.17401632832839967,1.081278873499666,0.5181519402140116,-0.7084750084177072,0.11001225789869082,-0.018514200573639127
2.3696364955561715,9.860122601490378,-1.0110776753283146,-1.4291317249222033,-0.3203050870029978,-0.0620016240315117,-0.9915716916052397,-0.21233042316495082,-0.10981091011310147,-1.212808810778034,0.6606001183835439,-0.1154986557110367,-0.10563688952343316,-0.017397528402942116,-0.28881222467783907,0.7879584371217154,0.15270106668048236,-1.3106187717601403,-1.1631799822801183,-0.4907366378190164,0.9601984336581441,0.06534540454749642,0.8789139711073101,0.3869412917175886,-0.20823765960992358,-0.4976636414053757,-0.7189567723223121,-0.9379185672324523,-0.1084717700396775,-0.151813315211266,-0.4547776275188563,1.1546247281711606,0.04466260905733659,-1.15543414240463,1.0058459183924249,0.13533977321230795,-1.886167373335077,1.04992681632502,-0.2427280838098592,1.2541509558935429,-0.3318515140794688,-2.0967840994569498,0.9475469090942273,1.5296998467616474,-6.521438396296404,-0.641668238795482,-1.0909943867714589,-0.374184227802088,0.07344132028713447,-0.922589763631004,-1.017143131497663,-0.3081471500899208,0.36206033933478143,0.3074905319968576,-0.16565642176768394,-0.34606466732710295,-0.1484370963392848,0.7686778662852771,0.34564274515688975,0.6090186306825962,0.5548800013504823,-0.16352224627993162,-0.6014429763774659,-0.638968404747592,1.1938379101521852,0.3521415976191725,-0.3820249901772192,0.06310234180877622,0.573312527957264,0.17715011775349349,0.2865774309630215,-1.3309821474480528,-0.18683051085195332,0.5597697297429667,-0.12471231105972332,-0.28622405935944834,0.4852086287081073,0.22165881985209926,-0.7087695590342827,-0.23043250701581233,-0.5693413972547675,0.08522724591871764,0.2102765320113959,-0.12140331312264394,0.42606052069289463,-0.675523022972133,0.4457986313208513,-0.12157759678042857,0.3324374115295027,0.8781215198694655,0.300217455561915
2.3788942658737033,10.812049081640502,-0.6640505975383284,-1.399644377730294,-1.6566150096074166,0.7098585929877502,0.2438314846104876,0.32336350100010036,0.1667935080984171,-1.206026611229981,0.23354464199293776,-0.4594423117830438,-0.026681906813370133,-0.49671135979556,0.075661382848702,0.16332808160517504,0.7285896063183006,-0.5093793304023578,-0.3312271542060374,0.5386097857439347,0.8695720562283197,0.2222807841869046,1.040851826850853,-1.1091469479804055,-1.1377637815739297,-0.37761269327597663,-0.3357530160959416,-0.6272691878816957,0.5536640579284674,0.7272417152879607,-0.9732627144598596,0.8894797185462531,-0.3550667004704029,-1.0090064215355885,0.5325213059422268,-0.8116207669170767,-1.934077665066678,0.8291627611492519,-0.5854118261272843,2.0450067329142136,0.5153354352075047,-2.305970585102841,0.576221761591648,0.5758712183997904,-6.783662382658038,-0.3008373703710384,0.0348259197532805,0.32521972675576477,0.08789038970264307,0.6216389351756769,-0.7138202556677895,0.751131592978491,0.6192893282494146,-1.0226252364414454,0.19053376857051674,0.1086400585033866,0.026350344799865467,-0.7345884233125959,1.36100931316624,0.6325962362584576,0.34650681812531586,1.1635260248500625,-0.2498660028321969,0.5870021460939339,-1.3718375634889228,0.9919509497389374,-0.22000650707630848,-0.1334994061877028,-0.1177220229156648,-0.6318416494581147,1.425639914711387,0.6446761711370167,0.5136656235793091,-0.9001564905729111,0.9395481198472206,1.2380352849435319,-0.058492021717577704,-0.6442396434672814,0.028773216021296007,0.3995378616550515,-0.5433787975614769,-0.024488009406439158,-1.3779551858322965,0.6092306719396681,-0.5904404728933477,1.3746020074620506,0.30816532729395585,0.46099966967131756,0.15118022285446264,1.0553983192895302,-1.1535652732739128
2.5084081377286633,10.496506945609852,-1.568915242538422,-1.4448266046220062,-0.3357530820410604,0.16463465299323954,-0.5067701484396827,-0.6269711072407375,0.8469215517067376,-0.9685434788759703,0.42085160923278264,0.043859232841627835,-0.23484567002872556,0.5599916904600449,0.6524598684927073,1.3664394261930604,-0.21123876163949507,-0.8034643846739555,-0.8545263940596906,0.6661088600793207,1.1325387948820644,0.18377208999301414,1.1855955341342344,-0.20266450743902967,0.056644537469623245,-0.14459739998994936,-0.4602760548378755,-0.9500902501943769,0.23357350376434258,0.4736760591370966,-0.43801126270781054,1.251398613224165,-0.22665901260370072,-1.1207686481222328,0.5872079475088834,-0.4290049544007387,-1.3209811253738581,0.2538790399333179,0.10364998982910892,1.0977713580508022,0.0632491322839692,-1.3366166708668268,1.0367092351745992,1.1596207340586973,-5.930681706658482,-0.25072917291098756,-0.12339035540498894,-0.18485880338643165,0.043635899560730225,0.0947006382384457,-0.31573831263590113,-0.4284183094721428,-0.01623275013751452,0.014356466835209051,-0.6100255429800086,0.5751026705936324,0.27323644307357975,0.9914990908247597,-0.9895822128804403,0.16135945245383954,-0.11808110274873612,0.29063389228663244,0.3990547428595933,-0.17799440384678725,-0.37418912755775147,-0.3074499282780231,-0.42440729290459905,0.09783648055550406,-0.0012724172680101493,0.24339996563215915,-0.19819384031071402,-0.488417342346645,-0.22128021710340684,-1.412403717926613,0.38351289459496996,0.5438478869189036,-0.05866671907809327,-0.8851551567701346,0.0158670357032181,0.0682366426644474,-0.4189946878733921,-0.44376051255581295,0.05068360690555557,1.2918256776166186,-0.37930505815604937,-0.8500013020225305,0.7418469471792865,-1.1018049800906105,-0.9579607138137074,0.24716253471555644,0.2917132046304226
1.9490031979320208,10.085924490880915,-1.9311066230088716,-1.6064580456381223,-0.3928286197789796,0.12788587739148896,-0.3651086724340539,0.5757942106614001,0.3852464927449646,-0.8681149163233823,0.42283730636410083,0.01853760768250619,-0.09256238271512762,0.5359789757496849,0.4828840351249676,1.5986844336460053,-0.04601270816612624,-0.7430326321755149,-1.2207675199555241,-0.11075475338799676,0.6873037418771346,0.5936691454727886,0.7153594707612527,-0.43900050597252654,-0.8493600828226724,-0.5825339934396182,-0.4423163995139135,-1.238417534571889,0.2910705545969585,0.9456631415422982,-0.9668369087406643,1.166984961334294,-0.8699907801300889,-1.4853374800429555,0.7427157684198813,-0.17998903399865232,-1.8066358526108934,0.7106411073036152,-0.7696298311513347,1.4693053479893161,-0.6602752950164673,-1.0425135791705986,-0.24200219396477046,1.4787659788836975,-7.534848473493189,0.9053897536122528,-0.7129618289368277,0.8776382499432148,-0.6212270129808187,-0.2783695556367656,0.057096057956860194,0.2481694335289103,-0.03354777861915469,1.1886737977762751,0.05003127210629668,0.34336684447943205,-0.024902004397931506,-0.3772791571808116,0.26428941367146774,0.31609047300876,0.46837637695067513,0.6565533004435536,0.9405508632646722,0.1932645775133156,-0.586399029594542,-0.8414908736932545,-0.9369726269346499,-0.06693959679544007,-0.18915407945618865,-0.9821844494636581,0.1511738431497186,0.5060465157815442,0.27136260560320913,0.09631701916522757,-0.39278385891238804,0.1446276292107185,-0.3605243772079792,-1.5229728569700745,0.7545175032877123,0.2735170173111568,-0.15072551685768018,0.9734676772524805,-0.09429384602059379,0.22946810735293002,0.5858959369214707,-0.524081139293046,0.7492182129219203,-0.06174180365948332,0.32352145149014233,0.03831609765907032,-0.22969733558054606
2.5153365813913884,11.22369207217716,-2.089902697573307,-2.0298191122068086,-1.2399171002280927,0.6862605407244767,-0.973932235534631,0.17068918359263902,0.7029616019795243,-1.37397280927885,-0.22818010411943476,-0.3497639691958535,0.016862694949317896,0.8168276602803479,0.1269876921954352,0.7753549021941357,-0.049989791033938254,-1.4155613487111112,-1.0705387880305848,0.36444081790360194,0.5866270627263356,0.2650425550135131,1.416730747302348,0.10375703966905478,-0.6700567921680569,-0.10903939956094938,-0.12912400572470514,-1.2977081034359146,0.6654825515985648,1.4733643636498885,0.34438353687963297,1.5364482245614954,-0.020902312655971728,-1.122687062297589,-0.034658666870721604,-0.2113530958554669,-2.1661144387414035,0.23766780925985415,-0.39501006030297725,1.6064350380357644,-0.0003840286876893397,-1.7340035175489752,0.9853904028160598,1.0752241760430534,-6.175251231212857,0.07798388344756178,-1.1407336653592524,-0.3832901441872973,-0.2020161617982261,0.5021129923784255,-0.2250957814170977,0.6250926599623543,-0.08586198343709243,0.22498130990633522,0.03194897085275546,-0.5744652118275484,0.14442178958378388,0.26775631648478876,0.5915076966989424,-0.3045494357811554,0.485404317084442,0.3786719004117274,-0.5201216773654002,-0.717161899295393,-0.41546832583443527,0.5329370987044362,0.5312414117582221,-0.721789505944338,0.173836705243011,0.08453915868838115,0.2190139536082696,0.6550031208369193,-0.8124751815665683,-0.25445251286365683,-0.7974817172925487,0.15380121622425424,-0.8839506044721246,0.38000034308488045,1.0519648739136842,0.38421823310996156,-0.7488439191876919,0.05106371661942197,-1.4382980202050177,0.5945113251303286,0.013479817965757328,1.2226092089236786,0.34562130923372886,0.6488454736090711,0.9141596259329676,0.3512158366747884,0.10713572543675164
2.5203872110285443,9.608668245450435,-0.8299863299472675,-1.851161683243833,-0.8821092984544932,0.6634151512423989,-0.24735282553616045,-0.4949497485744541,0.24634674819430638,-0.2960128640810663,0.2709730065467793,1.0413426607270442,-0.15180860093312948,0.18039068320735535,0.463244401534512,0.1697681766785936,-0.05705272825964313,-0.5479689673821819,-1.5276003334178494,-0.20097052731278806,0.349882624496163,0.41611672724648474,0.18362613748450107,0.326619681144131,0.09301541978941563,-0.8851527984948102,0.0914645385638408,-1.039297304149266,-0.7267005060103781,1.0180038108860323,-1.0055628144107824,0.9207764939344324,-0.3695840932934527,-1.349340791543706,0.04041131400392128,-0.47348190778190224,-0.5812803305601376,0.848498911637821,-0.5781734083037579,0.7375174116298803,-0.723012862512673,-1.48725861003682,-0.24935316107274003,1.3329252461876773,-6.260928668736146,-0.6853497501794327,1.0585001334411939,0.2533792689106535,1.2340884633172087,-0.4940471612078411,-0.13834929457370773,-0.4823369197308468,-1.009425711248884,-1.3704448712237813,-1.0140460527093862,0.17639402161877205,-0.09043753597013876,-0.18901799296884314,1.6206795796605946,-0.19554194887498139,-0.33056789542692133,0.08637712155038707,0.2523171187747926,-0.10177540381211474,-1.1610305346160814,-0.8380101169279045,0.2164437014466954,-0.21522981897185536,0.003623412341634488,0.6050648671987944,-0.6047153559356582,-0.3676788764999451,-0.8247150902838482,-0.5782183029578625,-0.6754976096997838,-0.13208816772560483,0.12415643279942334,-0.010168947455950251,0.2793513841058871,-0.3565020321843664,0.07760592169111569,1.0772639898135452,0.4906348659874071,0.01667265917610063,-0.9456988673920653,-0.2665723356507414,0.6636169824969522,0.36795358585985716,-1.1973374384197781,-1.211069727262713,0.1324635823868377
2.0972091600516576,9.985787083533777,-1.9841258776182005,-2.5949717210993617,-1.149754564120621,-0.10439186122802126,-0.27204934632627475,0.33151402216036147,0.9649502249564781,-0.995087295062433,1.027427195992393,0.2482285239484068,-0.18441380346346511,0.531665560958829,0.4550899087206974,1.2614810879330516,0.743658380250195,-0.5988783824509929,-1.040328435679401,0.8572422592013322,1.3235628476084016,-0.10895264728197337,0.4863984088117882,0.006040213302322818,-0.5056499392789329,-0.5154295594313048,-0.45137081915301847,-0.8953986505676502,-0.25093817916648964,1.6268765169468966,-1.5542234785751932,0.2843136346329289,-0.395830913126842,-1.1704236458591402,0.5290351881692379,-0.3407623230169179,-1.7346511061643695,0.7901468252508242,-1.0110151095713396,0.623053227827568,-0.254007272704623,-2.2178990595818786,0.4391626583133564,1.4216471203258596,-6.325129611017141,-0.6911790609714098,-0.5832950355173904,-0.4584168478564057,-2.0319447142629885,0.7543245106011827,-0.38548783730515424,0.13003370911911302,-0.2579703716212343,-0.4742109821484092,-1.416711073222802,0.7532532079829768,0.5507092692309549,0.24914848566685802,0.6109852102400667,-0.6192259051969219,0.370720483736265,-0.5022591091859362,-0.20656981437328345,-0.27712867613360276,-0.7853893362007882,-0.46318315944385496,0.03783711992216575,0.4060612489372181,0.5702927653336444,-0.5772775796644598,-0.506704025196094,0.7442264260954925,-1.1691598711806175,0.08088046895000776,-0.14198746794696748,-0.028102410265728565,0.6745117503176198,0.011832657638488203,-0.6322340495397664,-1.324356865412553,-0.48056287320440677,-1.4700525629948116,-0.08905706426161662,-0.07696518755492492,0.013571767157966435,-0.7461421872120563,-0.14290288732149892,-0.5616210746524293,-1.0486431992016234,0.3210653402549257,-0.5287866925866341
2.574539906745655,10.805711106810293,-2.043467906957942,-2.243354677589861,-0.49257906537880297,1.3025244756874463,-0.22829554521665904,-0.3997980222284325,0.03170662492313541,-0.6142182561306113,0.04285593250648564,-0.7702153050793735,0.0390552969269938,0.34212314985094106,-0.16282869952981255,0.7052814520602874,0.04966409877524112,-0.9063125003854612,-0.9510177568980406,0.37371234330955366,0.8150042181498888,0.7245102610905487,0.9607703081597516,0.08279501995807423,-0.74838758948985,0.00432980825435677,-0.19318980460607668,-1.253807529904885,0.0816485797576884,1.0937606507985647,-0.9326473728122049,0.16668539567562696,-0.9536532533245544,-0.5413055567458197,1.5098299127768378,-0.3604280251106115,-1.7476136414194265,0.8865841473673586,-1.0143753025013378,1.048405399765429,0.05803504349373404,-1.66371521453344,0.4321999825361299,1.3009693726871283,-7.002822800436175,-0.4165117923827764,-1.1003263859782222,-1.6422503535348247,-0.0145697084943835,1.1377864370721553,-1.054797557799515,-0.09796726408621398,-0.657951995098933,-0.4577991095311554,0.01086309328300921,0.4132231562180769,-0.03371953262402812,0.8679051726826564,0.06079677765928669,0.6568123725900253,1.0338643072262887,-1.0822515332921525,0.33128588737190207,-1.6652164228339401,0.1945433324995865,0.4195358028014456,-0.4691088005813452,0.29556451453881877,0.4883724548367882,-0.4162454759477183,-0.6291028133983272,0.9568475402666569,-0.08142812250082276,-0.436517264959726,0.39723659739617384,-0.1962564359797446,0.5001309591828124,0.4361073825224868,-0.6600591332965737,-0.4268588458245319,-0.030634530725809427,0.06344833510447918,0.0358520491596738,-0.46584640316942905,-1.5655559099663614,0.44254591132807003,0.14137243859133702,-0.6355785929548465,0.013851245923233549,-0.32509484675479944,0.3037599657081602
2.050393123377547,9.345398525843956,-0.9568549104548473,-1.7415683567673055,-1.6341300696949317,0.32404170104369423,-0.043894046016541684,-1.010170260203038,0.6800041146033656,-1.3930845660717814,-0.2160495389154128,0.12438300073723764,0.20638358565167025,1.0710084181982424,0.3626971771663031,0.43377943403624647,0.8520970972532601,-0.3901620629966152,-1.1488172017175733,0.008528530669442896,0.8887423326047349,1.2078591749900704,0.7023104603182904,0.5760032457416916,0.21456739673203595,0.019197007406328043,0.4289887085269999,-1.7579266607884187,-0.1314516842816535,1.5072148033598414,-0.16454337765379026,0.8253282276709334,-0.3766720066227821,-1.0044979244669647,0.6671610184102011,0.4477325465189569,-1.6582808895857013,0.20874236132416044,0.41026462060207675,0.8324014863278236,-0.43925236919317484,-1.0135894184821475,0.18639668862485856,1.8998550321407084,-5.895397487516845,0.4442919530662505,0.8138841684320116,-1.11539315551942,0.6016006482669228,-0.45854816214991695,1.1719521456133393,-0.09179490743542325,0.38001757782622436,-0.7383041539831946,0.9199629269579972,-0.6057689238343966,1.0935936469106597,1.6136483094256613,-0.9932690202501259,-0.13104345538598963,0.33895237975742815,0.059327585322020475,1.0519226561872967,-0.4904854722308284,-0.6754592467836821,-0.5088525623436692,-0.3485712046074585,-0.07369208120585741,0.14331094646992157,0.6659657378414563,1.0226970456150637,-0.5462250948989232,-0.7937751453749943,-0.4023571278245167,0.6608476047694193,-0.4308020535774041,-0.22795992526847952,0.32727866964188895,-1.5068882466919415,-0.5178706318184985,-0.5154842935096379,0.44749926598911366,0.86426307130923,-1.1683758784928047,0.8135641979904532,-1.4178107826423074,-0.32336261753388656,0.47048937319280393,-0.16282726874938772,-0.052425841601811525,0.14118717026301783
2.348028583536656,9.762953598114477,-1.4134547953113135,-2.1322857934567376,-0.16493557916136087,0.8347371573135011,-0.22790274477675315,0.19663377861361903,0.14244445090286637,-0.5794754665439741,0.9934583088344622,-0.468724331633588,0.16465504207889448,1.102892157373632,0.46704786985164914,1.166951725332996,0.5416838979800073,-1.15737094708817,-0.7341488679213842,0.3316481733661196,0.6941357845211188,-0.10043860751535352,0.2626636301354454,-0.27716466597552336,-0.11921397669679466,-0.4527060579173868,0.274397253298942,-1.7844190035573553,-0.5962096207212503,1.1723912589868495,-0.6251905692126707,0.6909665354691616,0.12182841055653906,-0.2622941856234365,0.5476548076435005,-1.1612538522120426,-0.5750834044000342,0.6182368954292997,-0.4575354909768419,1.0611708844391292,-0.7552475400628293,-1.389260394461237,0.405934498016904,0.9500409822290978,-5.282174598300173,1.0365522542651884,-0.5412650235278252,-0.16802056535944382,0.12844785686789925,0.7246095868152371,0.7162745201185646,-0.6919951388342898,0.808247962138895,-0.8672308048844496,-0.2851640079742148,0.6897903109846178,-0.0273383035717764,0.6154475567600719,-0.9667366161374563,-0.32342910123956,0.048732384554663805,-0.436325239140316,-0.6541755747519766,0.2219764066961754,-0.5048472282523061,-0.3728296586885273,0.071675111889486,-0.6881359333127901,-0.843839185601294,-0.02957629867790099,-0.3814421641996072,-1.187449399290521,-0.5295808444826848,-0.8516356066247313,-0.8937292514872882,0.7298585748008855,-0.17821748016735206,0.029583317627577172,-0.06266803267831081,0.502297639331216,-0.032727331135380774,0.23577638468257148,0.19976292818259478,1.0364691248366609,-0.09659123337191688,-0.6865675510703838,0.3096336325489998,-0.9509625578093992,0.44359249583363825,-0.20503877525525527,-0.5756231252372292
2.3062462773372197,10.368210816505524,-1.3761352673477707,-1.5890906462485113,-0.6564687813640583,0.032534282467994474,-0.7629080034459943,-0.5800628507313499,0.2486793296292174,-0.8921851623849903,0.32308327877158954,-0.6297420482711173,-0.32401573013205265,0.6565452398006133,0.12415919604278106,0.6584622381663459,0.34227171992757327,-1.0022333624350874,-0.8208998810604036,-0.11041776090476244,-0.116847324213821,0.3521626101680233,0.4907048189775024,-0.11544207545441373,-0.31512501372751045,-0.5483501094764234,-0.7781308398130615,-1.4864965737491251,0.11880946460121897,0.6282198880804315,-0.40835487281905714,1.4045568506466135,-0.02852342821432234,-1.0636232752649166,-0.08419334718455074,-0.7873656131377792,-1.9316049795873194,0.6390062730755603,-0.6107461126149426,1.5735074623474814,0.7483558981100005,-1.1380527769164082,0.4742275179063831,1.5917331601897222,-6.947576748145667,-0.29548730661726763,0.07198888624882221,-0.6350606626089492,-0.3396415712903692,0.09590439205006612,-0.18447256558294806,-0.17805879086947288,-0.9389784012088686,0.2633135734243957,-1.5504983239752566,-0.606462459337909,0.022984142043246013,0.384610442976258,-0.893861656424406,-0.22534151836566035,0.20407629305568972,0.7301321940258101,0.7704584754390286,0.024176275107141522,-0.8092606827115133,-0.7876249199449102,0.714433525831152,-0.3506534084736337,0.658327175581883,-0.06406815902114862,0.7129993978271878,-0.19701947712087164,-1.0174389657474667,0.0609439983871816,0.22975092255591728,0.5675276508014739,-0.7214334922897345,1.1586431113771662,0.48302051230550963,-0.3878068944842226,-0.36264661145540017,0.08201524550986783,0.7659227773432157,-0.5712059094060403,-0.058952567782507986,-0.35072559439069706,0.008162288655614492,0.5248402298472246,0.9138702531150485,0.5974398048540264,0.26430460234985226
2.638648187358004,10.576044756917165,-1.0003023893030216,-2.0513080562028745,-0.7127702951953396,0.07434415998059783,-0.08850026218938692,-0.621229817402091,-0.154743865494464,-1.3486750114425954,0.5018535302237264,-0.38157358477106845,0.11984785104266973,1.265825740223737,0.13652826271892163,0.4233857936098855,0.9250582019854279,-1.286318282475728,-0.44673640192568614,0.4803916265935854,0.8931524791831283,0.8243993406770246,0.7209132419933455,0.2698689573798215,-0.5873655312423931,-0.6962532441648096,-0.6855657493249954,-1.5026395004363942,0.3033537725880599,0.017355583434426423,-0.07235294084768895,1.8917614406830157,-0.3854242413251293,-1.3440756896746024,-0.0005876467084260747,-0.7063756836830676,-0.57742243982791,1.0660478179680353,-0.047691460636848024,1.6613751821880363,-0.7581875732487807,-2.2483598244522622,0.13099815233381917,1.3258502839469066,-5.613903349871623,0.6619449473406526,-0.14055769814349997,0.5668479624280751,-0.500474941440171,-1.2106917371096626,1.0943662990604628,-1.5062725922501488,0.047143665560323934,1.0838404671520714,-1.1216641121953874,0.49003307320043604,0.5979822098421893,-0.4046021868240019,-1.1898762911149872,-0.325545061648289,0.11324425136443868,0.7740891320464116,-0.21446018761274271,0.42062925927094535,-0.1803125549984995,0.39890429984182224,-0.21270068267194298,1.1150264863292363,0.3844872809429455,0.7052644809529058,0.0798297872968353,-0.756836900094522,0.3740777102783314,-0.0282340719767721,0.47886039349121534,0.5007087610648913,-0.8007859268666109,0.15689771278827644,-0.13901943616814122,-0.5391805141320584,0.29175943374224395,-0.16411780049672467,0.0965846285430347,-0.4340184305780978,1.699082668170215,-0.9392854280271632,0.9598625071148577,-0.5720388804264878,0.7862818003528625,0.09252514985590188,-0.4760411019590837
2.3948588519237854,10.241032302143914,-0.6587687714051742,-0.9493661672942225,-0.7911878045284451,0.30147339396831296,0.21056214722505898,-0.5386639798628922,0.2272388602181802,-0.46091954614350916,0.262537277118693,-0.08442134264552703,0.06779260638859849,0.8538985679774486,0.7033885391111958,1.015991709993286,0.08252625438883632,-1.311803115532004,-0.7814638091180376,-0.9051037266107679,-0.29870411586451706,0.49502975524141307,0.40330238894049847,0.45986989139492723,-0.07453893943909658,0.19339152356379635,-0.9508917641801854,-1.203197242661259,0.8211934666069378,0.3778732161370418,-1.1616803030330003,0.7514258829862698,0.241001773231703,-1.148137032761682,-0.12187498979718506,-0.184086460604899,-1.7413308384631896,0.6808778990717547,-0.6826372988858227,1.3152320103360502,0.02066918305011351,-1.2955600283462327,0.6661387564485067,1.170188671806788,-5.603907872281041,0.010125212472953487,0.013861770424888762,1.7903596950169758,-0.2693280733657114,0.013357871142209326,0.8042076152912537,0.6920577774622366,0.12410953444422453,-0.24665919756993432,-1.0444213622033252,0.2955035562406461,-0.26921991901128417,0.3819133227351127,-0.6501477448683789,0.5039698327468483,0.37091247967254787,0.1989613855482138,0.1635801652954154,-1.0520935622045198,-0.2162638514271222,0.363358977813705,0.2897748761955783,0.1653036925993105,-0.25360951514663255,0.12286975871310425,0.568922754622813,0.2288997070530801,1.3764353622814376,0.6789567376460641,-0.3100596284170737,0.7279902634876553,-1.02053255834049,0.2022331400586081,-0.20290117563909374,-0.375350550410511,-0.13111460906278585,0.39858384032492983,-0.005382186224175805,0.7850207066151147,-0.295891051841522,0.31532477417279176,0.6073626562808616,-1.5241327716909276,0.30543186173309866,-0.3087077620105153,-0.17361820984530757
2.634089746894324,10.698301020635979,-1.6204717033905098,-1.8955239296971282,-0.8590863447385758,0.5343676008880369,-0.39510746596745694,-0.5011511609600856,0.919413326424811,-1.0737695212588845,-0.08195296563126452,-0.07265136926239703,-0.23141205957285604,-0.16773049447116425,0.47224723956782255,1.9819468936249731,0.8662670076905277,-0.5159765559911442,-1.0951619756004898,0.7418374193917222,-0.15190818543364443,0.532087027495096,0.5853097297664762,0.7388033569004762,-0.2603518002754412,-1.277270812910383,-0.24213141157175036,-0.8919961887287207,0.6087627147450733,1.5512413442090789,-1.0421914604540485,0.852290995881615,-0.3714430735384299,-0.32769041113059194,0.33205504531422436,-0.10803352230836828,-1.0036825545505654,0.854833646033434,0.06108905736140439,1.1741050511616709,-1.0596574622055466,-1.3812857669007963,0.5686295122584205,0.8758531421120217,-5.7996225162344945,0.21862279453641723,0.48295472299447106,-0.6689972632539559,0.608454818454284,-0.34868334619557384,-0.6830748401873141,0.7051350842316803,-0.2658095308285356,-0.9692675123405242,-0.4960674122623546,0.8882542804501395,0.8125952524388054,0.23305146495269888,-1.0673470498592204,0.345464455081865,0.6163006522867721,0.5902709828941433,-0.8339266932293907,0.8102749602922151,0.027280860039742543,1.010935532126178,0.4829514504648902,-0.42628434387702246,-0.018598400689684436,-1.2341196782737784,0.43406188302926374,0.9216706477855507,-0.6023384195447329,-0.6463205445762755,-0.4101338748941259,0.2557749505950016,-0.8415998657859457,0.2817177809981924,0.6513603182690981,0.5977884462011107,0.1070449924144949,0.8155523851574482,-0.9026728244707303,-1.3151191899374743,-0.05597424967488286,1.1593308819773005,0.2191757504316538,0.5659860075488258,0.12151841136961616,-0.7273726853905785,-0.24733597547737268
2.5785952550045006,10.329071059127207,-1.1316567140557323,-1.7940816853109078,-0.19404823229360743,-0.05936529317151174,-0.077638175267768,-0.8377568371395516,0.4877269643438567,-0.9737661197165598,0.6953947956465892,-0.48732277444415956,0.05126662219897667,0.42406673236357384,0.28650760747472365,0.7138987928656737,0.28020539243995096,-0.882641265629352,-0.8820142970291739,-0.0839409141607607,0.5404994399187455,0.4269785911097756,0.6585836034804261,0.13789237831888218,0.07224424969625771,0.009825403074708534,0.19574429117295405,-1.1030012742923594,0.49204422161691574,0.28671781263606727,-0.9076611483788325,1.0141680253620111,-1.0312088387845177,-1.942872468335653,0.8309129515457656,-0.4313796955710636,-1.3157184248341618,0.8606249517870707,-0.7951408200198776,1.0645417831139525,-0.1076885958351319,-2.2309753972130753,-0.035265243849992946,1.5821792526409024,-6.2407901854864445,0.5408489680101868,-0.2183089221512184,1.3710335403536547,0.7838302125859854,-1.3259506509915369,0.4062441119514671,0.17997565822059947,-0.6570253812608569,0.184606794810703,0.9607825638886439,-1.2085106989718308,0.05354448471579972,0.5494757145720834,1.1435806025001871,-0.4789488627499596,0.6564264934678443,0.1304281692254983,1.0947002046696475,0.8613084244383729,0.3747558556365771,0.871618108100004,-0.3014591515087782,-0.2936310115954997,0.08973646713993935,0.1674891783777692,0.5126588395272086,0.1656208213010063,0.7506795275763438,-0.608550850076217,1.127968050457707,-0.38683512228532246,0.07384428597765867,-0.07398677252573868,-0.37458802197745095,0.6454118683610421,-0.44429242908023,0.053539828220748875,-1.1543756433707504,0.3165825532444311,1.4037037609459548,-0.07755389450641417,0.10057081171720858,1.5190756763571782,0.7689428212450973,0.30789265314692493,-0.5880897610215925
2.7487128660416564,10.726033290633499,-0.19277807467217117,-1.4730341133214297,-1.0066303237463967,0.48566098127615576,-0.47139877067997493,0.35877488701616067,0.8165279635098588,-0.7841146465600864,0.22199622888344975,-0.7557450486149266,-0.10782251613990236,-0.3403302534804905,-0.22274190529950627,0.333506210785301,0.4759795273929926,-0.9364880365024884,-1.0073396733158235,0.1807533524280759,1.4599499012031978,0.47949759508006745,0.17098001699784582,-0.7371843924288621,-0.9240712892668306,-0.7737567221850239,0.37984110836397106,-0.6035760939253938,-0.08855738175776864,0.885589979359708,-0.5335148288551675,1.3430447509495074,-0.04926077336687733,-1.5912256393275839,0.8461998083921556,0.3287809251526314,-1.7159907696300316,0.641711861165619,0.015065808725073314,1.6618536525369427,-0.49494171680040183,-1.7941051679565292,0.8454956778720817,0.9092428087390629,-5.7012115251741,-1.078292848823036,0.5280737262620088,-1.0059933208412257,0.3922271503421153,0.43676052252556885,0.9793170161554324,-0.9458531701310324,1.0627934053110535,-0.18026904820387118,0.38125996970044335,-0.3282436260448115,0.3193696133766103,0.33622535588806435,-0.2690508854510662,1.0416414263008011,0.595637674654541,0.9912997770800913,-0.7394279272210964,0.9542344305411659,1.216153977349566,0.48339123032037024,0.18759382963983837,0.8770661671958639,-0.03390432674317036,0.6444845385524559,0.35023917066395943,-0.9237253128689035,0.2652326093822594,-0.5266395614377326,0.1687675208992572,-0.7451482465741253,0.98858572000266,0.024461135666357884,-0.4345418625323881,0.1938861582848706,0.024761123068287944,0.7437779179189636,-0.39995951567388555,1.0482983727986548,0.3885332183591206,0.21595785458859568,-0.5039962802447745,0.395478711680887,1.206251623408428,0.4369290854375083,0.8384569072603814
2.4398034433568765,10.468570375434512,-2.1272798280450838,-2.8198452022908875,-0.6801678352776552,-0.007809255684674375,-0.6426433771115687,-0.018188496288769767,0.2507936231886584,-1.0487329375514303,0.14599237130551482,0.3591961191107,-0.49374012568172027,0.13046905387851712,0.9659563186852014,0.7452215535228894,0.25287892292650876,-1.0574646686329505,-0.9648080238335776,0.01494302893523044,0.5786765271842564,0.22980306704393463,0.64467582877517,0.03438044678434104,-0.3244974044270195,-1.1500272203170643,0.7314091390423476,-1.616192035597018,0.09207703216009441,1.7395541708283961,0.11982631121952786,1.4062320397572512,-0.6961042265797875,-1.2030194578502298,0.3209517460672546,0.012052596200350311,-2.013597722045927,0.9459904804625981,-0.16299368107103573,1.7680161234013385,-0.5492696718889449,-1.7892990981603258,0.1393361174435424,1.4277768673816669,-6.751869960862607,-0.2761332098203424,-0.8797093236096964,-1.375895528522193,-0.30454961361563354,0.734484493161655,-0.10582715142520999,-0.9601336979662446,-0.40846558922755566,0.40556373436811644,0.06511919823891209,-0.6722925699680606,-0.03990460180547657,-0.771229204246974,-0.924090645382852,-0.16347269441555418,-0.3070623135146587,0.08859819779794645,-0.521355122878079,0.17494389916921504,0.9699364135997465,0.3468312898106601,0.23073614486840907,-0.3250039985252043,0.04994511132360013,0.3394611327383349,-0.07417458001744284,0.5975602246851648,-0.13369603648118444,-1.1902014411841548,0.20503696370881128,-0.7012204691046111,0.09354723194387769,0.19896041782312798,-0.1008821931568956,-0.4121498192186362,0.2993375012743029,0.14544378756152873,-0.013918768913636853,0.01932140727754874,0.4233348305232988,0.5991677326225711,-0.060103009567042426,0.2544417095430085,0.503841172576951,0.46588685702768895,0.40425858844112894
2.7389830722066786,10.554642762395957,-1.3102245931993515,-1.5331721697038647,-0.6836086225921064,0.3671108224628362,-0.08181536294293949,0.1450306201702585,0.2240705667223534,-0.7432138425275846,0.5962993630476515,-0.6216321056500179,-0.8859325529836517,-0.44306283291447374,0.20460604423010004,-0.4812182579772388,0.38035997450192266,-1.759936846190969,-0.6676223835512004,0.41111805980281063,1.1911214732365203,0.013306116443436163,1.045600741404692,-0.5646934262479668,-0.5737998483175256,-0.325622687524486,-0.5552437608849128,-1.1401492605878367,0.07741145781034695,0.695937389953762,-0.5624137004055969,1.1243091095476194,-0.723525877324039,-1.541828276073217,0.511683273102021,-0.33091368183676606,-1.8947552294676218,0.4517965259338308,-0.48595663691782126,1.2675880183105839,0.45349549616623386,-1.8106748549882152,0.24555151849593945,1.7872770128177042,-6.796512120195619,-0.6233585542606844,0.17693636011946262,0.21381702946537967,-0.625154452867703,1.1996578047127557,0.016856062848213497,0.6096800701635733,-0.015318623483038621,-0.43405174295986243,0.1893398294035108,1.1415370828348699,0.06517501670731697,0.09408746668919224,0.15515915120804727,0.7363583268299267,0.8336860906391144,-0.4042491928384014,0.2431091616345316,-0.3644309114937306,1.4604849197882543,0.1600948233345052,0.16308262462019407,0.12761836388346912,-0.324924789183524,0.30783602823104256,-0.09877861269069853,0.2650307056969684,-0.46331659897357697,-0.9202230156995189,0.9874578483069287,0.7179508604507608,0.757421758365716,-0.13585296118942822,0.5300705099509989,0.1613525737953598,0.08864592389922125,0.42021432042535695,-0.9049677333652278,0.18400221567490446,0.5341625608663354,0.3598797321010649,0.2583047687883347,-0.10846039994696428,0.6688284277911982,1.0092068370328144,-0.43275838310382064
2.913182970195289,9.940458671433168,-0.5744366233550268,-1.8221186006785406,-0.6261771659042564,1.0959377274849187,-0.4270733586203058,0.204546683048763,0.42563990003522245,-1.2191247833141365,-0.09675443666790126,0.0007711214607415361,-0.6559773072818921,0.3915336313268577,-0.26710598296333754,1.1636322514642248,0.2667285173496779,-0.29163421064554235,-0.8968095513175524,0.3110182238531796,1.294168137502225,-0.10584606358308848,0.7129891879469382,0.20925115259182275,-0.1785936455801659,-1.1049444270384279,0.45721104700342463,-1.923467490309551,0.047020004091897126,0.21559187745897135,-0.315507570014771,0.6187450204515105,-0.9585706733497701,-1.7552067684020283,0.7411183333293301,-0.06568894126836818,-1.617913380878129,1.1875114490980767,-0.2607961357011149,1.5373218162732365,0.20606178684850937,-2.4457324727544263,0.9841042445797533,1.335988103157545,-5.98243244497253,0.1439663666077603,-0.6109637795951613,0.8285238110087376,-0.04360244976426132,0.6844707287627004,-0.49213613446204746,0.7075908877803805,-0.3497943259647787,-0.31391739135101615,0.18234952499638632,0.002353949550322051,-0.3702628095229177,0.5385040399969482,1.426351200307251,-0.02674228498116986,0.47820448883022193,-0.22648345482964272,-0.340676181421554,0.9166396754781231,0.11973572414902452,0.2188326639014698,1.1461619815758348,-0.18757124113735096,-0.4410653347025762,0.05726816504720096,1.058885584931917,-0.26235396087957363,-0.9807427729507817,-0.3469297353115236,0.2776194042875096,0.33193731333302634,1.0615130561956778,0.09875408849139998,0.4945494065934292,0.2146855140125457,0.5285790978325546,1.4266842322783753,0.030426951125977927,0.25614919189645846,-0.324616249017202,0.6366275824125378,-1.5219198487065726,0.43503354964265295,0.677647893047284,-0.4348001159986171,-0.07235901433199836
2.8158268979272525,10.042977678968413,-1.6799029132258587,-2.106123537934913,-0.0017862570098226538,-0.24586250061250853,-0.5501794849778548,-0.5148008057474055,-0.39729347354892974,-0.3115433962727648,0.17925998726499504,0.44871508481017347,0.254083221783836,-0.009235350568004723,0.5628488899057525,0.6941785857177124,0.09926842528028164,-0.12248853870763869,-1.1075326743883058,-0.5298213415188422,0.5961970742796229,0.2428272599769593,0.23506833838749083,0.4527482801399043,-0.8648415396231547,0.2310981598073784,-0.39724338922984526,-1.4451434081078678,0.39842279950797066,1.7797543226167565,-0.39826261126357826,0.3296554953697371,-0.2952549589408556,-0.6549239825453407,0.7930337278065023,-0.6527767400614127,-1.3816931463686495,1.328900057461491,-0.7068406446389593,1.2342821946455755,0.21340617523589717,-1.4307318782494929,0.037503292855880645,1.1587711814486057,-5.801323703386895,-0.565599114820285,-0.6589451620937494,0.4195309445619997,0.3870104738251156,-0.45652775963143255,0.3708053458954062,0.4369619035762235,-0.17915303386306033,-0.6918763318866977,-0.0008187490405347686,1.398276363072463,0.41790563744206793,-0.08378562445710555,-0.5172818124509008,0.23891985427704718,1.563347545189276,1.033663726812559,0.384313323524628,0.1958504949001499,-0.2669335222603782,-0.15433270848240135,-0.5765727941879765,-0.523063407969143,0.4632512290893909,0.0809302662643099,0.11731576766090039,0.465066030561858,0.03828830428088327,-0.4841395655505986,1.0013541827916406,-0.7387020203503615,-0.13408692295746574,-0.8027701165974765,-1.0990848401344069,0.3697015132115366,0.6522131898781267,0.25822458275585264,-0.16939844886092323,-0.12351221841867466,0.3328706036079766,-0.4302396475550603,-0.010210255489610345,-1.1693259133149385,0.31852952190330863,0.23975809997379016,-0.46650069549719975
2.6944447405588647,9.80979224058581,-0.9595885774756715,-2.3734568557565017,-0.5865140752724385,0.1802839148586053,-0.37853198546965827,0.5121039261564657,0.8888194990568313,-0.8040437222774544,0.1699971961584632,-0.24613996595863055,0.35752190695884367,0.7955365708481288,0.5806882666648236,0.5561232812855543,0.49060702068180173,-0.22284382460538826,-1.051966910621102,0.5307146124232639,0.6832007634557739,0.38431163976183286,0.7152887008347651,-0.4044822541389431,-0.9371546563966245,-0.5623147886811697,-0.6882962292790022,-1.5423691558050883,0.06542703658262612,1.979764302855285,-0.23840478708002366,0.5559384824098841,-0.7839664583876719,-0.4619976020450056,0.32824629094614766,-0.09396857121036277,-1.2668254430258434,0.9422965011168841,-0.46554570819742347,0.9744537730487037,-0.3679021602113031,-1.1226264224507472,0.8875057843165585,0.29165827247226006,-6.260336167675266,-0.7953960230843247,-0.13779554377743775,-0.4261700814394793,-1.885125322545837,0.3286894884842377,0.3746761047298182,-0.5715817410585357,-0.3527662045564399,0.5123559065398064,1.142508151499728,0.8530737036576073,-0.9194165586909847,0.3273095747156068,-0.2403111690413483,0.6543863988961603,0.5843763025608377,-0.05547348011207211,0.5421207561130064,0.9333342383366434,-0.9111967309840043,-0.5160011659071061,1.1591530696814376,0.04447649994298673,-0.6095231673515366,-0.08775966327957548,0.25274984436727843,0.5327548065897652,-0.03954219795386506,-0.5561336309198892,0.1401949612888461,0.8805521365710328,-0.7746575081350852,0.3628819320254526,0.8536776274081008,0.3550055081553491,-0.34744122184635395,-1.1222254427270009,0.1964976215677131,1.5835225578400152,-0.11438464787274615,0.11576023357291404,1.350126976391907,0.2617325159671124,0.012195934306497166,0.6059004911309014,1.0033298727891073
2.604425715444117,9.963978434335,-1.0281437794728723,-1.649942646423518,-0.06071105888334267,0.36524082360742066,-0.6648619380253828,-0.6077278061640864,0.643055126811149,-0.9729882538044201,0.43896943674614025,-0.9790089789057568,-0.679275150403091,0.3574739660444767,-0.17411119401608915,1.3056829378154242,0.2564678624230077,-0.6915898707584313,-1.21220791788289,0.18586775079462217,1.0476072347867442,0.2994106162529189,0.7517078701717165,-0.5077056916465971,-0.23471582170474348,-1.0489027111143852,-0.47247419685961306,-1.030605631152159,-0.07563399923033012,0.2635941896151137,-1.237909491130714,0.809865738168174,-0.39409895534695805,-0.13128899437836886,0.10621993017886149,0.2966846266769077,-1.288866878893764,1.6189209426021594,-0.005451790094582438,1.7010578249612787,-0.7879758074894988,-1.0944603963652544,0.9898239217272867,0.8559292234479217,-7.115309275481641,0.7418647397966736,1.4197262282582863,0.49441782278280744,-0.02769435911086656,0.5983282729373406,-0.02846612120990202,-0.7994095370003989,-0.07891693965357671,0.7069814320812832,0.26561861784552526,-0.2553360119481746,-0.8387406960628793,0.02187579120020938,0.39893274579391685,-0.366721212659516,-0.43731594620444636,-0.6665549207613154,-0.806491908661594,-0.8844992551436148,0.14050468491543924,-1.1893118492822832,0.5112448042913685,0.0840801159817006,-0.12506797610210088,-1.190437720490557,-1.0989035228562087,-1.1578619101142484,-0.5917114656806473,0.3298982244721398,-0.40295115565348816,0.09024633170262851,-0.33372093277132253,-0.03746463918260523,-0.022808128684390413,-0.7031360177997122,-1.2888449096356729,-0.663079963682958,-0.6820052561893504,0.09950828464381385,-0.19618944540050087,-0.05802614523687539,0.5108643039240589,-0.9927497385366273,-0.6675564511844778,-0.3751230776988232,0.10522186345967972
2.347680025462034,10.133399354545555,-1.6349083833484535,-1.856259200590688,-1.0716137288297505,0.43394048019029535,-0.8184542444793692,-0.1913063135059814,0.657430402853738,-1.2214982037556037,-0.29230193952683764,-0.44923112650702685,0.7665655308207315,0.03494969483915358,-0.4057514290508286,0.5302064807134941,0.08843301754597467,-0.9691252994964292,-1.570862428084073,-0.11014984854656357,0.39928100340934425,0.8485051045425495,0.903580703001254,0.11944014318231674,-0.04246073811836077,-0.8420753286306911,-0.588718892420338,-1.0414688518577697,-0.21807304017200715,0.4974579870591279,-0.7351289872968352,1.0095340275686695,-0.17221169912148737,-0.22679572241479934,-0.049333938298395795,-0.6419549806784642,-1.4950426069983582,1.3026974450843276,-1.010690730994301,0.9099818569593084,-0.2360047961552414,-1.7045805341501612,0.142307009849426,1.0552397618640879,-5.047855694811898,0.6591267582539249,1.1209779575382954,-1.0103421352445245,-0.6247115700639452,0.28484219114528075,0.7430409395910177,-1.01734842752123,0.5937380181542292,-0.2079252869985247,0.1502740740994761,0.5061118496737373,1.417762604304191,-1.242645496030591,-0.970622966811973,0.15767350601015592,0.6562704715854147,-0.43775084499037537,-0.2604613935275671,-0.11057426059940441,0.4323825898038068,-0.286415000126172,0.5246371769623073,-0.31478492588976575,-0.8580489609181614,-0.5265173591749759,0.2871121028202307,-0.915870828034597,0.40143752625279294,-0.06964163514382306,0.06532025100109654,-0.828069149430462,0.15854548887523942,0.14683932207580722,0.5913493365361691,-0.7669873556561269,-0.16110245683474814,-0.5937187451997763,0.742996173408338,0.3030964133761592,-0.5587136456738129,0.34171609590590274,0.24960204941969102,-2.2201913942756852,-0.9993486536989222,-0.9242088407382113,0.163428515580493
2.350109980184299,10.303031223574841,-2.195666929202033,-2.4463249247248453,-0.5671017875327496,0.7615946796464249,-0.6078878724206478,-0.8693421167131925,0.3558362104637768,-0.5322918469152187,0.619081878195872,-1.1561387116355755,0.6361318620662281,1.2757413009127385,0.01512370403585436,0.424764826749501,0.2151740898194274,-0.5161354804139306,-0.9244291382905917,-0.017838318934753416,1.2417057192982202,0.31882225217072435,0.6563030834803038,-0.9057020283120365,-0.09036127585215777,-0.49339520042485097,-0.11041489935737116,-0.4500824100838769,-0.1938139811887678,0.0267825983823628,-0.7474920580497603,1.3189063846863933,-1.2824681126294966,-1.2606816385753854,0.1184277135200234,0.10235720244595568,-2.2056373747255535,0.8398601458077107,-0.21428550362275894,2.070619436549228,0.4251230045318786,-1.9857194755054342,1.2566767589815342,1.173481954056112,-6.231919385418455,-0.10392974816281532,0.15892789520698228,0.5393365948127853,1.6049943598963619,1.0784500335800677,0.03662262617558981,-0.27298573307868645,1.046675667497547,-0.31784934427975853,0.9643962995731094,0.6161723388529382,-0.06315681733606518,-0.6203182934234919,-0.047340172451075746,0.15682855768796253,0.5841592591785538,0.5319335519570374,1.114910263181822,-0.1416933928195985,-0.6790884513079822,-0.9038656660797665,0.11406561553747371,0.7536404065552649,-0.9701888019325418,-0.22583070708477757,-0.2292327455437315,0.770565582142067,0.4560127122683017,0.40798989928873064,0.05985770113969457,-0.5055437850944995,-0.3595102865778167,-0.5831560169541159,0.25221260559965075,0.23538193034774219,-0.3344610691715148,0.7108901209927697,-1.1379466253867834,0.8582444609639176,-0.38245592826561337,-1.488376678866677,-0.33895603712821587,-0.4546329733056837,0.1475586478899269,-0.537769213752755,-0.2672231752912107
2.433387664257787,10.034779480771359,-2.0141615501686765,-2.0368178143127462,-0.7385330742902053,0.3393940862190564,-0.9592897825912132,-0.43456319473609445,-0.08991784085545686,-1.2130649606930306,0.02676597957744475,0.005116220083635162,0.24144987683341076,0.6873639680096151,0.43259549786164103,0.6273702765415387,0.45215633529338234,-0.18264153092404342,-1.1072857385214656,0.01955530191346298,1.1922882259546264,-0.045831436819591356,0.5235889239559468,-0.48634963868275854,0.07981548105212281,-1.0933760485238468,0.09131780840093763,-0.5439890323267688,-0.6157776681047482,0.6891748659732884,-0.7211191033767472,0.8493504155628637,-0.5896284847777309,-1.019896107147145,0.7420535688791554,0.03528768076889755,-2.3058266360917377,0.8864876323568116,-0.6237083866673402,1.156093854517396,-0.042907764712462756,-2.0630343829156526,0.21295563792407227,1.9964893516660764,-6.465531761531665,-0.8441085524888948,-0.7807208957871675,1.2219894377642262,-0.31858298137573443,-0.9084677665281669,-0.40223516316340674,-0.07446497186113107,0.2473541829458696,-0.03319262693822255,0.11388875357397467,1.1393749151259678,0.6101271606027694,-0.7437357118560595,0.5041866357868802,-0.9055951733834967,-0.10673255953972678,0.7589508829244753,-0.2335844065357573,0.4853473553455078,0.3995159096775621,0.784644473937082,-0.3343421310206259,-0.24688366798394132,0.7625898245735421,-0.12977253681017267,1.0934946767270128,0.35176663273707387,-0.013687852805417464,0.09755927827953556,-0.07636951324967711,0.24359788888045925,-0.7395024090088068,-0.0820516176422208,0.2424428764160716,-0.21913617383904724,-1.268217830822424,0.18109327166577122,-1.2062040046699953,0.08257357015270715,0.9599832499367129,-0.10329599578512401,-0.5415352691727434,-0.3515151167136083,0.7726172425796495,-0.5475474241566327,9.977802164036079e-05
2.192888389531993,10.109788201022223,-1.1625288280575463,-1.8916594118194276,-0.6101828161453319,-0.7833088066303215,-0.3768069169094144,-0.07070686496244727,0.9571821129987323,-1.5874391944160668,0.3443599370247519,0.1552335499768586,-0.18461225680078272,0.8372909862916906,0.469811582239185,0.5366077242156331,0.47893272147694116,-1.17353448412277,-1.037272641416979,0.6008969292670473,1.1909998589237785,0.43490629665187536,0.4473956762036124,0.6851104032948979,-0.185407089399866,-1.3405517684837427,0.2702480373011694,-1.2685720937411844,0.45390836809852375,1.0681912154868993,-0.7036509817081752,1.5592298965704994,-0.2550371507705951,-1.286015809613553,1.2711716603870635,-0.9559298367607326,-1.7431865050081508,0.338346711376005,-0.34404685235952226,1.9474290700225139,-1.0173300577729438,-1.4456052646981075,-0.32922494514066875,1.069430017223195,-6.442828911931992,-0.5437022752956981,-0.14136155105204634,-0.5571164870175355,-0.2877407351360016,0.5766713720451488,0.0740943057815728,-0.8878177359912296,0.36130944921767655,-0.44701231133614344,0.813492120201822,-0.4538696158806365,0.8630057248037625,-0.4366863193291299,-0.017515096662029776,0.8834303933640352,0.8869198242024975,-0.24420878735141652,-0.19753831812642028,-0.545851748359574,0.4178472150693472,0.10171565975906195,-0.13609230097256583,0.42769106885629204,0.019150309890260713,-0.013859289243825748,0.6050041313693415,-0.505809043274624,0.8105927832700265,-0.2704691940181277,0.4264218149689248,-0.31142108916179073,-0.28053891334458403,-0.6221488752959579,-0.3294404376462047,-0.2039816462582519,0.856086282204624,-0.25810661392214856,-0.23587536226604397,-0.09192946182512789,0.3710523049273472,-0.23615721340524037,-0.9568946840771033,0.976155383365983,0.41060073449192347,0.5150831580602007,-0.5439816720712277
2.7041462285504094,10.014170983863384,-1.377814309456499,-2.857394775752906,0.5449032170197496,0.5193749501552457,-0.22601705832263377,-0.6001266768008571,-0.2896440620845114,-0.5155706184032349,0.15508099107100598,0.075606780759993,0.013546665409475678,1.0382200587723007,0.10330890656841651,1.25399045107522,-0.5403024026795283,-0.8818269706100665,-1.1834122565330807,-0.43833796587337637,1.095459401473577,0.2704410052691156,0.40818192278687787,-0.36984559244820914,-0.36326676923354617,-0.851931815653977,-0.14366016735473752,-0.7622569798102924,-0.28442540607091354,1.457493281376106,-0.2949832221263822,0.3790831924797697,-1.109497409450578,-1.0463112540887156,0.8344771568218875,-0.1972659822985976,-0.7533623011438801,0.5818188461535645,-0.20458221478004487,0.7273843455490479,-0.4988286298828153,-1.6780533001678237,0.19964684281056774,0.502579223926482,-5.523760988379326,-0.3883514168450776,-0.8711574782092286,-0.014983856341863642,-0.21380790053793033,0.09430869332465423,-1.2885219964182097,0.24626880063813034,-0.49356413461977444,-0.13434722668609367,-0.1740695110199727,0.7592256723105189,0.787924292210585,0.7249183513926851,0.08522015237784984,-0.03475129355419359,0.382815812972422,-0.49150552067943093,0.22846782293189843,0.1875377102924605,-0.3004394864058829,-0.16130445435682988,-0.07972124641394321,0.32000433161353137,-0.15639137316057716,0.8595071070917523,-0.002178081169288839,0.557138145977003,-0.5891121028470704,0.8221807439736321,0.4544756482340455,-0.016145507529856693,-0.31810728235392,-1.007858104790522,-1.698579122516728,-0.42656235504056766,-0.8682582199294425,0.4860370416478351,0.2867608860342885,-0.9051449099873085,-1.1090211948953344,-0.8992375615266629,-0.31597131840393283,0.0410228514730781,0.39627743518556696,0.00459475096901531,0.6003510264366738
2.1740361825855112,9.932224600465458,-1.9952325407670692,-2.272836896337685,-0.038561330574720734,0.15256574782505633,-0.6666260404868274,-0.12338018895721768,0.39729407818057744,-1.4863932363937045,0.44235268196739413,-1.30015307700207,-0.2981182070989148,0.15102653855778816,0.22771814535670784,1.0680776852128109,0.6185783770228702,-1.2286669066909,-1.786874806222542,0.8334527636947819,0.9843016591023043,0.8812295887015851,0.13371721147545812,0.352450679450961,0.17767492397319906,-0.9618679871494662,-0.1907261364601657,-1.9359544326280618,0.21436333832647048,0.01840715606794002,-0.4166255201999888,0.3515762494324374,-0.3042101093155217,-0.9560624298604361,0.9230036976356439,-0.5110297418549995,-1.4036972570729846,0.6643797566387022,0.09084994978012613,1.3725685066391864,0.3717243089849217,-1.746694651031231,0.16139853983331812,1.3331079943294537,-6.711853428382815,0.16307221603375105,0.4280945434773058,-0.6681157975699737,0.8212030830997948,1.5339707516489463,-0.8307206603778379,-0.13415779190864557,0.5564827125786779,-0.07554456771097767,-0.07285013357151542,-0.30975776677145656,0.6432946754573179,0.7896651762820838,0.4141439227892537,-0.028565218316225202,0.5726931268290324,0.26637168750595475,-0.9113641421172346,-0.13878283886034848,0.2621808409501443,0.034964569858430584,0.41666909932920515,-0.840547293258356,-0.19946782128334575,-0.19123886974581514,-0.8219885786023923,0.2675002699428654,-0.3865092761207931,-0.16778914753329854,0.007021337451072587,0.5198382073101065,0.12227403894803489,-0.624570532246125,0.9129162154278506,-0.431047887159722,0.049903270399375324,-1.212570979511914,-0.8150423145149496,-0.14311173833104276,0.9761556188931685,1.5437902863213269,0.08692256855047688,0.47956523626233105,-0.5196067223554093,0.8507932265369144,-0.21495673362341444
2.511318164745547,10.491422424571825,-0.4001122201389007,-1.9486314748330993,-0.9280370808616915,-0.40394635327562695,-0.7922772332507458,-0.3263299267754107,0.8891059701304026,-0.5044091803803785,0.45840998657889587,0.05634231321981918,-0.4550230541644716,0.00908777468350621,-0.02948820437707677,-0.19747389467024262,0.49449488198050706,-1.2143733243517185,-0.8957869553456542,0.19832917897173152,0.996851809152971,0.7653374477929283,0.03814360613291942,0.6331782607225195,-0.9230171856273827,-0.44864871666899714,-0.33359176470971463,-1.5443895669252932,0.20068127648607686,0.6842708490640712,-0.10283385074674278,-0.1449038098229802,-0.8052222122861378,-0.773600356573238,0.10889607119708514,-0.3131772031760281,-1.2827887677231629,1.4944832288875745,-0.24997008117661645,1.7347515717033433,-0.6157136607638305,-1.3151230283524993,1.1219441977785236,1.2757862218098222,-5.262739418476411,0.7416165447794517,-1.2322015482378885,-0.14071213126593246,0.08005107870762654,0.6308514308712456,0.34446870990613415,-0.7455486161064899,-0.7159606576294375,-0.5963139516917609,0.33629550084032467,-0.9076820224342089,-1.4085119071871979,-1.4756948178897082,0.30433132056359513,-0.4740072692818049,0.8726788007581473,0.4049785136386484,-0.018495991643505343,-0.7239336644163635,-0.5861976046764238,0.20697230050524232,-1.7840900309844996,-0.0759139025186562,0.8544654673318041,0.43498980172849,0.39177087291539,-0.39663871980445614,1.2532432115101535,1.099689532062156,-0.71777530663697,-1.3788890801955258,0.17536811669820745,0.3110501760979877,0.5156156950956801,-0.5883375957780616,0.36864175574059915,-1.3688129694725943,0.3813083066406685,-0.4622373653337526,0.6738257172419921,1.1572995554321672,0.6138282401671248,-0.9170448299298047,-0.037272237333760616,-0.12993343759931633,-0.09279093420364415
2.1538375715883737,9.809039401186848,-1.2825581626859852,-2.20197600339692,-0.40012717060887387,0.11603594260003992,-0.5404708400271401,-0.5787353064917334,0.26417490192653387,-0.11034804260331658,0.16257699458304625,-0.8885348062601759,0.0037903037327939744,0.7560465394765157,-0.6137353802263574,0.31381679237088983,1.0187391577275386,-0.7232214499101648,-1.5032985436737296,1.0422782755767404,0.5866954147545768,-0.32367641626463456,0.5545462432414542,-0.5275567262137024,-0.5085093737439785,-0.1790662241687261,-0.3254385416044226,-1.5006582955153247,0.7698488029605071,0.9199701682172545,-0.5076064532005599,0.10303549975074687,-0.20623722983668105,-1.047446924119234,-0.010760238864386335,-0.7460696485695438,-1.2268916685998403,1.322360218748224,-0.9368196536740793,2.0107747357796635,-0.041911048582052635,-1.3234221579348269,0.4854511761122743,0.8355966831106432,-5.593183977881904,0.5620782702531041,0.059010958841911765,-0.5668615514379896,-0.12025026364889609,-0.6118739580891148,-0.6028779431346772,0.2474357960361739,0.49816398592556066,-0.1346686457993375,0.0861783406083564,-0.3375741479266635,0.24591522319245454,0.5195101135399024,-0.09482921106421635,0.2003479921889047,0.39808508354105676,0.06716737917813977,0.785170580918234,-0.30622521738215114,-0.8487198418732309,-1.3658383698983614,-0.5089151543525431,-0.1340047631914736,-0.4654008219910441,0.2480143688315303,-1.1046461315544602,-0.12155066588849375,-0.4154925430994492,-0.17453555962547332,0.5561229022790477,0.6452719432028889,-0.39485084424141587,-0.7527527086622476,0.32099456016111283,0.4056339326909945,-0.14847641978954462,0.2871070727647847,-0.1345045983968825,0.798257856420433,-0.3733554557951613,-0.2774302572009992,0.4185085864647968,0.044096225095724556,0.34206188083825184,1.4277184553959603,0.1584241149450974
2.1470611018623975,10.148832479590506,-2.01040268908256,-2.3106367592822714,-0.5141094812735132,-0.2725867593503097,-0.8514108549309555,0.48502891534084885,0.4307482395670302,-1.3089513329279012,0.4224093519573832,-0.2326791719735393,-0.49296150025425695,0.6796720381047219,0.04645832612819385,1.0286827442752797,0.36096214568249346,-0.9212146033883399,-1.0235116745879451,0.753660270712971,0.3622694658780983,0.1631254865338865,0.9479299409819228,0.187477250436012,-0.6740470538605213,-0.5506240173443983,-0.40729633249302255,-1.4529818304781028,0.10525124834638805,-0.6068580264577444,-0.1314043897165651,0.9783445374025079,-0.09843396739231793,-0.6656572418107545,0.14503137512783337,-1.284303676930037,-1.4275262297608455,0.8997870573520016,-0.477925803162443,0.9931097261063709,0.6739589391304996,-1.1830580625396347,1.199751253918443,1.4080695020811778,-5.480765180600368,-0.5761080670450635,-0.8515826781750935,-0.0016060902635966158,0.7298287989622022,-0.174591350253317,0.07019526495502634,-0.7689248999596777,0.2922187594846255,-0.31764262021958334,-0.16898477003394102,-0.10211677330721607,1.058092708616208,0.07183797890133149,0.21712218761635924,0.7818840548012894,0.7383016959584561,0.02002285307517422,0.8343911890427387,0.619032821561653,0.12281806687908786,0.8567925430960537,1.2606364141081383,0.4612546438891196,-0.05684351887843872,0.24462050767342494,1.116828803296736,-0.23559150660334321,0.024402412060388075,-0.7190498896069594,-0.07192708154490894,0.13533022321348137,0.47091873561250946,-0.221679538434953,-0.09726162844827312,-0.5747913302540792,0.6686011652186884,-0.8943554327329565,-0.16567461738901207,-0.858640234429714,1.0782385031169566,-0.1405299441788482,0.05233789413900652,1.186730348392448,0.745497779834101,-0.4121593350878889,0.23781361697896877
2.2082904997411785,9.804466280846256,-1.5637897014199929,-2.5168336826266233,-0.1833231760489149,0.5808483938136364,-0.6952588866325328,0.21022234574387058,0.7521876815473804,-0.2170504105989071,0.9474367080138723,0.049925674496306055,-0.7552492560975232,1.3598084834455824,0.3534374976848568,-0.20551176393682427,0.41746273115990984,-1.4827598033623444,-1.451288823172996,0.22532588205270268,-0.07890073119953872,0.3768770461896199,0.13303427502915607,0.15045462351192954,0.046455132203569297,-0.600536382152961,-0.43178139231697077,0.15783114509089224,-0.5783630951936481,0.24390882928102448,-0.3576310781205233,0.701534136192798,-0.5189642743587329,-0.9358394781599016,0.8521350430385998,0.075253555399217,-1.0756543446596099,-0.05302556758685281,-0.254034073011322,1.179550972672639,-0.2919402503328043,-1.0956012981610532,0.8959347025234996,0.7026519021418424,-6.293590028816773,0.07338105988450991,0.28778396329429123,-0.8406654156563533,-0.5479113165021284,0.18959667023234736,0.8568849818533563,-0.531717231471258,-0.4762295979523431,-0.7429524549541658,-0.7450678706211404,0.36807466788954984,-0.1920971011188513,0.12548211548437557,-0.3460801041806182,-0.6586637333126436,0.4340943379020108,-0.32109962505730044,-0.13665359869345275,-0.327063165324351,0.08243310409665958,-0.6366112273657322,-0.16125773016976955,0.6246478576247761,0.11962076410041164,0.09089605202517405,0.11520864562743652,-1.1014929576709949,0.025904045060185562,-0.7517732699930377,-0.09229945266278029,-0.4241746849361432,-0.30771267370767885,-0.39755735069502446,-0.3149318854916057,0.761431062649415,0.5003873184035416,-0.3222773232139047,0.4980727549158505,-1.3224055248091708,0.8058588688919588,0.9064978794420769,0.39294907457956063,0.08056058449744034,0.2025787547931364,1.0491351797711146,-0.19814188719720313
2.435038068865175,10.072528943304732,-1.2824682324739398,-2.824365324359282,0.08597026444990463,0.5408951855097772,-0.4996583377350505,0.10631064900148217,0.37576653554115774,-0.9668826469565517,0.7389225799986223,0.33530772106591167,0.5122336340626972,0.493366422069719,-0.08616609204368958,0.8574173440743503,0.8292905631723854,-0.9376300915469755,-1.4839951261074917,1.170719446275667,0.5222737397908651,0.4541529900725496,0.27358103218936763,-0.731029820253829,0.35206693756589835,-0.7085654781428787,-0.26051825513445726,-0.8066056389054209,-0.2244667337728772,1.0632379838352448,-0.5428889605920703,1.2918530614551256,-0.7049436633348699,-0.42537710680175306,0.37647581454345214,-0.24066192701258435,-0.8363873713915415,0.7309592226348505,-0.2751909384421112,0.7930516423721748,-0.11450377611462233,-0.7328764966341426,0.5678629234822055,0.8929745566089364,-5.695375680374133,0.7785959572025735,0.18503304140669255,-0.15263198859029875,-0.26794827585285774,-0.12049050411119214,-0.26659034718907915,0.6884838155358087,-0.49711015228513394,-0.20462459716384737,-0.0282094318949357,0.5944344937892199,-0.8693831984746528,0.0818250420426991,1.9978172984523266,0.4188264673242778,0.16921596998312627,-0.7623963833740264,-0.3741107853548779,-0.8016125816142184,-0.9957126692653706,-0.19631748244484548,0.9073731311120867,-0.4116220997601129,0.48912100677075115,-0.4183032476851973,0.12862527719561986,0.21652211935009427,-0.1289166972432772,-0.5624885360053598,0.5944238245609434,0.8531157630534746,-0.5341429957249412,-0.09747343162551979,-0.12150703602826222,0.046708387698690464,-0.10151253459716426,0.39342680527856955,-0.24161219689407207,-0.26677639981623374,-0.34694424039759314,0.057930356936032844,-0.22732922568939334,0.20179029725955872,-1.3914743235710223,-0.5137347881978808,-0.47103324544644676
2.5050139190595107,10.543984070443951,-1.9989525938395196,-2.1153585736344245,-1.2238085019735514,0.08952160529830382,-0.3849419155089072,0.4360486757124397,0.7211474107393697,-1.257810296338274,0.5312798163298198,0.2565473007895488,0.15281413338456448,0.9211376323378927,0.30354175696527513,1.7103380708750242,0.8499377790581448,-0.45192454795766507,-1.0019008999686017,0.8994526962573657,0.40629135405360456,-0.061183350488602815,0.38408112695765484,-0.35216417387295273,0.43996940946207924,-0.9243543768457311,0.38522831073910674,-1.2172541294245187,-0.2562541064901169,0.7742390822258398,-1.0125442795246908,0.6725514125893455,0.06404126547945861,-1.188102325906449,0.25012848533756177,-0.501571245134871,-1.0122491472646749,0.9812891181227108,-0.2440482179653036,1.4500391872446414,-0.10910180863182198,-2.0929650665345956,-0.19004352721026388,0.9054848143360329,-5.74017582771235,-0.4169695418256406,0.49031189312905676,-0.3858508295059792,0.419566946274921,-0.37051982346521073,-1.2662765763069705,-0.26354460297666316,0.14433463536197316,0.13701077101361972,-0.5027208059937615,0.2213738219157063,-0.4358914415732371,0.7331407456540501,0.08896821429167573,1.6654538054561658,-0.3210826536389284,-0.1390576104600816,-0.22349081535597032,-0.5901007438052159,0.39347655887052324,-0.10999541855549667,-0.3254571654998045,-0.2837803517172301,-0.23730584455048334,0.9257658701988182,-0.6703539574475488,0.461521636956816,-0.8520308801859542,-0.2623064952878152,0.27514788647128774,-0.08437761507967503,1.1445355111896052,-0.22390003840741035,0.15414776725827609,0.6994658589556684,0.05777470613163697,0.048499001297525934,0.5820792719186442,0.261257708667385,-1.3726650953312738,1.4758541181833056,-0.7276697555414762,-0.24041612152920847,-0.9410018066016815,0.631398442242844,0.654522192661576
2.7431287636988926,9.677130898812182,-2.142025486156162,-2.1681995175391053,-1.0424166999544462,0.10058180058594277,-0.14220269874815225,-0.43347935355372486,0.24349843502395582,-1.0963219434083615,0.07125560698821688,-0.7580134722076718,0.3986083353090547,1.0711734225798304,-0.20199280721707705,0.9612853399760194,0.024123029881071803,-2.3535140506635104,-0.4117362575750362,-0.0002506885156678252,0.7070691473796135,1.2297048096540715,0.44664172639269556,0.2873137971745183,-0.5184100511869618,-0.21582142256594344,-0.5594755700658062,-1.5098314070038927,-0.13602673685231884,1.1432976677857838,-0.700847290438057,0.6897551712450006,0.03341252932255794,-1.0890778185255565,0.26218375319599624,-0.4220187366178988,-1.2914626552138309,0.5079836682353998,-0.1498809321896943,0.9538970092139665,-0.4050753928234214,-1.25377692787637,-0.30219986218048267,-0.01599422893588657,-5.232047430631486,0.3285827084347074,0.39694744300628726,-0.09711942467795998,-0.25807996325080884,-0.7525623845937798,-0.48212781582299763,-0.24390041406120566,0.9775191092387582,-0.40384722049629057,0.107524463792523,1.3583501304772543,-0.5202302759945997,0.05299937096681984,0.45533083455852635,-0.9502328788209087,0.6667505696581618,-0.5316602781300371,-0.791680323838686,-0.01007664121916676,0.5349157117027334,0.8626437518247946,-0.09715995720214896,0.1355553033330596,-0.4709081919096625,0.3689787092991444,-0.09133725852684503,-0.35411711652476596,-0.06186355590055655,0.6207688540455631,0.560914279239259,-0.42471492044683995,0.6118819089244282,-0.994853357724506,-0.6422084605625508,0.617047986584267,-0.4802446337205937,-0.5882734311201968,0.03562506836668702,0.2067424858385339,0.7713982342863641,-0.7236948960312932,0.16751341898541036,-0.6103920390822514,-0.08391349708777628,-0.34379216980331406,-0.4962955505494714
68.08024211118965,12.92376120283872,-4.496788069025196,-0.6025316405632586,0.33027625931282467,0.026676073084590263,0.48489164578807925,0.4226958146801572,-0.2464314719904593,0.6636574182814022,-0.3701899438565274,0.38185841086207234,0.19882072329850875,-0.5580471650175391,-0.136246580296945,-0.7889146030716785,-0.09533952527430875,0.46738274360670407,0.44951642678913273,0.25303753677500734,-0.9731330771969996,-0.39980916807765643,-0.5855532596330969,0.10082351004398447,-0.051720461625415694,-0.02574280413936222,-0.11115290944860994,-0.26456921679268436,0.4250139303767833,-0.1921089778845267,0.49171390668847353,-0.4971598830150894,0.535211468742293,-0.27221389686127123,-0.23334506028297644,0.1637965227520855,0.8734918026724249,-0.9485256168488682,0.1533193479220391,-1.1228252760325703,0.6627442443421585,0.9896041465708036,0.2858433239079963,-0.5600152448267963,3.319933432507011,0.32990684596710534,0.22495465129641676,0.25575124275824457,0.28850505720856684,-0.2834168030034999,-0.17018274782227338,-0.6010910174795492,0.044829302124936306,0.032138544293062496,-0.2792783578365279,-0.3806514620017768,0.2759704175542633,0.05359290065293607,0.1957536059576217,0.009902713107410548,-0.2326232547284989,-0.2934038054445542,-0.3166784919332808,0.20366479578715582,0.2750591319309236,0.04803487488009183,0.0309379435804072,-0.1178504900474676,-0.5723438365750972,-0.7731545295830059,-0.631437735275707,0.12438514581671156,-0.4442841906382174,0.28796437425057225,-0.6193161349051446,0.31994275420501794,0.5706430251816497,0.3209336545060077,0.04812217475191173,-0.4595560647716884,-0.0268639661985444,-0.40560921482288365,0.3728093115861704,-0.37284223088874535,-0.07635939850987111,-0.4548953322072575,0.005546921237569216,-0.10210154345702026,0.2161567178069555,-0.3059591040051643,0.06748910094607273
68.31493057864678,12.080033864772613,-4.855488414055407,-0.6395065105996353,0.08004881460499881,-0.4077848616755443,0.500300115069127,0.0922982798285586,-0.15700178567481968,0.4464979497343614,0.28944710184271616,0.28893132532927374,0.03815608944843689,-0.12634309486902232,0.16760747028091805,-0.2910837872096883,-0.6957239553575693,0.05936980198852837,0.2347964540092912,0.26212524924135616,-0.15300104142644744,-0.32529877883942027,-0.298545056942081,0.2470584616064412,0.1498034022416418,0.41744916750153227,0.285380578488304,0.652355481974052,0.16633536923344605,-0.1788099710632672,0.37106579238419946,-0.6842424203713574,0.240004185780667,0.016829295824646887,-0.36402648102823765,0.4462877640403296,0.24246913649966084,-0.04551973582020326,0.12303928601888348,-0.5458252201737971,-0.17276750780893305,0.6300390929612751,-0.10542473074862647,-0.31448386389501637,2.130376657173608,0.16147516500105524,-0.2994683064280577,0.5144748518767253,-0.3019025666685056,0.22586982066999453,-0.16713981526390143,0.5428784632538115,-0.11391863907252872,0.22428499408878955,-0.023234968323991446,0.41909116494457405,0.07878371777780163,-0.5559531444965848,0.33755284558358833,-0.15577917495143412,-0.1513929070581355,-0.049547104692281754,0.8607762457532973,0.003853193717405808,-0.02253013805231035,-0.1355559062305753,-0.5192886552139976,-0.19662174418661743,-0.12120446392901738,0.36808526361739685,0.1344318291417073,-0.7490935277361517,-0.2225648251918309,-0.2618590757922213,0.21220882502385005,-0.27656816112831334,0.2253205554488088,-0.3654119717743534,0.339276172471753,0.5379610133449232,0.2952984022633123,0.5041148958805679,0.3002846648230872,0.5181677343746108,-0.35553758067316515,0.2482185186290747,-0.14193417609026995,-0.30500648738004965,0.35112617169618465,0.4248956666365142,-0.16144467112288186
67.88100272467595,12.718579919051678,-4.270866242229476,-0.7081193067489289,-0.1410263096054162,-0.6805024967495704,0.5022501945230295,-0.18855908830950435,-0.2780479853456615,0.642925832063687,-0.594198014240211,-0.19573465918702884,0.17643141567673232,-0.6933674528278765,0.03497500825684421,-0.43505500732987124,-0.4856740617917427,0.8415779155782138,0.23933513982601246,0.13897300848679292,-0.34942579704369336,0.2865407580913895,-0.3770063125413382,0.14294615896191254,0.2449341624162729,0.4190762848190566,0.0602084726945098,0.42475319284964747,0.29347343051644365,-0.33414187758736424,0.3594401829572633,-0.5662070150257278,1.0168777969330915,0.6158081109627123,-0.48325109027347407,-0.22996973632640705,0.45904737197236023,-0.5511193695951386,0.4291984516430961,-0.27042605881138504,-0.11713702904120238,1.2288845659826937,-0.17405167770130725,-0.15670578053255854,2.7089757042703013,0.5261035982378097,-0.14257053193746058,-0.33234926049131847,0.25355716927917105,0.3871457913785992,-0.4440241441970005,0.5867504764026434,0.3071599737221805,-0.12359774988343968,-0.27322629826255507,-0.6151303173970881,-0.6343884851510639,-0.1228903502867517,0.44909282009428625,0.9798830841730829,0.523702830864667,0.11492367200096776,0.5994837209225933,-0.32759385770847277,0.6365948170352442,0.1254794471250402,0.20683948716071804,-0.25476132512717015,0.07589603497744396,0.3897278040112378,0.5614763329656669,-0.4893993582546616,0.7884112370089768,0.004246108504727897,0.3062013194241958,-0.3697220640052464,-0.3454246560445545,-0.08080134565872424,-0.15193544186334756,0.4544380194453447,0.43591310853893045,-0.5191859754729685,-0.16210637721171794,0.3513901794324792,0.4583904201899499,-0.06075913548991683,-0.5755194991677741,0.9894750552739998,-0.2036164584706225,-0.28418690589602397,0.7198418625057307
68.19032873222673,12.871390336919974,-4.586087231387485,-0.3409270525766719,0.5815781666663791,-0.6717463378543661,0.27537057784191254,0.2388353777293175,-0.42882568540975957,0.7852716053503248,-0.3089451708991837,0.12154252376203414,-0.31571757108573006,-0.8456122429398922,-0.37023283240882476,-0.47996804428421447,0.35177532339158896,0.8124422910869249,0.3077087516147413,-0.04845625970608014,-0.1070523141719177,0.18532948170718527,-0.10638092864173118,-0.7028266396221551,0.6502716453256632,-0.004286688147634342,0.08358454150152972,-0.06484846270857222,0.18960466729786782,-0.6313713895239712,-0.17103542848032482,-0.38451111730906695,0.5164022484448514,0.061270119444595234,-0.12309199019569426,0.021837795405093976,0.4615989641223974,-0.6930052250103532,0.15568220200243316,-0.6350783231471232,-0.22412088680547756,0.033606520633423946,-0.11664385705250911,-0.9067165080808621,1.2936739636302697,-0.1411207846096928,-0.39238526575199334,0.03892813614380844,-0.22046943074524966,-0.48537073156178356,0.07973647932714388,-0.24020253561672514,-0.5539849899385806,-0.05158755767805274,-0.5191002976306257,-0.04529085448735071,-0.18464335565467777,-0.6829173138751281,0.4373979710217806,-0.5285074721104684,-0.48946119708362273,-0.3195671963414595,0.02989983988925989,0.5564143211795485,-0.4393907203327292,0.8246542106692434,0.6757120347870627,0.21736451631246453,0.5982587626281541,-0.5200154990859506,0.5080304803833965,0.19056001102832265,-0.18157235556577356,-0.29466948592900655,0.46731228786060275,0.5955773202530336,-0.2732702816720778,0.17241633449979865,0.19342040403969346,-0.3293116010688466,-0.6221620063629232,-0.13542951914668563,-0.050083555217376854,0.0069088381128567505,0.6942555184526438,0.23605293623903323,-0.3002777371709355,0.04594048452448246,-0.1527447786574507,0.17439637830756818,0.39530959005849586
68.1808361340121,12.921411128401246,-4.317855300723657,-1.067061090143688,0.45222025988314607,-0.37909209117912657,0.3446547267597595,0.5049158911145268,-0.7916841345371357,0.3673381812152044,-0.0946484594566202,0.416280551551639,0.060064107050276885,-0.3961498771658638,0.14544661969413647,-0.5293194614657801,0.041652765886578826,1.1221016680999998,0.7339779663878707,0.09028265979710434,-0.04309620821709072,0.13273578724657695,-0.22294610374078883,-0.08130402708558389,-0.08063476223914882,0.25489105017893243,0.10480049481555896,0.7389666909109064,0.30734820734825885,-0.3677635091743837,0.39427332613960486,-0.4405509221206404,0.5091965133835028,-0.14550379428188262,0.2622407076168806,0.4041156986258408,0.6380688285666635,-0.29074358527303296,0.10514378470442644,-0.4180590817978182,0.3274200013703876,0.8705529855288316,-0.2876850801811763,-0.5487478214687572,2.610527829309505,-0.6207259560617614,0.2724006293526413,0.36030791366534093,0.10970036832732422,0.015737089274114654,-0.39854310360568734,-0.21385139219332389,0.3650864678716189,-0.11948146820958454,0.22453224210678044,-0.09600722700276176,0.4685075882007795,0.22536466775193875,-0.31900402421988444,-0.03067625527347867,-0.2719209102710784,-0.12478997414351983,-0.02146599322378971,-0.609266115986099,-0.22987531485699506,-0.0019201603575525299,-0.7840239556499378,-0.2784932611957496,0.18465986217603436,-0.3533556392143831,-0.8580661637830437,0.28108675036405134,0.1199058132797989,0.4811711902425339,-0.04815416068598241,0.17471482249514306,0.06637702989428398,0.3447526163190664,-0.08212202311784642,-0.01933267613359806,0.5481370213118256,0.05658276585121621,0.2350457785296103,-1.1462924127334826,-0.96063931453567,-0.4600381904748392,0.4235107059012212,0.04247371928514651,0.1041259034287432,0.06470318169956613,-0.019096238649004404
67.85718491829543,12.652679623207378,-4.854184501556729,-0.2374967401438052,0.1445067974938254,0.03861624670362535,-0.1950554654180563,0.49496190580005645,-0.6488925520963622,0.7248680533464774,-0.05286759282375848,-0.03839502056408244,-0.2654934830451764,-0.937240450149502,-0.04311603023670767,-0.2867355261427274,-0.711577602252969,0.37857826395561506,0.7307411123260239,0.17921296352231503,-0.024627670399979224,-0.3223793007554502,-0.20021458842402082,-0.42484877147019307,-0.12158495795308981,0.12918861540867313,0.4611090758223192,1.007228259305676,0.26819647245891914,-0.2635286441515165,0.08330654039864163,-0.6965679073421301,0.45693524027124893,-0.12447327512642355,-0.2550008646541774,0.6191615109602171,0.04074888891253886,-0.26224343523643817,0.4793130295451687,-0.3723346794118092,0.0029737815111152265,0.6358995360412147,-0.2419536482220698,-0.22589266410285214,1.650731240768144,0.1442275599824285,0.6542200067485111,-0.10143258624880572,-0.3177083919078454,-0.06633909731270851,0.4829552259194212,0.24124707268751613,-0.371522209623401,-0.44915966462391754,0.12141602760969746,-0.5675349693899019,-0.526474327992112,0.88096190987204,-0.20391012558631233,-0.2954867725746155,-0.5279166662347665,-0.04063950595293011,-0.9010537186639854,0.7298434374647075,-0.44624387815655,-0.24980804486502473,-0.19802179627208696,-0.23995635834511167,-0.19064576236262062,0.24592761807371138,-0.32573460733239923,0.35815459910105707,-0.4840289541041915,0.06885047269262463,-0.16079936233189873,0.15349471127472458,-0.11837167844778183,-0.26591638559849406,-0.6704150612458509,-0.11215025798688567,-0.2082200918677517,-0.3455906066343335,-0.032629974949702975,0.45935766168761016,0.029091392019325233,0.3245577272922783,-0.11570206323094347,0.4522026219967837,-0.07848195011254594,0.04026840314282016,-0.13667801186227135
68.25257588966981,12.827647497544245,-3.6147363545171336,-0.4161355345544854,0.6258047387757164,0.10269816339114127,0.8569668705074803,-0.03195373504521675,-0.7972912065868998,0.6658126665546155,-0.27445987237004155,-0.12726269168324514,0.17606534209563915,-0.7575423280814053,-0.08502083122010495,-0.9041425729200091,0.041325951685544496,1.0055649633144281,0.45563075845259793,-0.07102912650928193,-0.41285161494955397,-0.1088390736150974,0.08978821730276433,-0.3629211228741269,-0.09491791774289905,0.4696121081642919,0.308779349368848,0.7157494135690587,0.37775382288605336,-0.5311318406341379,0.2277765936532011,-0.20853310913628942,0.11690315558277892,0.16208261068188082,0.2834264852105251,0.4164960359513516,0.5863670007423504,-0.3670279804077674,0.19541429091475246,-0.7309193054835706,0.7741028050353223,0.3683154044833422,0.34141781056359183,-1.0961199498086132,2.533717238449517,-0.03953425254365769,-0.5171948654879359,0.23460874937264647,0.8167148680296704,-0.47998283950509923,0.07048319679630566,-0.10411244129216365,-0.22803393054749851,0.020771444028374438,0.6474168609318731,-0.10770401356492738,-0.09350501072633868,-0.49983991235713127,0.22599227682939743,-0.247773562752843,-0.6952286744315274,-1.121970092412309,-0.05000504892521305,-0.0940067108552189,-0.29122874218622574,-0.03045730688178693,-0.29856758128953476,0.23772155715411075,0.08672852288386483,0.10931578652353097,-0.019510376869352863,-0.08453663730890239,-0.04059400682344914,-0.4686940378780733,-0.07785443132093169,0.27399735470889486,-0.6881811652037559,-0.048251603574132745,0.016226259546065366,-0.17583833975302213,0.07988272941681063,-0.3486367939765931,0.05810532470029345,-0.9193634789122195,0.1774266186065547,0.1397012734252657,-0.19354961873546014,-0.10930092247778414,-0.2555056139097164,-0.20454441480021163,-0.4279593290013941
68.31064829064013,12.5359547910292,-3.6414126470848407,-0.45158129694809807,0.23858931392222962,-0.4502792775007037,0.45073730593610434,-0.16958015765701495,-0.6891007834041385,0.933203369769182,0.14343852500346438,0.23672579358279539,-0.0580579993993889,-0.313432799938007,0.4582526451025639,-0.9222076484478361,-0.23610849820478125,0.5527486818338304,0.5442796374902937,0.1923180168164287,-0.43835313301363926,-0.4218950742290078,-0.32403469743026275,0.18337769886107594,0.1635167441599185,0.33636512363357896,0.07623463702602189,0.18538904701120074,-0.23886620005712503,-0.01791596847977734,0.658018190250061,-0.8093906244928532,0.2121906573927255,0.27079819032256536,0.03201339307800142,0.30949661515479515,0.6920034262820586,-0.219960710822878,-0.0835942646305485,-0.2177620739818162,-0.2517914158677504,0.7125154541680816,-0.09722046107212566,-0.7295974913458738,2.8627603484819724,-0.7896754401224044,0.5208457408208137,-0.16613061949912986,0.06013722003133963,0.49264816385504323,0.32891371898259714,0.03551974633643041,-0.5376510648948277,0.7316902487032807,-0.1424464375427868,-0.001901026628414645,-0.6134724397305727,0.1489633691489214,0.14009421818561602,0.8387624581262224,1.0620191179403458,0.43233685272818545,0.1863552200383088,0.39767117780619066,0.42053463900109056,-1.1229816770196763,-0.20847048050959846,0.000976705880606379,0.029082688105997723,-0.1688090251279858,-0.4988199470146989,-0.17034709465487263,0.237068829978939,0.10463309468343744,-0.342592270805754,0.04702067534694484,-0.20164525996722357,0.6676849339393831,-0.0007462606084388644,-0.5266785837024494,-0.30793077060268526,-0.39126207608652225,0.5500782703431343,0.7091982679828269,0.0883354707743409,-0.12655526187458996,0.24539780819220225,-0.07994092249727179,-0.35541842923459177,0.02081527797781555,0.27193117807994976
68.07097989681084,12.5234459694058,-4.1154037626190165,-0.18222957503946116,0.31127203797843134,-0.3608841514434524,0.308139582491412,-0.1310798605199496,-0.7624189029613662,0.6024007680911511,-0.025784730829851697,0.3599329754688499,-0.08003051379086347,-1.1136633960758544,0.17799412905740417,-0.48633885426894957,-0.405757559280224,0.8133500945387073,0.6513251713292636,0.493150233529329,-0.06349697677172168,-0.3076444585235297,-0.14338940094289818,-0.2778681737610178,-0.12594895652584337,1.0708282690046549,0.1373218135743199,0.5246524771490405,-0.16636539980424364,-0.2730991893481102,0.35737917975046124,-0.26860186822238735,0.13583901397875808,0.21550939009964412,-0.002307936634679281,0.5644944251872576,0.5170152397477965,0.003185258038760494,0.9500557054605957,-0.6442172618219086,-0.3897320940471349,0.72725351672582,-0.005738244625455175,-0.8508541141096939,1.901957595221453,0.412979036232292,0.055215276290038036,0.3905607226863793,-0.7679859534356844,0.26125708305635315,0.7259808562772752,0.08080697977954247,0.4574026789718716,-0.3665711028469654,0.3007139368742386,-0.41448460520686403,-0.5130875793409749,0.14632228061756944,-0.1164170827464327,-0.2894388579994734,-0.5957951667922591,-0.1999778594715304,-0.23259079962315957,-0.2359177809436459,-0.586778752020382,0.10246885230649465,-0.27697648514572026,-0.010400487044498792,-0.10376304920387057,-0.10299633418142905,-0.6989751854450578,-0.010493379171811226,0.04251654472663966,0.14871243421410518,-0.36385045282321116,0.8183603080313703,0.08429515723200469,0.34226260932923447,0.4207932311731449,0.2908577252392064,0.8758210089974586,0.05792407977264376,-0.2984047189929572,-0.11765444964536587,0.9128709799373055,0.36912339028690844,-0.5658704749316501,1.1076944620882856,0.6731271630252683,0.1843166791755734,-0.04312337180661821
68.0614196055951,12.528156809899818,-3.400633978797751,-0.574752151142375,0.8136032958131877,-0.21770564266776601,0.4036765744382122,-0.1628423987243085,-0.15548078609895427,0.5368620680053384,-0.6432985611748314,0.024236839706618347,0.17159083803427239,-0.656968901904799,-0.14305391068928236,0.061211077589166524,-0.5198447193488334,0.5126656567748973,0.4545919000758151,-0.5566003960353622,-0.382495632765369,-0.36278490740892444,0.09339287955972261,-0.2069801305288666,0.2171278564143544,0.5058602050285308,0.14063553421452352,0.38803368192138776,-0.12308639867079404,-0.27911059204721045,0.5187269323001358,-0.40241705266513006,0.35329545833824666,0.5748617603419978,0.06088609771661186,0.4127578915938247,1.0746097865326834,-0.49255060196255795,0.40865081155135136,-0.49934912065109305,0.2051490086023911,1.1325409012150067,-0.6410336904458892,-0.11269676874045846,2.2610294192711518,-0.030385597495689847,0.8236467257239839,-0.058060799460445754,-0.09750405854447074,-0.5252956662690698,-0.06660151375663656,0.16943529782136557,0.007160617979428067,0.14071440598823987,0.49428018943243496,0.3168140843411385,0.13719506819382637,0.8062518774026386,-0.2897164031062334,-0.01912588102993849,0.08880152137364565,0.3307526070968525,-0.042205103947292,-0.053261073180342046,-0.2718471538683197,-0.6811919741557028,-0.18393498030348734,-0.3041068067831535,-0.13434877963344866,0.4341258711878552,-0.4510874415123289,0.22741696895517569,-0.2371037618008582,-0.31088017628213244,0.20596790408013646,0.2607532147028297,0.02331049080016929,0.5350207318241148,0.3610274167696089,0.1384406797953982,0.4124964143890241,-0.28122096908981403,0.1167498679078486,-0.20493092343608402,-0.38010229723558275,-0.3313400363328524,0.5152436213769852,0.20888128741563933,0.2011772067245799,0.30405694031039016,-0.29187905064045383
68.14392562853851,13.033766703738515,-4.040948042263231,-0.8095407270345631,-0.11398771168207511,-0.126167723614247,-0.27980675202874655,0.4055237460946686,0.32627344188947327,0.2834886627340778,-0.5116261938351547,0.17152390833753736,0.2966801072927967,0.0383670615536271,0.025568403966158535,-0.1903348468022199,0.27465903173795736,0.7910550817856589,0.18524311474009997,-0.07726720984927744,-0.5277568720152491,-0.5158472082488814,-0.577264822448002,-0.4673379184427079,0.02852306856478099,0.032741463586010426,0.5107272101712294,-0.022435239071912045,0.06393405648967428,-0.32620152296056826,0.15230621172451397,-0.22936490637344523,0.31829117908049953,0.7532544066826558,-0.009868741590083996,0.03966014696417006,0.5444517504696103,-0.2644415946476983,0.4142149574140203,-0.8105344301739077,0.02487808434396929,0.11206444905147946,-0.039868068412975376,-0.5907623647911019,2.4803091364558774,-0.7526612798473802,-0.3853380641099437,-0.18368768884573897,0.325755691384423,-0.260479309719535,0.31026696579288476,-0.6068508408009867,-0.15106894718631153,-0.08596140223577123,-0.3898317680505561,-0.14570655117536477,-0.17480846249422582,-0.16258415211256919,-0.621579904364782,-0.3362905951576783,-0.7257257579213601,0.002664603756591936,-0.2591047343484912,0.34725703636654287,-0.2913270877921608,-1.0724421063223823,0.4271362274370553,-0.10052213998115193,0.22272859061961486,0.06279388348047915,0.27674686678916566,-0.4872362770557216,-0.7393527631125927,-0.1302803135987223,-0.6581393263998444,0.7337180141018576,-0.09277326836561213,0.43502448007115957,-0.19771349305026603,-0.43033112782558114,-0.78135869203593,-0.641379908228003,0.00745311114291394,-0.29477961423950566,-0.486909151171265,0.2721456458765563,-0.016112289929674707,-0.5889623606241008,-0.28051706146880395,0.17933016660018467,-0.30947813101732125
68.00333487441347,12.824653899271556,-5.178619594508145,-0.22231251130549545,0.06825536689513537,-0.2870519315744244,0.5114900164520712,0.23131121068124624,-0.3555172286280095,0.6937190016791538,-0.12482512355639012,0.35789125148635637,-0.4459584439681228,-0.5847968596534293,-0.2120546145093449,-0.8174523407740198,-0.7728651353737005,0.4426454101807742,0.18310714935331296,0.0006716719827887877,0.17487127241669684,-0.4352455946496379,0.11615578269490828,-0.08586798317788318,-0.06421217309773919,0.27019360548886795,0.06377742597659705,0.8249840216312074,-0.04895914090520055,-0.21699242452345996,-0.09824167190916101,-0.48857412538621553,-0.3631001757023382,0.11402122128714601,0.08611508499320071,0.5768942204966481,0.08761399585036403,0.08492287561348619,0.20501982678804181,-0.4488064579927162,0.030581369941683426,0.9337050008882622,-0.46373636631755877,-0.30170635346906893,1.871271758159473,0.01832443326884376,0.43446655048490485,0.18989987473254433,-0.17576059703083863,0.3458744004283229,-0.753606962727993,1.0239201345712445,1.1543322443304471,0.20565448152808055,-0.468301901536255,-1.4779043015436706,-0.34509224777412245,-0.21877482849346122,-0.17520461064209267,-0.7070146880084529,-0.03995845779939859,-0.18478099840717516,0.1855938585327184,0.6876694715092873,0.482917386943083,0.30401609352977416,-0.3491989672152352,0.14043489826926964,-0.5121694829488884,0.39085649918821574,0.3735861877294475,-0.4363416188664858,0.4265830243085029,0.43753193803241064,0.5032639600921525,-0.2681602363214479,-0.27957283758001344,-0.5574483815106663,0.10454906112953002,0.6107837514544316,-0.32178899541634715,0.013528283858273224,0.28841240701765114,0.3665024362234664,0.1123380335586401,-0.3609057273649181,-0.4706440849233862,-0.19685520884689925,0.2866342368863537,-0.16588584307816615,0.3274156949418987
67.82304221068821,12.611240977481708,-4.260355761628759,-0.780844105147638,0.41953103609608916,-0.8530626822560459,0.06576802122902581,0.15322689593135919,-0.23664684429226918,0.4994986333891181,-0.16929682278642375,-0.16650114696843815,-0.06657596466286253,-0.5633227900859433,-0.18168806022648076,-0.7852603740216917,0.13920404651445584,0.5728228805669312,0.11759277392473295,-0.3917977241367455,-0.2319004628566242,-0.342749522112733,0.01023387867570114,-0.07901106208089102,-0.14930163841145752,1.141495578345535,0.21365371838215652,0.8445536708268698,0.19228440097581237,-0.45318310799052486,0.3157155558915763,-0.5069965750063709,0.10957887309287001,0.2416288601821202,-0.1422609217834331,0.6547281802128733,0.36180664725685613,-0.7696928973113195,-0.29208584912870655,-0.5879724830715393,0.10933913193588124,0.9800479982746061,-0.12167822532195904,-0.5402861829749621,2.3950624469605004,-0.11300030937223199,-0.1638135993993775,-0.4060505672008675,0.10721936519593629,-0.06767604465388012,0.43521153603534585,-0.6223582108937825,-0.17509202545496588,0.5117306989117955,-0.37967068977996987,-0.3410645073913442,-0.5661515726118711,0.4558311755970446,-0.5499248626288179,0.388385963244989,-0.15543330442188605,0.13355116950428597,0.03149246541274098,0.6861618130731256,0.675900730981696,0.21696559639481108,0.2839665300036918,0.07764446323559542,-0.38037342176973393,-0.16709787946742974,-0.12007805996184998,0.22807012338301683,-0.0678142712166995,-0.01968455274502351,0.46859536856606265,0.15900577476945646,0.012685257912334234,0.00944161767681726,-0.06071061373650096,-0.20293448539716505,0.1459616917399379,-0.015799954152540586,0.16456037436247103,0.1395502953376384,-0.5105333114644981,0.21040146908966517,-0.007081672162752379,0.3075551117791754,-0.8497927236384774,-0.45344680994168507,0.3772208163155366
68.2509228020628,12.949016493987447,-3.2872785639974236,-0.468965299300161,0.36671812172648816,-0.2087999859225992,0.20129595833657085,-0.07934112279442683,-0.8940730863845645,0.4021227663046254,-0.6882900860395528,-0.005579390149886432,0.012154505366461786,-0.8887980613289608,0.10826577171242827,-0.6286294007488872,-0.07897422442664054,0.7984652008912086,0.8750479379368018,0.14067512164083196,-0.2857553219954299,0.09569602077816468,0.10337536501906365,-0.630371196450774,0.28928151352068227,-0.02510231231429004,-0.05850333327535489,1.027462387814152,0.14707859579617374,0.13938664080066185,0.44404431808264266,-0.5741475749330485,0.5331025240539602,-0.027283700265559475,-0.49401730969205404,0.3819210135991945,0.4306032200188067,0.052855294090387896,0.1363394476754814,0.0681686811799916,0.20153093266140082,0.8288762333027014,0.3833810878777624,0.1263626161242125,1.6317491802497714,-0.3349074367195683,-0.2949403089725695,-0.31043303699491936,-0.09639259997213644,-0.18569846843546473,-0.40621053629871223,-0.21483008501385387,0.05232941312826024,0.07263185698134784,0.4574271921024335,0.24668735296891178,-0.532692939351631,-0.19769812272168144,0.2665247336978662,0.615773257042096,0.31271742152767673,-0.5411436676522594,0.5669341536420319,-0.1611666754301926,0.541558588595512,0.09332565467606162,0.306024105115008,0.12036594259099527,-0.019262104028427422,-0.19979906865202884,-0.5522515743191073,0.2940152127897161,0.4336283678211072,0.6177212889693161,0.38954345156877346,-0.3530797186862001,-0.4316579327613742,0.07631319141600675,-0.06868744640960397,0.11127754372903198,0.12547285836801017,-0.3090477398120198,-0.6287339715355639,0.510467723066568,0.09734290414734623,0.4850788627115217,0.0420284672540512,0.46980416409583353,0.06522836344484421,0.2751291243601183,0.19962157959883564
67.80077129447643,12.836865217957302,-3.922996657135381,-0.40901237656776895,0.4500939515371746,-0.5722808084661515,0.523907100750908,0.10226612306345663,-0.5339443287433323,0.7166179596414275,0.4289363755258792,-0.5787075236116551,0.03226860392271086,-0.42979904040751904,0.0026037194581719717,-0.5742155229500853,-0.16564687955371726,0.08785995175007792,0.23688496622176633,-0.2671444301901203,-0.6176729358140347,-0.6707010303205438,0.41759377798026914,-0.03881647010494601,0.8070386464043294,0.3664416560024822,-0.0008942465522998101,0.09682586406726593,-0.3013723513417319,-0.7977300310669371,0.3328658945320665,-0.2537873730381516,0.01713489075565141,0.5128171081820528,-0.08596413339719694,0.16102001537568217,0.8119218924159669,-0.4294087453844528,-0.18498221431549025,-0.47205281642214314,0.31360388454789556,0.8437529281391273,0.2675039363786191,-0.6816474523070619,2.5374588274677903,0.4994943846565583,0.09121000585049395,0.12101749284983883,-0.22618651240150217,-0.4732080900440673,0.08967614744680902,0.19912567139282802,0.06826678962863453,-0.305677841819125,-0.5033471074318209,0.12868042924059414,-0.34652065913665925,0.2422905358628164,0.22186291468504063,-0.002044160123192215,0.09179702977949876,0.5320050689044016,-0.4533942990164579,0.02154164376264211,0.7934411993838788,0.3309457060840374,0.699439047670051,0.6811381715074045,0.26271185755355586,-0.0810128333947745,-0.015842641449849103,-0.16950611410192928,0.4158751163445818,0.14091771016971588,-0.1913698515579773,-0.015101635421294158,0.6798657230011736,0.18005734290286166,0.10140632206452398,0.18086927586741589,-0.011633655549613096,0.33833629696065226,0.34424671475760055,0.3208979090496692,0.5253643337263233,0.13657642399265113,-0.5150961758633907,0.25687723156286013,0.5643003001898488,-0.16464648517453515,0.6635923068744534
67.79048700925081,13.183793688756717,-4.171284026761792,-0.4302015534922505,0.9950147677954544,-0.7544649528372923,-0.21014188212429244,-0.024183753335222647,-0.0515854947224331,0.8392069003851307,-0.39722026179922704,-0.6048238221318646,-0.07602308001189839,-0.3658626732654723,-0.03285139857377778,0.1753600075902827,-0.3438257495717861,0.5341706345104024,0.2267176082716247,0.04277060789765858,0.009797567919405696,-0.13411113736742444,-0.13094674003646534,-0.3558247384495493,0.36114407040889845,0.26636026609303337,0.3526616993188118,0.7956095251148977,0.2616111784797001,0.037299222051326304,0.20180519506359743,-0.261302989250881,0.32132241985737875,0.645855540062307,0.18495476343106712,-0.19238002888667496,0.08088744642254617,-0.22188719505059007,0.2678686159534606,-0.40075153495747534,0.14667834581139777,0.4253751944374186,-0.23700173819355858,-0.030063862767286058,2.241064429921668,-0.17082522311897017,-0.1447837584787556,0.38991257899045484,0.22523283188667634,-0.309517853283031,-0.11173621504513088,0.47756835792655994,-0.09201611066369768,0.01766945985311492,0.33330494090180424,0.11986331665460107,-0.17166466134226413,0.18672359961359944,-0.11924879296752153,-0.4721182998072053,-0.6364468471169393,0.18729990499165683,0.621768436660521,-0.5185875106304032,0.32918901085869195,0.4103972532392701,0.06208935366972257,-0.17646163805492926,-0.3058605397096823,0.16180705002342533,-0.24152717803785007,0.3326254258948819,0.8284476142964136,0.5130867229456293,-0.26221815806485327,-0.4725659549879308,0.29854228042875797,-0.7237239907190165,-0.08608812247077778,0.6872444469505493,0.2604007330473889,0.4794144796634035,-0.5593920997266891,0.20028224982431594,-0.090231345746167,-0.19979986809604142,0.14019680270715382,-0.15163881362227746,-0.22365927757156728,0.0003982551165167436,0.2832923437913804
67.9526697977625,12.722619511417223,-4.591024041512005,-0.3125797896634228,0.4419294267087786,-0.5217715167725878,0.29241554817757714,-0.4302651555342186,-0.4254974373926915,-0.050146961230657865,-0.3211621493904248,-0.5036482679255411,0.16127107924897352,-0.5844447453373888,-0.7016983285693669,-0.3887398722651456,0.08377200061667844,0.24587331400861026,0.7489919598669345,-0.43142538176482614,-0.8955299543748944,0.11804928368591658,-0.723093007688108,-0.4024503975256209,0.2899275296563075,-0.21937165336509673,-0.08551828528390476,0.8350044769618422,0.1257113539300696,-0.2694367028197773,0.42231917427382276,-0.4220249772751069,0.19396432049202772,0.4082177530743367,0.2628464527681211,0.10391152460851866,0.9446790117942021,-0.5184127821022189,0.027753659071222823,-0.3606893765231211,0.19971708116594125,0.6801295828080954,-0.4513203738458213,-0.1838979080056921,2.6212982478762554,0.27245031417671167,0.1731945169659937,0.059805695019566354,-0.08626204602013898,-0.011384433110963491,0.15061097961556938,-0.023891483888173456,-0.013465284043010664,-0.3047783083624417,0.32705158976675686,-0.5588357109607364,0.17189063862290307,0.20238381159468155,0.7858714952197026,-0.21235627310565905,0.021327890662386387,-0.20336076053917615,-0.047164765669887136,-0.23267458132309046,0.14667997885894507,0.4097523143323645,0.05835111030829935,-0.3054024235133868,0.31612439367917716,0.24822508413607797,-0.29806716920531257,-0.40326688188841775,0.9350067188591762,-0.5063389320307272,0.9388239152722541,0.11591389639486721,-0.03959911789376907,0.33127426740405275,-0.2017116724453419,0.5847488353760366,0.3335793081976486,-0.25637429787254096,-0.14077242042768842,0.49777198502555114,0.3049158074012202,-0.22138744499571622,-0.1444606221638704,1.4065277674493837,0.28941777466276547,-0.052561755504411285,0.22395699952182868
67.75915813243276,12.861134929085935,-4.035796399088505,-0.8143092951269539,0.11194148058073586,-0.28132411424606557,0.59225173627318,-0.047466291150628476,-0.3051137896306404,0.3941462920859549,-0.21790534833216307,0.19639145526607094,0.08389184452862694,-0.4058326090525845,0.15277498446168014,-0.7456948705754636,-0.16757638240772743,0.24916283322161634,0.19725192932720387,0.07570788073565085,-0.2749146509287495,-0.27711906890458476,-0.3707383704958765,-0.5191707855549221,0.45364690047884426,0.4986964184945397,0.45156455121757433,0.7180941596232837,0.5221967807562427,-0.14727945821705948,0.29361882966691794,-0.37838279784592055,0.2091317060491775,0.019846089039585006,-0.1796416445429409,0.5668871345097181,0.49396925480702314,-0.4316666951318645,0.34811408648069836,-0.1336067421899255,0.12126286882822516,1.0129285659827079,-0.47916406987631543,-0.2150905829551714,1.8670187611747113,0.13401327455638307,-0.14348933604689743,-0.07037832983605712,0.4022583478511893,-0.13495555929115058,-0.24966367512643609,0.3903134430447953,-0.4138341732732259,0.7810851795778628,0.17832953461869303,0.18871484220928106,0.04681702260531135,-0.798196443115942,0.006980101686465947,-0.528550497414126,-0.33059542148122206,-0.11898309712185592,0.6695286315329771,0.09634990498494114,0.36309761578197586,0.25825279597239614,-0.5021036886895979,-0.22607169489825557,0.42671511066345197,-0.046621559595574145,0.00945614590031296,0.38323776811875354,0.2445002930678769,-0.08433933699424513,-0.16539381365935168,0.0260706895165823,-0.6023103694704656,-0.26170210186459214,0.30327560878205145,-0.349606675665425,-0.0807494388199474,0.8519371008872275,-0.2072485342333047,-0.1576667333903209,0.44707595019648094,0.37106927661424677,0.1634212555436645,-0.7941314070804859,-0.2117201628095663,-0.16080314602280496,-0.26169439877818623
68.14086018842035,13.08648053489907,-3.5084767437742825,-0.22077635773060292,0.578522768874365,0.2763962912818737,0.3586849393479136,0.19276012755745559,-0.7439728250984305,0.6401526486116615,-0.2727071858374713,-0.2778610277086424,0.2223990862863737,-0.5942101359416162,0.4889266025018278,-0.2470128166083372,-0.1711649423197446,0.7394833774430868,0.3986727883706585,0.3407437672356376,-0.28876286729685313,-0.630409721977566,0.027382630636863442,-0.2713204884295395,0.08604637881880216,0.5292206459409715,0.3857975099168432,0.6884232303111797,-0.0046354006291969355,-0.5401617228739283,0.10543491067857748,-0.8629125544064441,-0.02674679404575047,0.05985595970428904,-0.5878531917385336,0.40429363345318864,0.4147236686271207,-0.3697532182124425,0.6901232019397935,-0.3350608288494141,0.06453657131213433,0.8948144407857995,0.12207204092343206,-0.5951840562326558,0.9064718764524183,-0.19988833766400105,-0.3678133977433294,0.051432439301055365,0.10484571765229293,-0.09005007453376175,-0.023683546445304706,0.13514204711209177,0.6596254368813943,-0.17880250495869335,-0.13272943867128892,-1.0094278644974146,-0.6709819967754808,0.014195123354995074,0.020747527871520923,-0.4830281627272685,-0.10478470191189236,0.6097981834077025,-0.08597201119458907,0.09544871729009932,0.16446839730302645,-0.15885970192604645,-0.1883752600200899,-0.34837772305019793,0.10007082511875279,0.12461257175980935,0.29859857845705323,0.28163105189122495,0.28031785080743515,0.2816120027319378,-0.5276594384265618,-0.07185715908114136,-0.11683697889151466,0.22771649166704178,0.20218737928503022,0.03765034818802274,-0.4842856610469672,0.5140010333931101,-0.5666770725525101,0.385553164772455,0.24487454543376846,-0.05265210122381967,-0.2031384170886413,0.40599890533893196,0.17226221202274103,-0.33899762286547136,0.3390478466152238
67.86847674006012,12.889649209005075,-3.5896763646354612,-0.3161230389157543,0.017116738906298543,-0.5907317321238845,-0.13785519567783802,0.0478488764889735,-0.5164920426470181,0.7231526413865416,0.2668727374979727,0.06664359533447042,0.13409746542190246,-0.8073820588130735,-0.21932668951518575,-0.2874506437717806,-0.3044938693608864,0.13338894987982353,0.37576525191961035,-0.20363275373398743,-0.6566420544052934,-0.5617923327888806,-0.37126425992237316,0.23614199313234735,0.31209503684525897,0.4623384341496689,0.2257252295303186,0.1757154338356706,-0.3417168351453607,-0.13656834405137674,-0.08630207024105313,-0.1794638172604869,-0.2585442072844537,0.18429238454092514,0.3699395090493361,0.024779486086767798,0.4541734897816509,-0.025606934605826782,-0.0862077356496846,-0.697307392060041,0.17420768412320517,0.610335120496645,-0.07003213198707336,-0.2810690204714083,2.7830692449383427,-0.2020948424471739,0.5032856147178736,-0.11462715351241434,0.0009411762678639004,-0.24444646787587848,-0.09715749117965845,0.022113028162857762,-0.16976941680099575,0.2201875801441225,0.20648381603487082,-0.20955356759264485,0.3773903653674766,0.4180001344924304,-0.2542943370753143,0.1829236959311714,-0.11307692952790441,-0.5825941394633247,-0.7190780003339298,-0.31450755508578815,1.021008404916791,0.21798124850026537,-0.1611745640933814,0.3608032385083812,0.033992259342310614,-0.28464214357053275,-0.2641392051903707,-0.03328672328059067,0.3183021255788589,0.3355619838160106,0.22231146724449208,-0.1330243012366901,0.13875132919071828,0.061072094187344855,0.2543026827694075,0.3138815352498144,0.32061644500141323,-0.16697787474086778,0.4398707361646094,0.05225134462491279,0.08061048882808214,-0.0009600325102424662,-0.8552289954909732,0.505434473445087,0.4839122819877125,0.3609257192154075,0.3481883318707678
68.31602815587827,13.318997531329416,-3.306481204283795,-0.47505880088339497,0.10644281445993253,-0.29453018091257227,0.5297431624053693,0.27229714790737436,-0.2235469298857606,0.21505925706461923,-0.06292991084455979,0.13560693082308156,0.3715907540331643,-0.04672533794158498,-0.07096818847207934,-0.03914912723382067,-0.16198766449016586,-0.14716459660071055,0.23752086221026916,-0.0825452702718264,-0.42888377712271014,0.02514856400901368,0.2016533812656852,-0.10716774521474787,-0.5746736413552144,0.3542914402199261,-0.11565833709186894,0.2045346889378612,-0.40668931769113154,-0.15372240798829895,0.1494204751774311,-0.28062452210371225,-0.013075576662650544,0.5209104971434946,-0.07454823754921887,0.39285703057565463,1.0760057280882138,-0.07545813094475688,0.27824521251348494,-0.05938848423863273,-0.25261817495246786,0.8003331315915109,-0.708635179880748,0.26782178030907255,2.226713715647926,-0.1806558011193035,-0.06632781699057233,-0.4941525418534264,0.4585514998067921,-0.7434858486426713,0.06778427687358786,-0.10146287863806311,-0.33452551247269946,0.03974084110363226,-0.22211202776280528,0.0673551928968566,0.33588558713590116,-0.5899185818050895,0.12902682252597922,-0.3702904214332371,-0.23241186790820467,0.2348511779004567,0.3021580511078677,-0.231944537717879,-0.09561150144786873,-0.004305345240707474,0.19346605380848855,0.46408685334342875,-0.5174786631537275,-0.20839285065016738,-0.2399414299484933,0.14952640171916115,-0.16482705776420972,0.4337704830845021,-0.009987825616708306,-0.03711966944504193,0.3364152817483734,0.20746775634711526,0.06166786516453181,0.09480111863762804,0.1586695310923018,0.13427892542765388,0.15284180790195512,-0.6697444726083632,-0.33362040263837883,-0.006646787919524373,0.14601861169388944,-0.5395550237942343,-0.2548925531847147,-0.3107877627420306,-0.12751202994026672
68.13310835979118,12.933685184734841,-4.09151180607176,-0.5625070775512114,0.5214805126135966,-0.4346697100851554,-0.03810123891761136,-0.17005073711874458,-1.444294018255184,0.3930719056411349,0.15895007574646544,0.18789642448458055,-0.20257757010479108,-0.9891398669216094,-0.013360781070267624,-0.0162076593985071,-0.502784763323995,0.9456407611651702,0.5045055016470292,-0.22333489435565934,-0.6952437834648681,-0.38825630777688364,-0.2521181187796552,-0.6942090341861847,-0.04057560560726827,0.7047384487630327,0.3460920573260347,0.9086027696201461,0.8856665045018988,-0.3022792556974028,0.5332152905387659,-0.08369822363827653,-0.0904858099026388,0.6532389790171047,0.254110400706382,0.48988594610429687,0.32625058464447604,-0.18427487003432083,0.398822020888613,-0.7765991673284831,-0.25060154222411934,0.38120665555608,-0.3992610085087067,-0.37833047017922244,2.6235256959295694,-0.10237976878128253,0.46341810464864647,-0.04902135598519993,0.17712085216841672,0.5193873777934762,-0.35242688468248173,0.10404853752621522,-0.16314922209997262,-0.20390983063819734,0.3277070259703603,0.10828877597605652,-0.49739874815486373,0.20751533062105354,-0.27204309621487455,-0.6402631905757435,0.04165136579486892,0.1939675307642065,0.1378060081338734,-0.30693228953156176,-0.36691029721613494,0.3820497886111498,-0.40906112073092216,-0.4378480180401408,-0.1418353758567585,-0.27744247769455643,-0.29675744676963123,0.5593990661654157,0.13864712549390232,0.3361570647510147,0.3575096845832971,-0.20922076562218264,0.47504373366128194,-0.6288607712229919,0.15750540569399155,0.6788458059767714,-0.17847041544856482,0.14663516438063603,0.24391985095023008,0.1043246498688211,-0.16362997662650364,0.5580501977861612,-0.30317634449268327,0.11656810439501783,0.5459620273022152,0.19457823392059,-0.024147675683797807
68.15638788455398,12.21966614826566,-4.247001659428777,-0.783589789588838,0.41279338671319005,0.02690435138343087,-0.16885176726915968,-0.06886027191974489,-0.7126874911608082,0.3879756522103562,-0.6456934184150889,0.12003230193763634,-0.06123185814381093,-0.2999956767916309,-0.19552304713895258,-0.4542074470059072,0.01373738826054906,0.45334485205683184,0.24815919240800896,0.48908816767218205,-0.4767096517961922,-0.019121532428885046,-0.5018006062683243,-0.3579516953419409,-0.030891517660389018,0.681000392404568,0.583278354948591,0.5388762171375955,-0.06141802463144669,0.14273479755977378,0.3186098998762706,-0.5758662861579681,0.2685012715500559,0.23507617105804635,-0.16959296401910284,0.8930803490305178,0.45878371125906725,-0.07525970958926498,0.7766250548160699,-0.5300709226229264,0.3910013986445303,0.35335809967537807,-0.3186369006223273,-0.9064043190356331,1.5034197565010499,-0.13974546455502634,0.44868950393277685,0.14355170888775315,0.15310902165950407,-0.12880016120143647,-0.04845966767360503,-0.10003787427473013,0.2787847580738213,0.4443627113719721,-0.5971999625645457,-0.35058628987080176,0.22906014369141992,-0.18254965058508962,0.03380519671784294,-0.2542041393923599,0.13538527019007418,0.5206857338204803,-0.9324635717162365,-0.045234504130578355,0.20322307003283346,-0.10887293595093193,0.1881780269642034,-0.7397644242507587,0.042699915675725904,-0.5931122429143538,0.4311768068309399,0.46904013588205873,-0.4463182620078934,-0.36610491983054805,-0.49388055315544743,-0.16479796992899537,-0.16758220204989205,-0.07608241272365893,0.5571172811439989,-0.20924447054141598,-0.5084482528514964,-0.1570516299746223,0.4333630128071133,-0.2840992079324742,-0.1981750725654132,-0.15606087936841284,0.28254114326460916,-1.1234007433635649,0.03883411226325694,0.16134005347673824,-0.21661664491447324
68.00525113142218,13.533197207753533,-3.689557803459624,-0.4731913845107798,0.5789162517234919,-0.05442350459431373,0.5423499220021021,0.4064014984396753,-0.10004580371078799,0.02982544397923707,-0.003656880791487145,0.42413021740424434,0.24652567754002372,-0.6057539963297531,-0.15087443313165186,-0.9800294846209896,-0.24856200908403298,0.08348337217087744,0.4198545327994864,-0.11788757477527034,0.26435881955992774,-0.21096730304430975,-0.11169363442385898,0.13705728590040492,-0.03934709890911994,-0.0960770582389284,-0.25651277231576486,0.19702808462898747,-0.4619539685363248,-0.321949334044369,0.3338174097480457,-0.8185255228000994,0.1762632644578346,0.12546470215721112,-0.12460349892614409,-0.002705926987825643,0.8140188892195871,-0.13083061412071487,0.17884393936480966,-0.17998015683379837,0.5068652978035312,0.7384492196727414,-0.3443603966803486,-0.6393379043110297,1.9050981363091364,-0.15806130778883143,-0.1073016464527246,-0.20668526639563664,0.31686491311908016,-0.1561464110816105,-0.4629973288066233,0.1296385381233892,-0.21409011299350414,0.008412071562874733,0.0047483693426536005,0.1347306760637675,-0.40600744498686214,-0.21832098032659092,-0.6410351208773942,0.3942000594068778,-0.04462989554833905,0.07411224104239954,0.2930413087478943,0.15641797308408423,-0.3012494234625213,-0.1901495108502265,1.0141581958303685,-0.5991245315090391,-0.12066295171081394,-0.1883253250401489,0.352325519882422,-0.18364604429915915,-0.3399942324553046,-0.06296262476814024,-0.14973184308154786,-0.10903469776506704,0.22634424354485205,0.6057463325400078,-0.04723782746081871,-0.6302721723609906,-0.15023998712494402,-0.2568561709775204,0.18440929035925002,-0.9248682667276829,-0.4282723307770228,-0.2913196789024294,-0.32999186469473735,-0.1810837399968429,-0.3532146395038411,0.026480070297398187,-0.11664178918226517
67.89027272674036,12.760705469654832,-4.094493558869258,-0.9449990054095491,0.01012868764695508,-0.29284019830190294,0.23478602221167172,-0.17444856900598169,-0.8431397882520345,0.49785897307835075,0.0916017070902093,0.689216298393121,0.2532164753702076,-0.25518057698381136,0.32271920921812547,-0.2603019753810894,-0.061904951001381436,0.18637182890582435,0.6310707792708263,-0.38591510251855715,-0.5752170468681448,-0.451337518961918,-0.07285955245241768,-0.17054214249523336,0.31679757971941575,0.6707206360403357,0.05167051710755339,0.7260800187936646,0.39385829898857194,0.022142306526522514,0.46706565973148134,-0.345409475773982,0.10365066450580067,0.6005067336679838,-0.6445703301387402,0.6970613173885218,0.3827779206283064,-0.5863469356180309,-0.07195231592609831,-0.49575971767738536,-0.02529053001661605,0.9300401508470674,-0.84665379213499,-0.6242060400806311,2.5340022772985495,-1.187797476154636,-0.6071017980213289,0.1376300696614161,0.2862122116145737,-0.1846066474060302,0.44996708670563257,0.01668374286807258,-0.36399750958428007,0.13370202767270234,-0.49774276555289637,-0.16812751655615804,-0.33640800301052853,0.05682596393702567,-0.195081911081249,0.5294776674755433,-0.34467648432789966,0.40143863351078946,0.08480819689626773,-0.37977783123181225,-0.0787908578902478,-0.13358682833860658,0.922122253161391,0.19249583967507525,-0.31719845556954945,-0.30899033366379747,0.01728647134727453,0.37965359856243774,-0.3567287408311066,0.8198248535421491,0.002996845581109163,0.11163457850243533,0.687174879056763,0.5461948716597799,-0.2753515341718631,-0.30137315055208796,0.3633388276993519,-0.46635009178054504,-0.11297027128423479,-0.446838848410849,-0.0296022312496381,-0.1270370684478036,0.4217003717679567,-0.11771794679848074,-0.11267953015606702,-0.1024898628016406,-0.17714503430711073
68.09666403891974,12.468519763665757,-4.6117069132544675,-0.3690732012906599,0.5444780104301823,0.1899241527498739,-0.03328561871445564,-0.26174683139408234,-0.15090562719842604,0.15289324895257383,0.13838585099880238,-0.13359349995168343,-0.16802093425926842,-0.18064747693056385,0.43140610715166605,-0.5657894009871658,-0.1036743147052477,0.3562504626208636,0.03760848187787529,0.006292587107217346,-0.01911264666260963,0.06047620226942626,-0.19324941005700716,-0.15697734980934286,-0.026604520845915226,0.7126418099395083,-0.3416541503283935,0.5720166547675758,-0.2320961122383428,-0.3414073862210106,0.14348699555841307,-0.610931371796063,0.16380392968412194,0.7855808624807109,-0.09956951170415072,0.3389109867351625,0.053631236006829335,-0.509339879725639,0.30003523702138696,0.026537877550916928,0.27661107822338726,0.4245138852585905,-0.0632973851740146,0.0858417044953988,1.3611818865671614,1.1159886849494967,-0.43823976914031426,0.14237096448859765,0.4099893035217011,0.3378047358535139,-0.19389166847712574,-0.2221545621055252,-0.09087540643198985,0.21923098924370568,-0.6799683099682596,0.32706954078134554,1.1332356880829513,-0.013116251166707648,-0.21169518402497528,0.5379184352913778,-0.2755017910311898,0.010251929390720442,0.14341590122454656,0.2893926739829808,0.3741758784969984,0.7595754927680834,-5.809190630045658e-05,0.3724371442991572,0.5671756870248884,0.4942106392679035,0.551861980507807,-0.16860669796940544,-0.6179339212537398,-0.021191609459846543,0.030309027413601895,-0.5628775528137127,-0.1931845108766455,0.16885304036420984,0.29852042196712086,-0.38635518884712133,-0.1030426979782535,0.2925473772198392,0.05487142194152738,-0.47743390690218795,0.5063202795388801,0.3382442815669136,0.053634627048721344,0.322505736126113,-0.6704324873526559,0.1502541707448171,-0.12219931111842196
68.10977859269424,12.76812873958575,-4.5155943671140895,-0.20654375980763331,0.2240243383656391,-0.5340277301954907,0.14182607008375003,0.11312561863499701,-0.5904384613703186,0.9890080977360323,0.455579874802538,0.09792838332322427,0.04630666395848818,-0.4665197881902893,0.014448232874965994,-0.6463391778563335,0.20912166371680269,0.7324983243032068,0.18917898857352378,0.06717011101002901,-0.6747415814636102,-0.24012419110040473,-0.16926960774633368,-0.739683324534414,-0.03097546775462883,0.6848352920492115,0.47278737773634305,0.7096933229466154,0.32470881063795604,-0.14124826122696502,0.3601360648599742,-0.45485105410059073,0.3440048213560976,0.5212136451285221,0.2510597249616697,0.3553082488476633,0.09098090899784601,-0.054077391666673046,0.6114337996007505,-0.5103697651431843,0.08739477552827757,0.34955213383541645,-0.01930917071059582,-0.5473014066134144,2.1904771333674375,0.49968872648074003,0.2267916281255949,0.15318184326896644,-0.6376690065822173,0.29492989654439106,-0.0065037545360837855,0.09058227554025768,-0.311156136367817,0.6253901682253168,-0.38478796586200537,-0.23369619253855822,0.7527591320376877,0.4124174860790211,-0.47068597546771723,-0.08141807233485562,-0.4954914082153374,0.3076912463039453,-0.12480876520352338,0.12461926746257088,-0.268606434415186,-0.4220905716966796,-1.0681643723338996,-0.15664570839109185,0.3947004563808113,0.4146880999917725,-0.5018659236778069,-0.14432538740422257,-0.3120946930650238,0.024152646632876255,-0.43160641703889285,-0.5781485933827724,0.4730079594371666,0.3943915192465322,-0.03139363302060948,0.27866335540538323,-0.16565633616517902,0.5212003352058223,0.465488931654428,-0.3039346518483434,-0.23086881751171776,-0.8649551503446368,0.5784114215879204,-0.5356943199982865,0.41011764796001576,-0.21871625628335173,-0.092419545130781
68.14086670208827,12.821331780648178,-4.154203970692738,-0.7358060602981296,0.3668993255336498,-0.2895832656337302,0.2968361496546609,0.7747955799780198,-0.35611771706920414,0.7212725513418494,-0.2147147198483533,-0.5262622411743101,-0.21740692009151988,-0.6247665621330616,-0.6185854445502165,-0.30677729528721454,0.40190576439010073,-0.12988804175629068,-0.0170907903174914,0.23505915460081034,-0.9781319088346417,0.20852580787145691,-0.141656097831217,-0.23421067281824562,-0.11345147062018185,0.4825352325581322,-0.004804266429328578,0.8475366268186517,0.6675274633198093,-0.42305782321166885,0.5105716867737419,-0.5991956638924251,0.057955729422722806,0.30360824991730956,-0.6788819896884585,0.48447090717514485,0.9063335713860733,-0.242122007703456,0.17612786303153632,-0.6294514103125525,0.31467772667602617,0.4197237164605317,-0.02349873957255322,-0.8147082934691083,2.0664136684176917,0.0779409088479945,-0.5498176259906925,-0.16598218184690763,-0.3100920177514818,0.04379733914726934,0.3242277017866879,-0.14326464835108146,-0.1638766446737682,0.281165093273161,0.30599302780538123,0.09674886163920608,0.24525104590561886,-0.3578832780768695,-0.4906331523747554,-0.5748510720072153,-0.4962203608414689,0.6382188665645192,0.4470652238201125,-0.45127141447465974,-0.6650476664331223,-0.22609217748672933,0.24926770666106232,-0.04363861517221147,-0.04229048775259575,0.2158816245320167,0.559120194584434,0.05431373611197864,0.2236641992454272,-0.5091412882776405,0.2588706537985093,0.6006364208581639,0.1915525155644931,0.09842686748231344,0.5521259639600448,0.036821180631289245,0.04519746922544222,0.25893066939403164,-0.0869912796209506,-0.032555976056538906,-0.009748860687740928,0.3416276883740899,-0.11372548689277899,-0.4267402869394183,0.25670221178323016,-0.12348519913232486,0.04266335229568496
68.02369135091925,13.525682896467462,-3.6856085105585366,0.21337859568195233,1.084171424573468,-0.05590351833740814,0.6590320954133201,0.12973174351305447,-0.7801480850392262,0.5477227522859186,-0.06348939338501006,0.08463642971167314,0.0010765734249453204,-0.5545047787696553,0.003590239725887568,-0.963167285941348,-0.2137700697131417,0.7919818130694654,0.38037225720684353,-0.08948731048649476,-0.1537152022541237,-0.29579930855212927,-0.14903542577137863,-0.3324479595949017,0.228959345152057,0.04909156934152163,0.11742677354863892,0.43602292932730363,-0.005448132251951614,-0.469292313227951,0.8251756770263975,-0.4801251455593739,0.37814049545898887,0.7198745384543418,-0.18590717432334508,0.3582069612025597,1.3304885784167177,-0.650954181927532,0.13348384985426825,-0.6967895404534395,0.2671370681504789,0.8520388005509227,-0.18143366857222923,-0.9947349123005432,2.366100803920484,0.49391311866335796,-0.4504755605953681,0.3306633721318673,0.22924963601991202,-0.398178472086846,-0.11011355010517669,-0.4646117631190839,0.4393793727425396,0.21112099677061943,0.11393152839735596,0.6709941564608343,0.25927315932672507,0.4002439248999426,-0.10884099905147479,0.6190431873245353,-0.3055488854499637,0.22033014470501214,0.636863317610061,-0.0005487797223084088,-0.1935974257743872,-0.40512165440081793,0.30361432018264667,0.4199241429926738,-0.011610849869202,-0.41093645923021094,0.027231076997442635,-0.15126906435811827,-0.5380809682763549,0.7462130283485469,-0.19396284070529882,-0.18406169602683797,-0.15903224377149502,0.41581754851695907,-0.1634173283875645,-0.46331436962266537,0.039559967283573756,-0.3312888276100717,0.5464240061047827,-0.26981566362430054,-0.20915607379267745,0.5644181815234687,0.23826818646631387,-0.6274605588120709,-0.23817006396275875,-0.1694350632712537,0.095439945900392
68.18293210934256,13.232202148872394,-3.2559422556718514,-0.9216375387528034,0.8029846031417263,-0.164057965275115,-0.24277457267422334,-0.019682261090316632,-0.7310598798458111,0.9433428796287469,-0.5850475608891469,0.1723082997301389,0.6890116239724872,-0.2939511121291346,0.27817514971054524,-0.1516499884939054,-0.430396370138874,0.247329953549179,0.26576914365001963,-0.3497285900704532,0.15378265230694052,-0.2570026304373484,-0.12840553054050852,-0.39725204114688856,0.08292875783429421,0.48220443608197844,0.4335904627424973,0.6788489733164358,0.31353151559767284,0.3408480441325032,0.2792941113179884,0.44351128022592423,0.13183253026932448,-0.03966927829188116,-0.3695878858391899,0.6583937566061835,0.8151380783248399,-0.05636192538781784,-0.03268959487429891,-0.6960391155130513,0.12629215488890388,0.2887875817255713,-0.07619504819748801,0.10235272216683103,2.394022220111901,-0.4324536536667804,-0.03118424699257283,0.3325862943918705,-0.1045275577276707,-0.030605328311591188,0.24870109234679239,-0.04691743196460959,0.0016406330357713642,-0.3881822468077401,-0.12578736746823915,0.5608592335037558,-0.40998889210954237,-0.529617061785329,-0.11453031766993757,-0.054930243985107284,-0.3950152961480231,-0.46396950071352483,0.6005203267694708,0.032718144474051594,-0.06716905479464935,-0.4486729715311797,-0.08097334015788263,0.8929213673073563,0.29105448635427456,0.11042993054796157,0.03639638993624448,0.10733469769651313,-0.5665963528095941,-0.1647761557570632,-0.10024383163314693,-0.32739915299743927,-0.034620385098461236,0.16932645325844167,-0.355794908825154,0.08230150222008968,-0.02904409542783087,0.14823439498768895,-0.08277580109732147,0.3642187325035809,-0.6843679626419273,0.41532629983240454,0.5588068578958738,-0.2618607633344979,-0.004116805439296673,-0.0328748464863504,-0.12288396580880173
67.95396719263212,12.27075358948181,-3.193454704163656,-1.0712802845921365,0.6293122603371962,-0.26254926540821755,-0.11953252763535598,0.010488851223987437,-0.5809245926555179,0.3073993706977181,0.12702055553132344,0.2227459526021607,0.2761005048710942,-0.5742248272474313,0.13987003840516385,-0.2873468560427308,-0.05040557112201403,0.05101614831370308,0.7412813521571222,0.2647552074835322,-0.6469778992066341,-0.19832581308148253,-0.1143082633326292,0.35072201713281265,-0.22423919286633714,0.26915399222127023,0.6744091121230278,0.9498514469943294,0.4927509107562275,-0.42376326210906046,0.7466802341878718,-0.4774151236705316,0.12358242678051952,-0.006788600685109675,-0.5109009413819969,0.20183219086534912,0.8858885089498485,-0.11497233053760196,0.6105327686711289,-0.6813134853536933,0.6364684669588551,0.21533018861620323,0.2363266689838185,-0.23843003231125642,2.5848401135129047,0.010788296049546139,0.7368525396722884,0.28588620857821256,-0.1889213166209678,-0.35404548130088836,0.2896726743086784,-0.2438949517270022,-0.2527811116457934,-0.3671155038556701,0.44857532100418607,0.3716146693881059,-0.1144113973528482,0.41166338598483454,0.3531669939537129,0.14423817797509927,-0.3055406076721238,0.14108030508332514,0.5299009027760783,-0.228227219147255,-0.23886523855391528,-0.05835342579385848,-0.1481177293075022,-0.0036994137068356737,0.4369774431869054,-0.30301901048210095,-0.508157829964217,0.11719457215801708,-0.16948703489250286,0.15497145118487832,-0.3477635894342192,0.3618937390946145,0.39682800451003286,-0.12330575667003617,-1.1498044754790315,-0.43942082012953526,-0.23654102323802856,0.20109480828243176,-0.0613315472619219,-0.3891852129283892,-0.16408445430149177,-0.5275743580319557,0.12192244345503475,-0.5100279640388397,0.22634107953543448,-0.15036364192451943,-0.9755654202246775
67.90899778746363,13.569650649586668,-4.256950996171707,0.24793299799026938,0.26182300958087373,-0.352976520214607,0.9754480597464573,0.5652240479623701,-1.168864757795934,0.7256107603134784,0.0336001114552205,0.02605140749389272,-0.02122204041385652,-0.9047756767631481,-0.23362222910034394,-0.5538020963204339,-0.3494662700148231,0.6838748487141006,0.6771757618035678,-0.3375684335505421,-0.4235976393178133,-0.790349454039872,-0.04130592626991601,-0.40994648553250695,-0.022630706204808154,0.8552517104522562,0.3552054352871082,0.5354406562965744,-0.0751593958924728,-0.2762812547051196,0.21410430407398012,-0.3647367030941899,0.42803056428486025,-0.17863508688525517,-0.10243211001604974,0.19742019434009206,-0.005892764928160862,-0.38850028228454087,0.4340617876108475,-0.1492024799775006,0.5651031455611829,0.5955934344087064,-0.20895027018868212,-0.6235495723936397,1.2772733714319664,0.3270864493473841,-0.34218990072214445,-0.9289511441831784,-0.5501474344455011,-0.21694673192411748,0.47909607480390964,0.4523910769830202,0.4380841388288053,0.04853561847286544,0.7945157634161898,-0.3996141829687929,-0.3079222084429886,0.10182822383984157,-0.11411932398866027,-0.35743030895065103,-0.19641497224862944,-0.36092951413235436,0.06528277716992323,0.22962313579280144,0.1209193305902573,0.5840043771737502,-0.1628161975872188,0.025813655707013973,0.36353907025343324,0.6326222562814461,0.39113034819514725,0.0359331725418774,-0.23548165947435892,0.19792389726794302,0.09406348972648129,-0.5060254010642348,0.26649230562201665,0.26252195548302965,0.4092687692704031,-0.7834625462750995,0.16888971053850033,-0.047965849334735765,-0.11875439214668593,0.2219339836917789,0.22005948367456232,0.03623169837134899,-0.5407954247604293,0.03821024174407332,-0.48066581555087,-0.3262455228842391,0.46974371548630295
67.89574652957486,12.91409443403522,-4.5946838216500785,-0.23690677390527617,0.17102662374137245,-0.43663766883320654,0.44940777389105835,0.11776487675109255,-0.4456417995091917,0.4923548632206581,0.03608696860330048,-0.18718655808346546,0.1674182486363367,-0.3424171071971626,-0.5767621607723858,-0.7356174035351248,-0.07616077860066114,0.0573651244234451,-0.015262277301666927,-0.027488787847274595,-0.414384170680109,0.022034668444501818,-0.06429598770370559,0.09646875481520682,0.05387835057401823,0.5964185907191675,0.6178668173821669,0.10935801861028176,-0.1768055755471395,-0.8758862958266593,0.1605785645741546,-1.238788382782552,-0.032340549092930784,0.3669333162921332,-0.48040698670261417,-0.4421943174138297,1.1784498575017741,-0.2799121955761985,0.16987202308362523,-0.333249315151694,-0.39935199948895517,1.3637673534245973,-0.7488856012466433,-0.42402297814955936,2.7912756626913704,0.7503962238355021,-0.4772447739380655,0.07075998367840951,-0.41878277481671117,-0.05448004050829789,0.46711861192854587,0.9104841735183543,-0.49850857462410797,0.027357053876735826,0.35721134448686076,0.4685327846460815,0.8098695557950238,-0.5853094596811973,-0.2831853623704399,0.353160701285655,-0.10358794053355068,-0.06592411658659908,-0.34232754947468697,-0.39570506863658605,0.18525286423830944,0.3201690367847082,0.30119429734320924,-0.0010544433893928202,0.20986432085097292,0.21072108509247092,0.32093018223738823,-0.14899721674823727,0.395353438588163,0.37735930235310955,-0.15541057796328922,0.1112334481220652,-0.21996103976790504,-0.23475506818308786,-0.11264661214022625,0.2621640114975793,-0.006501771712120681,0.13363561310012312,0.11783786331235158,0.058754190674638995,0.08851825316685108,0.11897441623827888,0.1433104097413753,0.17335117007646134,-0.5725498328658578,-0.1980512483614613,0.5828559562099405
68.02613095110179,12.960208122589387,-5.3144711178805,-0.6190416309593031,0.300667883484406,-0.11365969768265302,-0.030157045076344334,0.6042202709743875,-0.30691491270475457,0.8822716416565206,0.5580353973896403,-0.20941836806548342,0.07275629972618271,-0.10273302745859426,0.15743690614704914,-0.01275965839803854,-0.1414215110496623,0.9504319579896084,0.11561793343182841,0.11294372888467219,-0.3043309129086228,0.21174422041419455,0.15914091728777432,-0.0012654411838182594,0.3939904872873917,0.8288686119187186,-0.2910244572552157,0.9282092998678787,0.256886427793981,-0.4178428637801317,0.49737157720217573,-0.5615544586593987,0.19149493667838402,0.40899798227835865,0.039019357697375065,0.7465099066957657,-0.06018732363010923,-0.08464054292969005,0.34414117939961686,-0.38678903340310067,0.5148317545956531,0.47075267989145636,0.0900452531953797,-0.04759709301632372,1.7867174325260031,0.7577674015822634,-0.20594372860356275,-0.17009001180908137,-0.31925382376675243,0.15073571403569686,0.22888297933269466,0.7436493918977997,0.4631659186798812,-0.4615558337876621,0.4254821389393381,0.2605273517278491,0.14093770651181728,-0.08506939819103713,-0.11662982133685616,-0.5764490675868609,-0.712236000974323,0.19158151344566293,-0.4892317369458573,-0.32640757440321877,-1.096424542738126,0.41447851838498223,0.16030977130896762,0.36578730839215856,-0.084757747276255,-0.019523564616440347,0.16519822495181127,0.17572160052000463,0.10142877960949112,0.16175851975978345,-0.2452091259709445,-0.1241973204580018,-0.0032424889376117022,-0.22251953216919182,-0.11842987566687375,0.4054326255466439,-0.020847457157904176,0.6640390192991971,0.35720193931087996,-0.005579888588470536,0.0019431582313462251,-0.3247071118351942,-0.1680649178227383,0.4992216903527544,-0.11194126906818305,-0.21328482707934962,-0.061485303120947465
68.16223444031442,12.346886070167628,-4.237587252529884,0.08809479729308464,0.23875142158384416,0.17204213994969786,0.3766674995472875,-0.057844058734962275,-0.465012663020997,0.47404894764011946,0.10871755481876962,0.07275077746919989,0.11719576875941548,-0.5379236393291665,0.3407992971137563,-0.13123450999312855,0.19636025874651328,0.5025804559194212,0.14524099471581636,0.16153400832061293,-0.15391219120654576,-0.5570524521761706,-0.22278300089409314,0.05250376185064235,0.12319526747426673,0.35481623234664095,0.6786137155095319,1.0355107518576712,0.3679157522299171,-0.28498745176754675,0.27017686211523,-0.13939145481440374,0.42439441090126545,-0.2461921620694107,-0.22282181569359508,0.1696053578130263,0.8627680575804362,-0.2230731116217936,0.03542666888002001,-0.2098424129126079,0.13010271888263894,0.9127970206333019,-0.6057180518669393,-0.4169445304193845,1.9973330815709363,0.09421988732484528,0.0131289572916863,0.2625083816936355,0.5785689810043837,0.04472757369530225,0.4459052147146489,0.2886522105046442,0.3776857686964159,-0.037490552829442886,-0.2983607194510298,-0.40805384068322254,0.012891495567505191,-0.2888554143900338,0.11957816794699408,-0.06186042085223313,0.30912085026856284,-0.19801639302088223,-0.5916965904699767,-0.03366405301415817,0.5687425570811628,-0.5165696245686617,0.23385430944916374,-0.29186646103632663,-0.002116447356690518,-0.04832787198929341,0.3793675720343789,-0.5183118457231457,0.2245182297219441,0.13307120993965124,0.1274205271534501,-0.6797581837098003,-0.48408940259439076,0.040549667714994915,-0.3962943878205755,-0.23435636439021895,0.044810103720749776,-0.07869761078102762,0.05146711914185842,-0.04028978092348611,-0.6063476830174149,-0.6316399312852288,0.425080864700512,-0.175868965682258,-0.31648568153695444,0.015030033652321704,0.11702620656827366
67.8404111331531,12.681881494479088,-4.698393230325424,-0.18553708770128327,0.4834287614332916,-0.5592512642800398,0.5831413290523421,-0.15548120114117378,-0.3949643057790152,1.164432533678127,-0.25361378765905246,0.1497643730471187,0.13120456059176383,-0.3351765424604826,0.30710900410550285,-0.6067269167472523,-0.5038156160722921,-0.3154995443555603,0.3744008920479016,0.22586163593098293,-0.4489017546232501,0.00144772667482971,-0.20333735435569356,0.043641277368944416,0.30373256579552255,0.3409037060866313,0.2637649381620524,0.8303293930157076,0.2636851172392604,-0.450018612792331,0.2599083834689706,-0.44829523128758036,0.4741933315549934,0.09062161713459402,0.8288586550148924,0.2243616475586514,0.2876691375213216,-0.08558596109229381,0.1932234070906311,-0.5041386009259021,0.11464903124624751,0.4375775194222386,-0.08972895562196494,-0.23979441711609936,2.25207701085839,-0.23180804429992463,0.3290188400837056,0.07068406127641967,-0.10943369790889172,-0.08856308201017835,-0.05008700926791265,-0.13046098519218882,-0.29879155934213786,0.06364681091636053,0.3633605570148361,-0.09493133857365423,-0.12569462097458148,0.13653407089980818,-0.1653638642411374,-0.12184419002918306,-0.21128238478180592,0.11798844365998298,-0.05864447830508928,0.6298779798800466,0.18343885039668736,0.262458229793962,-0.05889338631276275,0.4946028140619696,-0.6817435415745265,0.3660959397357586,-0.2141585939237961,-0.48277042939567055,0.4523241813128961,0.18918288491992924,0.21230382205203688,-0.7533636257905464,0.47591256711687263,-0.3288413531562006,0.0604522003142154,0.44767617029419843,0.246625712742417,-0.14800117558536022,0.1263924618045684,0.3352488524010845,-0.3449133921207239,0.013209042926095569,-0.22768750136144264,-0.0467424428523424,0.01740590173859453,0.3353665284344127,0.06992123787194987
67.82935478348611,12.81362135752137,-4.177875406711129,-0.4588677900546209,0.3413189590847352,-0.11760659133958336,0.020374000410153924,-0.19502559167565695,-1.2653957194491108,0.513120409922333,-0.13770740269971193,-0.5218548969118153,0.4437429409584214,-0.1726971114438525,0.25091951744246627,0.17078099009594294,-0.27739836511565624,0.7107338674701937,0.7187549717886342,0.07494639284843917,-0.087633376658348,-0.2843227723386773,-0.43898593286616616,0.03774025010794374,0.4797220381047645,0.06205309103071483,-0.020516834760549555,1.0716376219026194,0.31613046565543956,-0.5389991779771652,0.930300130794257,-0.33291181031908973,0.3949724142426659,1.3296744598290862,-0.2548038114768146,0.6339152011016866,0.6700541492859863,-0.09968763767975887,0.08755767134931962,-0.23545543705910177,-0.12968074479270614,0.3633271111198001,0.18439516444394766,-1.2604735025006144,2.1639211257297393,0.3657663883417716,0.19893490577037679,-0.10103340190542284,-0.10705979452871463,-0.3112631637506136,-0.40869316298044095,0.0767666771153535,-0.11696455761452611,0.28944057628844827,-0.5286903013024831,0.9422557235587905,0.05201396980682416,-0.2929687093119151,0.36301322943025116,0.6979161733849889,-0.26999221936961326,0.3439360093122467,-0.7244508506900149,-0.9691577747562284,0.022301658128495525,-0.051848136213984784,-0.17180553968915974,-0.7414141357672469,-0.07613281404858786,0.1283532252906657,-0.08570333724398885,-0.12201405113344443,0.3650219724262154,0.5339818187369013,-0.7963712058440587,0.1318329406998812,0.1564062533700054,-0.02219397770403512,0.17785517805590673,0.29495967810648177,0.5020783473012311,0.6500614736858993,-0.3426930826590018,-0.3116045259948042,0.06884962712901843,-0.6207072255716465,-0.01640376216758679,-0.8492995859715509,-0.10334253947337925,0.0369763519128202,-0.23494659782230967
67.95902290893808,12.19830783282204,-3.8461841063990545,-0.35914955669718646,-0.13685681754415663,0.11257149226108769,0.43504976507362997,-0.11462698024866037,-0.03499837562761154,0.5280645634718758,-0.02157535791677924,-0.04585489078764462,0.13991504086320797,-0.4071165733896684,0.007311357554726503,-0.5295905899227025,-0.5325959853614061,0.4781297744133342,0.045071004766997394,0.26003913847564925,-0.9356880353539025,-0.5051855389913017,-0.6040760912003184,-0.08142412356631175,-0.22145782113234508,0.32966707925322203,0.1084689387687237,1.168050890256237,0.38363424816568803,-0.11659294302570353,0.3284987057709086,-0.27548572805781335,0.13745998122334802,0.7208100180489347,0.13237663236956365,0.6714869184603189,0.735965388115953,-0.16969302690086885,0.5775472246296508,-0.45346022605997827,0.27831428377181244,1.3867578352557066,-0.21709973081174783,-0.5599913808371034,2.8600848743394613,0.04458214197647185,0.5300246459131873,0.10115485060465923,0.9448063910589489,0.3880683548665401,0.2511734142958076,-0.34879455073620935,-0.09074587688846314,-0.370558960355651,0.3332991275473652,-0.39122532597739357,-0.22751308758713415,-0.018263319515299026,-0.633344077215072,0.672721455156439,0.047371426334372545,-0.6039704940420867,-0.31890718529980927,-0.4191082939530131,0.2121830805704768,-0.18355230672583134,0.22539103502940075,0.5452024565302513,0.341682742993887,0.25263861665985277,-0.07156788937408909,0.06193709074042066,0.40395007253926063,0.04333736198094957,0.09884720597791827,0.8050289677065066,0.010308669516620237,-0.07214044700363559,-0.42316897200530706,-0.1547750327872775,0.36397208153414395,0.0712718270331897,-0.1021762558508381,0.22838249244874925,-0.27591143484462305,-0.3778637342124653,0.05587729019260062,1.197978271813983,-0.2930336848110348,0.4883117757733038,0.537377977604171
68.09546379642661,13.067936734835731,-3.362948672015799,-0.6819983584182658,-0.4103293777387742,-0.3882314829270127,0.426080535617779,0.017161438368351812,-0.07176050124404569,0.6545391968358168,-0.007894837346981484,0.4685375800204682,0.3817465127522716,-0.3013361195130159,0.23035310632612552,-0.14920138223361512,-0.2728469829843419,0.623983865214171,0.5841426280773437,0.3781714042665065,-0.13395284330264914,-0.8662584029896198,-0.37416354521903694,-0.2724471117328756,-0.30210249641327347,0.5945907832814695,-0.1570055466691475,0.5380167174363918,0.04246878976185631,-0.3618697719786745,0.35524148191419685,-0.4030065701830323,0.4692023435094967,0.4013416993975219,0.0579809638286952,0.9358324112796426,0.5564273128703027,-0.681932202698875,0.07872311956680823,-1.0445278851786544,-0.01247940801119085,0.20069362046205183,0.035463576810538404,-0.07513356143461544,3.2629635452966452,-0.5507964794674771,-0.0832541714498992,0.8219818137686288,0.4178267404390126,0.10425873280272252,-0.04530699888549919,-0.6936006197187489,-0.1623304126067082,-0.03326320455884794,-0.36559204726101496,-0.2713330224132302,0.2214985456224919,-0.21623334825443324,0.20625942361156585,-0.06076975113337502,-0.5704852892462284,-0.5093253854015436,0.22702234809241897,0.5405913951267689,0.23236444455355837,-0.11997500075168528,-0.06004166178590974,0.5346976175391873,0.44938073104337733,0.3737199804799437,0.3030588032911769,-0.2964862954902066,0.2871536348034496,-0.2608197578868577,0.08153164534396541,0.2634366196847151,-0.0228051570735699,0.06266526254689757,0.012089111859271652,-0.1611864594777759,-0.08106571527818622,-0.4840517548291093,-0.296032473188133,0.054642024689073886,-0.21121761363404143,-0.2828185633048373,-0.38556667529419186,0.15782646638267195,-0.058123984827546396,-0.05983565520450644,-0.060812948158821385
68.22728775610672,12.38784927781196,-4.411827197418451,-0.38271692592735845,0.21302480578932403,-0.3698990642815655,0.6295132146340865,-0.0010086251964277154,-0.3018270901657492,0.33908301193058066,-0.2183400859269709,0.08261387143804133,-0.18827440636463902,-0.37195725248029615,0.1022848358439198,-0.45119537409748883,-0.745009199543032,0.10432284566884913,0.542346270959273,0.43867243020426616,-0.44420607783256544,-0.7004841399797791,-0.4561492469403092,-0.15272841526242337,-0.18557842749903486,0.5854353109149113,0.27566793447856797,0.9622008230705258,0.03489319237039962,-0.3582719148014661,0.01350716040186744,-0.28823012239386314,0.15005636800906821,0.39501429395491205,-0.29439294084469203,0.38922741528783383,0.5602881263887002,0.2649689653843607,0.7214488679425172,-0.38614847216514075,-0.18348774136560583,0.7190075836282475,-0.48040590966212604,-0.5156705542169837,1.9491321045165864,-0.395235305846248,1.0440255998242678,-0.15316388807397513,0.2329522108142298,-0.053240375478631405,0.29034375951640845,0.30499736160316093,0.42110777722989884,0.6641661585541807,0.5254577127832376,0.05282426780762173,-0.47249969349584725,0.17956134525672302,-0.36172403132897035,-0.7412146554288918,0.5970618436238694,-0.2794215343316437,-0.29277159324751456,0.38305083669063217,-0.044444931892123944,0.47322917680518384,-0.7249625718188182,-0.17040418757874518,-0.45487134615156494,-0.15323707844455478,-0.49515000936573955,0.40594475196465124,-0.18344920143156396,-0.46387074781079857,0.4756370625234009,-0.3114443881026124,-0.18051032933331282,-0.364578832475108,-0.09710971943193317,0.3979096847213716,-0.08184672987311783,-0.6409012548739831,0.219823311130166,-0.003011860515353044,-0.2937319652620168,0.3667985289040091,-0.094498736108027,0.0892886858084748,-0.5964256644381177,-0.5668375961258305,-0.32630459190765343
20.90829680973765,-30.91539440047081,-6.4681320608044635,1.0412943130467003,-7.379849241962822,-14.07277633968209,0.0168086531579599,18.115002758822577,22.33395305039333,18.558343408509458,-9.211922696124416,2.9809037461672294,-13.877019313586668,7.89059423940052,25.75093574469396,5.23681020156581,-4.304341116338378,3.778092797127033,-15.690250247762112,-2.806647966040182,7.368303001011672,-0.23903662902113562,-4.016838389274792,6.628403674308925,8.127589971533618,5.501201234044607,4.155398617617548,9.201505543524602,14.408046219779196,-3.8906755475074024,-2.531686387335098,-8.182273833282965,13.022343295111094,-8.83045794975853,10.584912515489485,-19.329883969585747,-0.4033480331477703,12.333540498021618,0.43122335577908144,-6.522959694066201,0.7196073621455894,7.474007284338514,-7.499764250550269,3.691859331207067,-2.494273986873085,0.015031676679360097,0.28110263710438355,-0.3227961230497929,0.08676065150954813,-0.6817747698664458,0.5050865956924802,-0.4018206373842718,0.6701074655298496,-0.060725980781318974,-0.11779533533903089,0.08847665958563478,0.09999292362787304,-0.0901259335644964,0.11472600950432764,-0.48765216494009667,-0.5110609922337439,-0.46010319809936007,0.24290436596064194,0.04456365335139392,0.31165060867351274,-0.2618675732686624,0.24111467209619689,-0.006034180731255481,0.5503095845082738,-0.1812271243908944,0.0312236406572038,0.09698933755461624,0.05784513837620358,0.3117972288748626,-0.47230427539267095,0.0002684467831522071,0.21963207347352645,-0.28387579828599047,0.23393344935683122,-0.056767478195926355,-0.0818705115285652,0.21436003984099694,0.15042158186078494,0.2402685639643565,0.48588975945441576,-0.24423494150001662,-0.4389831202872504,0.024727328468930665,0.04305970619154426,0.005461044814832328,-0.2578088776026057
21.806042398684145,-28.102804959672486,-4.750981460628755,-1.901950156814665,4.619082212356753,1.397871522145161,-13.225296190925137,-8.517299686053486,3.765071736957656,2.5635431479256514,-9.568088120103845,0.9488736992260646,-18.45862052520493,-10.016827417333541,-15.67823235122755,6.573080725294855,10.97413520951551,-7.1412448687287675,5.825603990637678,11.702317743678119,-1.7557984311928072,5.982659312982042,16.294494819762974,-16.04193668906108,0.5041629582949162,-2.7555508055638454,4.967681137011791,6.987730070674727,-7.530766422015185,4.989366318760468,-22.218172258133553,-11.581719411053667,16.965169330675497,-15.84755720718117,-6.54958663328855,-14.382902255901703,-2.3473125395757077,-12.893927127389398,-7.7580332467793465,7.094685835309999,-7.182464227175096,-4.022393650597734,-1.7788650676885172,-12.232863725461444,1.9892958244662757,0.48526530402420365,-0.0964087099397153,-0.4688992580355777,0.01029137438834972,0.11224816732281763,0.059489501598290424,-0.014072819982488273,0.011858406209357146,0.3729028197845151,-0.43417179477813367,-0.19632503890267025,-0.3532950063659805,0.50389728058212,0.17421130892996706,-0.3647211563745498,0.06725172581403058,0.17943944571205028,-0.27990622656342745,-0.24028834138451274,0.08844744286625052,0.06442477105126207,-0.09967976014674129,-0.5071713035723124,0.7383166802076041,-0.027113770365796413,0.43722552878427634,-0.14294212924029537,0.16053291482220872,-0.4884811465798073,-0.28076614339717704,-0.2578288387891593,-0.1123511952381618,0.22903183387805337,0.42735674036636107,0.2594716695961067,-0.19715764110192424,0.614029923183396,-0.12061501918449427,-0.3199404186957875,-0.1877848299279694,-0.010715116239520173,0.004708211317095549,0.06161371328107145,0.23503651550404997,0.25231584109808813,0.010640146981084219
21.185083887481092,-32.54877053133455,-3.0776207080823377,-2.4508015118173696,18.05781210526644,-7.967461701799212,10.449908342913643,-8.954969771542569,-9.616881365334512,23.159163992722796,1.3092163817889049,-15.14354332811067,8.342500715641197,2.1992440561469753,8.651742915388395,17.663633671142183,-2.1024726140005168,-18.704532027149433,-4.519996383363222,-6.1787822625432645,17.916749939600578,14.742882460943616,12.101201395452689,-7.114131337180803,3.186393570659788,10.624506111119967,-0.7646984713703017,1.156949282837064,-18.75068059174665,-2.3676879029402724,6.875229381426447,16.138836705915867,1.5487257874166764,-5.97219999087809,-13.859126843074744,1.7834374077495099,11.648169653852927,7.689094467439691,5.154287613023212,-0.5017004982989465,2.323519877880023,8.356696268377263,7.056234333495016,-1.3950337483796007,-2.2354922647425317,0.12746003505749573,-0.5297213431628333,-0.21026080235181227,0.25063737545464576,0.13644916661154732,0.07814406329838573,0.4452926048946414,-0.3948692846373632,0.5961343209070153,-0.6289975919900193,0.08395814496287322,0.4807924663203868,0.22027507487837114,-0.4633163191393492,-0.21453099331836123,0.2666410845196691,0.10130462332306035,0.1818183865620237,0.31158685826321003,0.23744487953513893,-0.41897829000689363,0.18626846901373187,-0.08648993756702664,-0.12114785840400445,-0.08920692223389372,-0.11749900908410106,-0.19044317407019093,0.306676503351854,0.0430843405274718,-0.19381253483908567,-0.06460125084519149,0.47177379525729707,0.4991304040704078,-0.010235644656556832,-0.1956450487215834,0.07908124471460705,-0.07650060487135917,-0.27746571680115467,-0.09167373081693374,-0.01955051780541564,0.20826072578500246,0.05656283168554212,-0.2103940384591293,-0.050387866421379685,-0.37922878396727033,0.20013199362116857
21.610314822801456,-30.070100552645965,-5.831739022167671,-1.591192430390659,-9.330923267371253,-14.271511194165885,11.835953984888738,8.784267548379,-2.3775996485802935,-12.791034228210968,-5.447666244544817,17.791641770000645,-22.221865929847716,14.090197807094649,-8.64932361677824,-0.8167568041086336,2.949117151880408,-9.623538132437297,8.319452020064475,6.640241733638984,10.601004018742085,10.195722603040952,4.4040499487062394,-1.218134230479616,-0.10317165447705805,17.090251841948984,3.429015440731877,9.513745920332429,12.041090513213176,7.273894004864825,16.62850354924211,4.0774580470128,-3.3757147890780606,11.780724475086329,-15.632086389769073,2.878435349198263,-8.142547871548429,-3.283941402284502,-4.2598940979625475,-16.14206138752918,3.238420056537019,-15.433576773106205,7.302728459346543,-6.278109921165575,-2.077687312816965,-0.2660015645696609,-0.005926038910284088,0.23139052665542523,0.33873086695603466,0.15899253020463897,0.3755000909721735,-0.778154599652782,0.9939395035650238,0.6278542156884986,-0.29604126840635087,0.01006288780088949,-0.3412774173964229,-0.36268710002716475,-0.1945367444084091,0.41425821235925325,-0.25681790227119883,-0.15707261763212685,0.16748515965731003,-0.1177720844088661,-0.48709992951602116,-0.5403589469590746,-0.05178921762757019,0.15287178427030648,-0.3908678608571242,-0.5883552391413585,0.19074183698289363,0.31613081440101676,0.3001356739821143,0.1071635590817935,0.2357392518302617,0.2126998671364867,-0.34428651451355213,0.2217767962771099,0.02439557810154235,-0.29935987271679826,0.11392619783193224,-0.21884214129177715,-0.14792797449829573,0.2427901347298696,0.24347151540584766,0.22297641060672185,-0.4321581777932458,0.237298934776207,0.36413593031721336,-0.2626034110751032,0.3446272688714438
20.739928090755384,-30.3827888750165,-2.654603315484966,0.36149362912438693,8.701174997087112,-14.616065799387043,-17.792339530057667,2.2265384947551126,-3.1122729217478264,-0.11870658007603462,16.398272477801996,-15.211671171424175,-9.616689488227,11.373234927251856,-10.682047322149247,-14.664307817312821,8.281069272647345,-7.0335752654724155,2.3555272274743637,4.967804424894764,6.106631141535061,4.8596508669726415,-2.512298373362449,0.08862373045568346,-25.89437925674772,-3.059563031818945,1.9082729236312022,-6.687488185155976,14.702692881376484,4.230057122545422,-2.140553135367964,7.736009636886952,-7.392617674781671,-2.4790113309273965,5.067555239630544,-3.4661707058039926,-7.895579120151181,-9.805316520329681,14.793924913948972,-6.884880163550598,-4.388092834240032,26.26718445638219,-2.8731884310111164,1.8313725938650034,-2.4090636744451186,0.20063461419137452,-0.3767604123381459,-0.18536019256092318,0.1605618305091731,-0.3833543462810925,-0.3412497846369163,0.04078854611483184,-0.0769772119702066,0.0831422284638832,0.25516661523858886,0.41785247143816057,0.5928266983200557,0.31323270779787354,0.2571923420428427,-0.5108098642418345,-0.22578223314612283,0.47191903381472683,0.33093394732815345,-0.16716116585549437,-0.4109865905991139,-0.24386972560407597,0.13442114670493088,-0.5269103768166749,-0.07810301326821421,-0.0952845177924623,0.5192848636481491,-0.2572227476025844,-0.11396546115582601,0.08965319828822522,-0.2647844419174972,-0.5141937295082918,0.0820316668208486,0.08381538814304006,0.026316150474519264,-0.28578254474928055,-0.1705011128829532,-0.18353172002785975,-0.246124537618389,-0.1269202483037418,-0.2792303933419147,-0.054487427587977665,-0.029939449412564767,-0.02175964434796514,0.19939255618473498,0.3057543452457217,0.18362317394963323
21.28634858076033,-27.40456368985606,-6.987958279228066,-1.0070322386329709,-3.320787197971616,-2.53052360235805,-19.17011804664553,2.625340857514448,-8.848335805954807,21.184700163597874,9.318516534121107,-6.43767469076869,-2.429114126272717,17.323891377034162,-3.9144111615142476,-2.740839633855538,11.546890480584254,9.275564419379586,8.123200436420225,-13.235330744617219,-0.00912983752602126,0.8685317908486279,15.775219573815374,6.037872655633651,1.3895237754404375,-11.965104291122064,-5.708814683888456,9.015500397341865,3.007753732294733,-11.215126086496612,-3.382860328206767,-15.720393213070192,-16.593445618690172,17.2005947177379,1.5211757569464184,-6.983249930041161,12.941444012238499,0.6347733324957148,-13.976098823388858,5.55320270385461,13.74009608313768,-5.515315476751178,11.378765539063666,-1.423089050639591,-4.769999503430734,-0.2588233311886404,-0.3324567074250307,-0.25198100397239653,0.6900082401509309,-0.015738500291503178,0.09958747958978882,0.4400066079757937,-0.09762674489972914,-0.18070676684923814,0.23637723058942064,-0.26848080863354234,-0.22139378970265094,0.1815790715971532,-0.7405665959534722,0.5867330159119264,0.12834032678699125,-0.3630473701024671,-0.08638115160279651,0.5239731666645573,-0.011556492386054683,-0.5103677767134887,-0.05617696575109839,-0.41111171637752736,-0.3721316077873371,-0.21459006753724388,-0.20899134286491783,0.02638518279267688,-0.08875213919718782,0.4040480417340023,0.5677540774742837,0.1705450177031286,0.14169768907269048,-0.14763977831786063,0.09250519842213736,0.3593685484728526,0.2711194431979514,0.4272217991743417,-0.11900392941332087,-0.1896697834510763,0.09630822436181394,0.009823462772044963,-0.11416144972905444,0.28861048712477166,-0.058117113143997104,0.34172630684828986,0.16250270137917047
19.980016094539774,-29.496350333557526,-5.7960610329775095,2.2540330682412533,-11.261893308636708,7.743469049683489,-12.743907459808874,-5.556206208621772,1.3927698752156323,1.3289014583324628,21.56522063173363,21.050522557561695,7.2149456321949135,-1.1787829049700747,3.6617332319294076,-13.072390643832241,-6.000851166041898,1.9517746758919294,-5.1020849581683105,0.37195540985086095,3.360183754987817,0.5177835496197466,22.077869398753645,-8.976227107415516,10.341988558530321,13.267556196985728,13.421609159990176,-15.27731933159221,-20.55909522736468,-14.645971786544248,9.33644183277853,-8.788584775569147,-2.1013635263058466,3.396617882430624,6.735311731014817,0.03985699489090269,-14.652510137326443,-1.9305933239830622,-2.687712757355521,-11.33426596082582,-3.945635014216341,6.797167204940557,-10.280450648309792,1.197478770574169,-2.852124741715452,-0.39951454610673315,0.07072964566333383,-0.018536423182954266,-1.015408797468116,-0.08275091700142671,0.03613003096110952,-0.6910973488248134,0.1147482166161737,-0.3760871217054652,0.04391069251996991,0.1970497143444504,-0.30755888580704044,-0.2917190789633201,0.03461986473399899,-0.5199149713510293,-0.12487848507588056,-0.2601601387720309,0.27425092657142525,-0.11757977385422745,0.6740756776561191,0.25595332348842165,0.12912460846033016,-0.4514624909856572,0.0782752273162295,-0.03249071723593444,0.15575442566620454,0.3736067391444391,-0.14151598735380816,-0.03127010303442809,0.05563422587151522,0.10231864373720159,-0.22592109202025668,0.08249344336225632,0.5192573599771175,0.21246763496263102,-0.11002362137660394,-0.2658358774587644,0.1330306860089253,0.11452784713160737,0.03769195184432129,0.10776992201101697,-0.056952692743261195,0.27458028676485596,0.13174786910082656,-0.22795144048002672,0.22334289961250733
22.64368861052173,-25.394870812276512,-2.8170044162295533,-0.8399431976703531,10.917123610285007,-7.561089645123946,0.08771074570907757,8.049729588158511,6.73377063864423,-4.648795501787381,21.34224139386626,-17.70621145507105,-10.10723215024357,-3.749654053132709,3.3590676101971058,-3.305904134100836,-21.622784210694036,-7.736189306479166,12.95563193071073,0.9902103132409933,-6.979206590106875,16.05534636083583,-14.699008916464887,-14.72733427509214,4.656923999083797,-10.73250174639716,-9.674400677915468,-9.519186178343382,-2.026869893263223,-8.720182633387564,-9.432296871975518,3.514567213483221,10.76829052477196,9.917548358980671,7.490898656032804,4.257682090337195,-11.309818713595286,15.22808342235404,-16.623826407394116,-6.160917078673767,-3.4962207530371407,-8.767395317838053,6.497159001329944,-1.7543306356568977,3.896983463350157,-0.17631186416391134,0.514317035885557,-0.27050334685647487,0.0017229671699548134,-0.5881889834739944,-0.5181668226052976,0.45128898639230175,-0.2999596975300132,-0.8235155069143042,0.038546144305216495,-0.5034736916586495,0.03761203075673073,-0.1314692913701168,0.24425337704297986,0.14573118371293572,-0.293924439215921,0.305306784065389,0.3489996120878763,0.39810010736229623,0.09051275662498355,0.4092334905369576,-0.08125979015770747,-0.022319951453807125,-0.46297569025378765,-0.17807351307126296,-0.16095194194950743,-0.17943386619989143,-0.31392017736179734,-0.021923666117382366,-0.16943188191094868,0.03523316593576699,0.0034708448379924036,-0.03876497362726309,-0.1512560060502671,-0.005360185721761729,0.26560977359529636,0.2753431693622637,0.29283589929961407,0.04337692946019428,-0.10431344329454457,-0.4249282465533559,0.0637239855542786,0.2060819601592548,-0.34193381710792026,0.1372350164971363,0.09460133578986352
23.285994225778456,-27.597496666004115,-5.637997987882013,-0.6505013525688113,8.988397518289066,11.047253740597645,-6.386130261303414,12.130843628803145,-5.009940072482787,-28.478125994311252,-6.645235137380514,-8.610186128601558,1.0371117230849762,-5.691760578170378,8.258275534438425,-2.8738880455864533,16.662375458621575,9.828596599723772,-13.36959363145811,1.739365037063007,-8.757108019739556,6.5417200961487625,-5.5082081032590455,5.024250852278533,5.547846093832169,-6.402551926797563,19.656774170864217,0.3665218568228371,-0.34209942704985336,-26.305445135710293,7.018765244780383,14.784339175256292,-0.9819340639843307,-8.787379891236968,-8.257140304628932,-9.96644687297706,-2.26773636681671,0.4155123341266876,-3.7900500628861957,-0.354766938524429,7.940844263111677,4.054452444343291,14.603671358251217,-10.12405798949356,-0.7302314052362034,0.16084007885492468,-1.1670106269474596,-0.31413397832787743,0.4211575777077225,-0.1996585182661928,-0.25142508829557514,0.43669151161480535,0.2367364226782359,0.0068452251412720036,-0.1129439744290242,0.6839239417405124,-0.35479232176206854,0.051299009827980406,-0.27305626294842666,0.31695551477004147,0.452298693066537,0.010078657893275444,-0.04836310891671407,-0.2626145755629686,-0.20049098791045594,0.1352030065216295,-0.08921545073189005,0.23997849682427014,-0.6504494293284824,-0.22277491274890196,0.14483493363127167,0.08843933868844953,-0.13105700049620408,0.27269152805490315,-0.20208182847819292,-0.2755553007460255,-0.420542085734146,0.25101201354251507,-0.22733235269233498,-0.15239066129428658,0.03142368316121262,-0.21513132416300818,-0.5603469303612346,-0.03732711916019932,0.013907054040220967,0.06466866059378003,0.21415458770697454,-0.16428302649847085,0.4961904855266744,0.08182613108036621,0.14684927102427703
24.081278237511693,-26.134716980976815,-4.157293888407729,-4.876796636896049,9.478541090389106,5.474234495343327,16.695165236047323,17.108538697783814,16.287081234893275,3.753680104230413,15.14900768077721,4.318578228207616,12.150692361979061,4.443484142712387,2.6686923339522646,-5.499490887367604,2.037933722022496,9.771675452374787,-8.387473556060689,4.349252613597756,13.434859212669464,12.325740307152039,-0.9899164361169204,8.375235234302584,-9.630415837252116,11.620343798407534,0.19429910895104258,-20.197595143648243,8.809304730903186,0.252231810038243,-10.608144406728012,1.466494759202772,-3.472240825350546,-0.4396819068532767,-13.727572415301125,-0.1020368317484826,4.53182806938992,-14.889676674980183,-13.887712459339141,21.703155911296086,-0.22694064110465512,-8.326472632854594,-9.449083784720987,1.1168594950047377,6.70295997607939,-0.6150740408869654,1.0799374802016906,0.28624449521317635,0.47671037463670324,0.4995888324048924,-0.15170779290981695,0.7413153197432177,-0.4626982039624916,0.2102195494198153,-0.21346615348463646,-0.2583678755073952,-0.4793226998129997,0.43810206096528687,0.24924486820959357,0.15982108581930274,-0.13874567815307334,0.6985579191339402,-0.11880734776425952,-0.20882731491599626,0.27957310935333857,0.07564132807450458,-0.502817617412956,0.49207541539905675,-0.03617685543628097,-0.19336112686194115,-0.013404711190408007,0.12802525268135784,-0.08427776259432783,0.11420279791915335,-0.3857310648960373,-0.2581688648621069,-0.09919742810662227,0.021062330942330145,-0.3886875841407016,0.042627805270247794,-0.06698699283655055,0.0018048918125442683,-0.10207843400980551,0.24419848063573402,0.010796911969983076,0.2830907628260066,0.12011024484574867,-0.15749936258132136,-0.05024642657224257,0.2532537171795322,-0.17380789617272785
22.14660722455991,-33.97293838737694,-8.39085535611335,-0.5882260025543492,-25.881209336579005,-8.477470258111346,-8.269250149555218,21.82037533254262,-6.871089267430315,6.685588285573241,-15.601058321496811,-15.720607914423825,11.979606461471285,-2.0310568067738064,-3.9070703163866605,-17.509423623871527,19.678692393466253,-6.930489982941841,-7.7827128179522065,1.3135025394450028,-6.598906015179386,-2.722204355186427,-12.256753740495004,-1.527301255284231,3.795800449016472,9.733636363292847,-8.817566483628458,-8.20806088615368,-13.93412002197843,9.652059394513275,2.230113095504682,-2.5643846422226706,-1.7264807726818405,-5.745861401059915,-0.20683389907279237,7.341351550302291,9.527782010077694,0.8259280696499657,-13.244257394899401,-7.581115731497248,-20.62016022361384,-1.464639336017629,4.673379677229665,2.4045722521187103,-1.345009261442531,-0.18101132405028603,0.22782526183092117,0.22790279437702277,0.1997353050461066,-0.2719732090670808,-0.06038370481740442,-0.6494964868118869,-0.8180839661699019,0.14908566808827112,-0.42924556570779226,-0.15268695097546242,0.23708049155500482,0.2206090012624045,-0.11918131835320371,0.37944364668267117,-0.12391347402328357,0.11469246952384056,-0.23249979184198902,-0.08329592910386117,0.12883363573543966,0.5030022399474743,0.20075840187428481,0.1637669987552699,-0.33146413094539534,0.13623332850503797,-0.13658101741193876,0.017897539426705553,0.26112904400445214,-0.1078750835338573,-0.05588850698223029,-0.03074842638727348,0.15142927912919474,-0.19590775247618986,-0.09058630834739133,-0.33913571184361513,0.03556782283417759,-0.2855957691108034,-0.21995611040800978,-0.30717329197389565,-0.356203221273543,-0.5058523934235724,-0.10684269529241387,-0.19858507291276806,-0.11827155314186977,0.13980388039998234,-0.21050510090626814
22.5901702397358,-28.397001388146418,-6.150608766490485,-3.2857128045469457,11.975740969651957,8.505440966376915,0.7288208221446029,6.87751808260174,-1.8116227026381313,5.768143224560602,-7.67843678488651,-3.594803019815193,-5.46643958630494,4.836972917887579,-10.360784064160441,13.106440228553822,-0.8371587884789925,25.084892050627257,-1.6690062252682982,-2.6152059818066884,-5.390389892229636,-5.289527075049511,-4.229874001388172,12.637818152518319,-0.9127682925373569,7.85965464188081,8.252269033554112,-8.708721977800597,-17.492632703256806,24.227980385256945,-12.687043187817485,4.243821522199257,-9.019781743528528,14.437462926114007,-1.8252582990555601,-5.094976372908315,-14.677880781534311,17.762776831514994,3.6191817111392903,-4.516604964491488,0.3970408173159284,4.292527226394719,-3.1023010831278315,-16.140430109040235,-1.0687588215077222,0.12998036650116465,0.07502497266464625,-0.11484350844494055,0.7035137639555422,0.7967358397255468,0.013665104688564883,-0.31164049216295925,-0.28013516550050677,-0.2703833891341732,0.6482111465537479,-0.26405591254287125,-0.25211551981803276,0.10799172903548027,0.3399837881170217,-0.5534362102013698,0.39347669389963896,0.3963567921545433,0.40363789390437127,0.4986377194537521,0.1583086015987747,-0.2295910165301701,-0.36966550177829127,0.37427985259947777,0.34752639485361614,0.14394522334045928,0.20867628173917538,-0.40463966771207605,0.4556018276140439,-0.4462967448660274,0.38606425211946505,-0.260908096458873,-0.2728089989498324,-0.07012314655305694,-0.4239389169745556,0.20447045896990745,-0.041658518690957796,0.11719227149782353,-0.3118242262596827,0.11006125068003172,-0.0022646569212391313,0.1058967048180386,-0.00028480345874195786,-0.06956192495896402,-0.17008000397203824,-0.011117935136401304,0.09149040562132724
22.416234270724967,-32.89639248057946,-5.489698229184254,1.0919383426133773,-13.870510524272788,15.078429922266748,6.500866085655748,-4.763770213046137,-20.922214968335716,-2.004365167305891,-15.623253655266616,-3.8475547804110652,5.29725338736201,9.501310544071048,1.0765573655507377,16.290547837058075,-4.6482331880564205,8.674997242654428,12.076306589591983,1.986723319939741,-4.2812676256649445,4.750106798370908,3.016225371762773,-2.3628279653200845,-21.83519068529214,2.171686326067677,2.3693165560576683,0.7680081889397311,4.553355193269952,-3.7405021512660803,13.798807567656102,7.332894515775453,22.207254560927343,11.084708002587902,10.009363480542765,-3.606609704637448,-0.6025267158715134,-1.8343338184466065,-20.29629667706652,6.941410244035126,-2.599683478236166,11.279758785041038,-11.411159388100756,6.910127018741429,-3.6823099065610325,-0.2740919220558171,-0.18253379249554208,-0.35297563584738906,0.3994198326320194,-0.5151254959907028,-0.07241784281459857,-0.7906108581200605,-0.6612566448669329,0.09410523152345875,0.08477216422186175,0.22415000268790278,0.0009109354067409342,0.4126617737428969,0.06525081167960434,-0.21600466306336633,-0.44381957774164466,-0.21751975280806607,0.07856417410249013,0.14515506034187758,0.43215456465255286,0.5161289469401643,0.23249320752798494,-0.0879081758797808,0.352920064375157,0.3128590961033638,0.08684018687923949,0.42714475942739405,-0.07750825187685421,-0.49625369289915994,0.2257773110908245,0.3802622554536198,-0.08631026637126027,-0.04637576873423344,-0.44451314544159964,-0.5740541595927764,0.0049937160191602875,0.159622792416733,0.16370261447983964,0.1585163765958995,-0.025018520474479104,0.2865083329088506,0.20310548855666846,0.12295829590020196,-0.20922153359586956,0.03557722808658328,-0.13008826609601157
21.66693414669079,-28.54714909404747,-2.433962803949564,1.6651579895429296,-18.341798547654946,10.859870098923867,4.693277531105922,-1.0347552109575386,-13.822819453073814,2.0788733825618455,-2.8109575654331342,-10.156613967813396,-5.496931980591379,-4.005146122635997,-0.9479985661636399,-7.0231054991465305,-25.552323406396457,-2.0252897543944353,-24.02574255717354,11.083498543798541,-1.3069190149520586,2.1794203516857036,9.391255360136412,9.304956985479706,0.04061650037333916,-8.999719338462063,3.1308860701860235,18.752795696301007,0.28435257990397983,-6.000087860589059,-24.414471209978768,12.378283555720001,-9.10153498222455,8.936666046774594,-10.103843564599883,3.9031321992427443,-0.0620432402817303,-6.802914177443169,2.6515380502014176,-8.732355008023708,-4.8815932364268075,-4.1510904594490246,-6.941118314446338,11.623280858177058,0.6272806438860261,-0.22032996299800203,0.2474652156144739,-0.9734423449052009,-1.0718098563970377,0.9795241335485066,0.41700662879702194,-0.70182787373734,-0.021231712665922366,0.3488978387096998,0.2790522545090961,-0.5298008805539942,-0.06547385230917808,0.9314824475539897,0.4094025689975973,-0.6310031255042259,-0.25138511991071966,0.33399236284168665,0.09140554411652073,-0.27693030257689555,-0.3693769841658163,-0.13904326096530867,0.01784253831663236,-0.15556791321105784,-0.18928270985518367,0.04971863616443897,0.19790335972506792,-0.5178534239791132,0.1476584015783932,0.10026917154700016,0.07708759522633334,0.2828318269088326,0.03321135737157924,0.1520858347299961,0.07820154701783638,-0.19181416832826367,-0.25058140228712694,-0.439716580914098,0.20587254991131745,-0.3175511240099107,-0.5667459997741677,-0.2727537209645484,0.10625947543990805,0.04227925958486885,0.08646968973514232,-0.0022118055049660497,0.004383169664363195
21.679297927073808,-31.737160068995173,-2.9278260689131828,2.9791882441139816,-7.001861899087461,-9.083044603633276,-16.315550511142753,4.487199153528312,-3.634786358321506,-9.749125489718613,-3.5717661564993275,4.504682512596485,5.873504866181695,0.961151541616421,8.256278546663918,3.131747780721512,2.8965326024527633,-6.918616787153389,12.046829109632435,1.9864357447093495,11.350989190772776,-0.17059328506966584,9.918372950598878,11.196060971768073,12.489140153645744,-1.1860339578147834,13.11248987852145,7.21911943428417,5.539807480003761,12.035448673338825,-11.76937831624701,6.43760070384297,-0.8142997432992246,-11.436915559025703,9.295919822696728,30.580328979939893,-10.979263174890656,9.222517029858267,-8.408739048269394,15.667394469920831,11.005651090882866,7.17861051679798,2.2922950413511365,4.713316793339864,8.216617034821105,0.13396304076870957,0.32967251843120615,0.39330563915339906,0.0785042522651224,0.5051207554167653,-0.11151771477152357,0.032056540599579214,-0.043464133641369036,-0.07837703984995417,-0.05810915029479709,-0.21564265480261655,0.1360305554478555,-0.2417916870265255,-0.07802401221889087,0.4506956507341042,0.2829313268161777,-0.3387607227203466,0.6228704566456681,0.18191795778002184,-0.24656781976826483,0.23468428964418514,-0.3036346221712201,-0.7031491938918104,0.14580890175847536,-0.16636384843635701,-0.30029506654676,-0.10876447335692518,0.32298883976700343,0.3753463571953102,-0.1296912237097704,-0.08283962129191001,-0.13853316708623428,-0.3328899103449386,-0.08168490972252097,0.3920255374489996,0.1042078144535189,0.12177487626355422,0.2710943380805232,0.13566876104015801,0.06669527674477903,0.3172922445230774,0.14115396167223945,-0.20972890858124393,-0.10195354247530763,-0.010042184213759044,-0.13336699007545622
23.077705294585783,-29.048287278719048,-5.09113736366051,-0.7479408514031302,-15.452166335945842,12.104926870549034,-9.38951112147001,-1.5835787541349997,17.323380272034434,-0.33572682850982055,7.826965982857977,-5.046690740864216,-5.497333330006816,-3.2633364512155714,7.8698899512302525,3.7208565526324318,-6.9451960923784375,11.703233752054988,11.014959783411385,-13.16607184200676,-8.30957104887693,2.7436316101801883,1.2267140241727243,-16.889764015742063,6.395600796003013,9.919227712704842,7.085252184224641,8.581051355178145,2.614059168347022,12.966025316995099,7.656209813484,14.645852688630626,-8.650122192553136,4.190330609920359,0.6116195576794397,-10.54393279469774,0.07152349143959856,-6.927669957087427,12.57107482587931,17.322958390284352,-15.621742272578707,-2.3692550590385397,17.240187079013875,13.524394402887431,5.418181618313665,-0.08873863191676777,-0.4169483464724341,0.26836627223432624,-0.2235340073153791,0.9139384834993235,-0.9703279037689627,0.24208728117467235,-0.0349560461572829,0.36312677521693143,-0.0993967379617195,0.2596265243685594,0.9168392619782161,-0.004915610591131619,0.18639588867990373,0.041037216427354424,-0.5053246213352913,0.31812817949685473,-0.34310183321583704,0.052060841837474336,0.43190932447501784,-0.4167077519867487,0.25291287007321545,0.11392325934576962,-0.2919551338537698,-0.18671764508358182,-0.3827767655861971,0.08104872978862485,-0.14569476189675384,0.010804110643647615,0.07916284352146441,-0.08306770309504406,0.036004112561467495,-0.3402233660147592,-0.48281135655561475,0.0017009964261313648,0.06159853212965895,-0.08311560434086997,0.15083645474768675,0.04138940187734252,0.4722726195376598,-0.18292873865828652,-0.2162290677341376,-0.015318513473074166,-0.04107015690957171,0.05878374593475922,-0.40222896364875926
21.34892217701467,-26.660685392726442,-7.055430112763501,-0.7134023296685525,2.519849630300756,-9.29875964421779,-7.201619426271608,-26.302239840625397,1.3815995100664673,-2.0803946382516307,-8.12484207482458,5.877903087112305,8.530621706475818,9.730765171642513,-16.980862917062524,-6.243060388246135,9.133056919087545,20.817065000156788,-3.7305000454287245,-24.59492801606131,7.273207493982575,-2.620021421153537,-5.834757228442649,-10.743141946454177,2.6613249754454036,1.4809997114204059,-8.893554285251545,-3.7553554044487165,8.148909638106296,-5.934613438035577,-9.589140828131061,15.789240214679507,5.03150375939453,-13.024409564366131,-6.958494265834025,-1.6204297910417147,-5.2796121650245444,8.01285578944107,-3.8590126000729637,-12.272404226887565,4.150798464792375,-10.41565013275481,-7.478483874256904,14.58953093361974,5.139462044206461,-0.6804446525516561,0.3746564343535276,-0.12629064182189398,-0.47442810010803266,0.5963149603822995,0.7915492287318507,0.7977079100951021,0.6531770263677766,-0.3090837920614074,0.024203167940887046,0.24462926009425295,-0.17339621369675182,1.0965660735683798,0.1792654227669492,0.008026746105094847,0.010893904461712421,0.43188828509535343,-0.8145526887265542,0.21085240880523978,0.12161848974458042,0.08073954435213847,0.12666865695591936,0.4144875740398523,-0.608376135731488,0.26682301808798137,0.1282066964101118,0.20623371490923448,0.47984244532786186,-0.018207505782911672,-0.29480686565686476,-0.09528937785108689,0.28255079530440735,-0.07460620757319977,0.10731748977723475,-0.2347712114498362,-0.052862789823377984,0.19814425683497763,0.29502484877401974,0.5013455731515336,0.0066568159956400886,-0.0980066881393671,-0.17488703533201988,0.07626524811121817,0.31383911949832083,-0.03845207596781924,-0.01407870489449116
21.32384304152292,-29.72588124337184,-4.452099295940487,-1.4801350948731256,-8.824317028211489,-6.220048583617146,10.897633362453439,-1.4521578687188457,-6.725277128492135,1.474784424478114,0.18211245345857713,7.459235213545758,-25.454363760168317,0.9795256276985408,9.339878443588045,-9.179517787452141,2.091181771430424,8.953055648254248,4.007821218832504,-6.611048272188458,-14.7199645064375,2.3931898315475184,10.86114027555682,12.364917893375798,-0.07849095886994228,-17.613994856746928,-19.8049426693526,-9.841772205740366,-5.718060438203994,-5.105639252169666,11.015275227118545,-4.24806904329815,4.451270065047821,-9.571293711622651,-22.115893334136295,8.702851440012195,-7.282963683039418,9.983515367912695,10.386198544888883,15.335393777774765,-8.685127748296516,6.294940433582621,-4.854300851367427,0.8276939485767925,0.3581533196008591,0.2988227636039182,0.2880090185199497,-0.6146495055738979,-0.6247137756390346,-0.11585832821604851,-0.013718454376884844,-0.047914695589069536,0.7106212685734808,0.660277240461536,0.05665666929868398,0.32487902614807107,0.30451776466874986,0.16659441376356407,0.024367974446124114,0.18526712178899987,0.4852382534026635,-0.41671206993910453,-0.009136069220357266,0.21014804892884653,-0.006710372382738023,0.18805024356609654,-0.4419457623029343,0.12472761402280234,0.3666569534586971,-0.17756318268660035,0.21631039880544967,-0.25148243022809913,-0.2834984502190625,-0.0959043967288377,0.12245149249218991,0.030639008071497068,0.09222720688635572,-0.26761170414098706,-0.12260075215365783,0.45812357676418114,-0.15535300443231567,0.17845886750712495,-0.17416624768283837,-0.13741112842247705,0.21259742939015142,-0.1319269032042705,0.19326066680184256,-0.1714033792600534,-0.037870603268238066,0.24640089320369407,0.5038145777689523
20.075745839361844,-32.87889088705897,-4.4104140490815515,4.630927519837946,-0.4392099316788428,-5.378046008531786,-14.860655140200898,-10.061088138690879,-3.6019620603812914,-3.1579326579577787,1.5957705030803304,3.215790488043571,5.350686166525778,1.8535558078749907,-5.197703938364948,-1.8437802440554194,-19.36562222108902,5.011589913334509,-8.631412981294421,6.905673126391526,-5.95338103028492,-0.353369667443844,5.299101994904664,9.97787252698321,-18.99622820442837,6.952818009950694,15.281439412872565,-15.002427268430623,7.986585879776509,1.849124429035903,0.4887598453336157,-13.113531583879084,17.137638176443616,-4.530759461031647,-0.660709126851875,6.871699720535762,19.80356716719192,13.486538952953754,13.08943818387593,-0.5896960660808604,-2.2615982449033214,-14.226295690500105,18.121155371268145,-0.7486039691747074,-0.5381503714228307,-0.4713809575681455,-0.21766188312272566,-0.302647649311689,0.5649468111616874,-0.14471629582292314,0.14044259633268483,-0.04848392672024476,-0.4397457469349992,-0.48562656556413436,-0.02166610612263912,0.16801876241140828,0.7804722237014297,-0.48210434996816204,-0.3173196117156788,0.07531904801576392,0.5722468499876222,-0.20034128508950785,-0.019677203054643204,0.37112141142273486,0.21250384032888706,-0.05082988644874168,-0.5662756206299918,0.9400172686988546,0.8021274973193753,-0.14821263533466306,-0.2585007613817866,0.11057303786074535,-0.37960829741679236,-0.3319500367531838,0.09775258066843982,0.6149461308015145,-0.3569841515150047,0.23104502468088703,0.5280235004556567,0.47487877068529144,-0.16353366739281217,0.058703166960846855,0.2656981583740944,-0.022072849966224245,-0.03308490040297539,-0.3418601575297804,-0.11301130683428971,0.27584828191343713,-0.40169444905872537,-0.28287934699946043,-0.043217678494268205
21.11136508293893,-29.741358483165673,-4.777759137044636,0.8560024309780705,7.904623813652087,38.370611305329874,-1.9889597195921347,0.3455445632823796,5.2745728146215045,18.61825710642785,2.953871462827823,1.5026980689123481,-4.274708621145134,5.257319083405849,-12.403492598627107,-2.9852757796432043,9.608032850037578,4.6561376927504865,-5.0531410691603496,-1.9254963498848574,8.494184389866524,21.669805530142213,-12.750664019817476,7.355330020058436,11.811389127084642,-9.47116493124652,-2.3355208924182835,8.128956754265822,4.4685031227136935,1.5983001494438023,10.150864095375896,-3.317055377128115,12.509755038192475,-3.455442136915362,11.338132551632006,19.870043596358748,-1.3875887151902706,-7.667881690489837,11.625664829196614,-6.120487656691689,-3.653052175422196,-5.224142523514757,-0.1673540459728072,-4.0865216393966,-4.793735770383845,0.559090562834897,-0.7498264311836874,0.3233069872492416,-0.11265106928719851,-0.9610138588081621,-0.3103320820410216,-1.093913668684096,0.055942890648704426,0.6681503884061465,-0.30502204316065895,-0.24824774220327023,0.09457167759721502,-1.325302762376927,-0.05833759827768316,0.6042045337668405,0.31555435008422494,-0.12072222619431502,0.666116317135415,-0.42725797888194206,-0.14342197654858996,-0.3536276202595134,-0.09240046624279097,-0.10546714948940528,0.5027559451752543,0.0042932961474746265,-0.01891739016323484,-0.34015486695895547,0.16039217195772304,0.04406465880602489,0.7640962660707604,0.15917097893790674,-0.42705752352689946,0.06677029325839634,-0.04955741439096045,-0.11605508336341312,-0.05215554982320348,0.03638350319493671,0.12940302235399595,0.16552744153844773,0.07978242891772266,-0.024578510884234604,0.4654065273119913,0.057951559340313694,-0.16261377091577847,-0.020491419630928636,-0.3519176675275929
22.063764214543312,-32.00772538382181,-2.9983229552432875,-4.169847530670846,18.351660969257694,9.362258112333885,-21.43529270694318,26.872143661467806,11.70664772967359,-8.114535583294282,-8.968365611804446,6.712585613045115,7.498837841906062,-7.852175505995631,-2.6150418370036324,0.21220103979039023,-2.911825083070102,-6.835198724946467,16.68909541344728,-2.329627382065969,4.23814195755957,-9.911933505464779,0.4417608422112083,-7.145563613768941,-14.750684608778535,2.4647409072950053,-4.523606560867776,16.06370405676551,-5.770558522365342,-13.32718928003255,2.1943846392290314,0.6067728655584086,-4.183674840358895,4.231380006175254,-9.260326563743858,5.29810203442578,8.179795028697287,13.147376026059389,11.1578516155946,2.119728359490154,-4.656768448016233,-8.016711700962412,-20.450584131940253,3.4274429544612897,-5.2803747080708225,0.40555945302442187,0.20701838937405287,-0.008862082659389202,-0.24518865834689865,-0.10778934096079673,0.3876248152027518,-0.0762865826558101,0.08661310985599688,-0.0993320554049636,0.24389039646910585,0.428650453496613,-0.45975598630862663,0.35492564765814116,0.04855592489853473,0.16577179338687692,0.06192933381304986,0.06499281000812193,-0.14578918482832653,-0.6124404092029421,0.027075104909585906,0.10443355274843091,0.10176647488845883,0.15754816693061185,0.22095182997422017,0.23707409080324288,0.14950113782234717,-0.506384007020292,-0.04154536329058665,0.15846036433913893,0.4258242285608827,-0.0996263753581142,0.22754776690760767,0.13926321671799108,0.17253397318471672,-0.12027671440327718,-0.3010656505360432,-0.10598754857525884,-0.2288436830221498,0.17321871644839146,0.1326984623118852,-0.18940915487785515,0.25605833841274117,0.021347669844977116,0.020157863160540128,0.1012010363092354,-0.4498546593591816
22.166539606880814,-30.933900770382,-3.139457281483259,0.9143839517211727,0.32984179773976025,-3.2975536326721735,12.786811148179611,-9.398673478593489,-15.595555097209317,-0.05758445708553246,7.484678935292505,-7.623658641076589,-0.8430548353865732,10.152190726319965,10.945005621194912,-17.72862762019799,13.961479055735062,-12.636552696920068,-3.0975629880138693,-3.343328686011863,14.261049914892041,-22.800957909510338,-5.519863497153681,2.8236756702898886,-3.8915148162972115,-1.7422929214350018,6.379743272834954,6.241410578754105,-8.096452524730342,-3.585754334583129,-0.8296476473195503,5.331932699567252,10.582117204320317,8.792414682672527,14.665451204854417,-8.617007974532099,-9.840260940869335,1.4481490326332174,11.7661295913034,15.49023745773858,-5.650431401353159,-20.837309957897354,-3.6294474583218546,-9.51006273551196,5.696278414830755,-0.34244338250389017,0.9525992920091272,0.7570343324874835,0.01236463123449619,0.2980791701653581,0.13696244373944771,0.37336765034775626,0.3981830963253256,-0.009705615227448953,-0.1930441162717653,-0.2641964336991838,-0.1922205053956507,-0.30109992133575947,-0.281141991403684,0.6751233140896225,0.34951262860692656,0.26766417119472863,0.25688661897309895,-0.4666451086150997,0.20696345183231818,0.0476810245360398,-0.12233236548462108,0.12439148127524048,0.20556485922754986,0.02520924646843978,0.21214619875738883,0.4862917894728238,-0.21210522123516506,-0.2835633367879259,0.036520728066516406,-0.03792294041589833,0.4029868623171009,-0.3994714933357914,0.23708210037952288,0.028313512574603312,0.2608158053457405,-0.22125918360382163,-0.3249029461365365,0.4709137173096167,-0.31911191691766666,-0.14420886677718392,0.15031093662562406,0.2211525680143405,0.297179691769148,-0.18382876012717686,0.08401796102854542
21.834050880056775,-30.330784861938227,-4.723988302881395,5.183677201742414,-9.505104008093545,15.96458593916261,3.774772607329579,8.134477710946948,-10.569150433486021,-19.53559132898685,11.993742300879223,2.0480890303540917,-8.690492201767551,9.720648554068779,-1.1016328910666857,17.1421178428153,8.764636120160278,-3.3617614122358654,-20.276641939472917,3.279602309925182,2.344053639303729,-13.43020217018111,1.810661147635575,-28.68614437661672,9.583779437773456,5.214909678036368,-17.981780021028573,-9.229885941643166,11.585932552592675,2.662527839379035,-8.532186407891885,-4.971278588768625,0.5018977459076917,5.106074833415125,2.2770751615120206,6.431805233304935,12.322503317282116,7.498596930833364,8.430107969093577,3.6886978318016297,8.649880624268265,8.517476455765394,-1.3932154087898219,-4.54832766956458,1.0937932720637398,-0.4168363282547673,0.09164909823489444,-0.7531258402543971,0.6082444159589261,0.2684451498255891,0.06508489644981055,0.4652307981337878,-0.17473534215014003,-0.32005244387104026,0.26203829854010624,-0.9617120090947912,0.05762275029791647,-0.17938860066506704,-0.047106986485731694,-0.3028650272117308,-0.0840330394523256,0.2398855473434828,-0.41280095011197426,0.3246150274496011,0.3557429863679726,0.17464707093453183,-0.5836403701894773,0.12124284889322895,0.1329469922231849,-0.02405081715103408,-0.24312170878409275,-0.3179852700052731,-0.34493271205895865,0.5912041403879293,0.06598559462051372,-0.25686257612068525,0.009487797679780603,0.2932085016485447,-0.26376871594733214,-0.13430214031362486,0.0915392460521938,0.3594320638165251,0.2222513709544594,0.05676533192353774,-0.3806082330903613,-0.1490979857189021,-0.34937681734379306,-0.08508856686802337,-0.20702403065043584,0.21446527605968901,-0.13012039296109312
21.64767847853156,-28.372946891598225,-4.671736581332405,1.0050184316545343,1.8417677541738047,12.56440958653689,-7.271137304096466,7.070895114570897,-16.329568936634146,-2.55748448017556,15.593263369842076,10.743258856029502,18.347920651930117,-17.689223006861436,9.677695105526276,-0.6278867818271958,7.232242551968344,-6.2860554980108665,0.9470074826422986,10.224565173729456,1.3081241846407787,6.76255721051342,2.4158021680214588,8.266439342014607,-3.718180593238232,-9.952424610218268,-15.982385974504837,3.188515271001696,0.7706390034010194,23.375098915140327,6.15383706667079,-2.146052556308169,4.6334177549312665,-5.370760848378004,-4.591346988876765,-23.327907276012567,-7.804307836329252,6.217474571864851,1.2075835453002255,-9.076075997585185,12.585391988558639,-5.962984403861187,3.708357878117166,12.982067308605812,7.459678032338111,-0.6495385537648833,0.21220387972513616,-0.026879253678529603,-0.4637666733080488,-0.2376086812599568,0.8540000202148504,0.19608198099161453,0.07744237543233061,-0.11195362990759322,0.6290006905496721,0.17706309950882954,-0.22535490070549016,0.009176629121424324,0.7736228981024982,-0.24109385095395836,0.3997700207973673,0.0017805826750648254,0.2950385946844263,0.21786177053725425,-0.6177844142847678,-0.3827538284031067,1.1236998791639181,-0.29642625402447387,-0.18917345490048273,0.6497769942422604,-0.26491802885506516,0.07826467363928913,0.09835535110214738,0.12532034038500459,0.1804614292182368,0.19454349804475837,0.19730345795302778,0.11939125042851843,0.02866155127465776,0.35986054879417734,0.14852934094104667,0.08053876841696693,-0.0004329599907410693,-0.04407692211433422,0.16565314736158201,-0.18974858067913353,-0.40233850171144203,0.5361330375052618,0.07168421601648065,-0.06491104963007549,0.038300158753323245
19.478569699872164,-30.722065824356907,-5.887179622238177,0.1605462573341368,-4.566066331670867,-13.184463432774985,4.387431433222126,5.6103304074345655,5.617672685495098,9.478266847758753,-0.15443464954189004,11.412924932736075,-11.267367632834448,-16.69203942535235,-36.65465854142784,3.116620585143898,-6.529683275347445,3.6545945939104545,-4.3429578281108485,20.66949584575519,10.586336844308605,-11.032724738640228,-8.446075093949755,5.399074557309828,6.875756604870617,-4.780257503535646,-4.630859461980769,-3.3962508039853705,-10.575043820634042,-9.746090315498705,12.081421173330266,12.52271874202085,-1.5765052629217415,0.568767467993728,12.774755259347515,-6.748726301750498,5.346008370449051,2.6649960990425043,-0.7927909598116105,13.367370879477747,9.522848143872936,3.915832101394257,5.6989921824327014,9.925866136855069,0.8937258179960601,-0.023783108523382883,-0.36048678786817684,-0.05847235992926878,0.039137778415625636,0.31152094964054566,0.27753748033380543,0.5851633708257156,0.19820674859337642,-0.3376956845087639,0.03898134025309834,0.5201491624103092,0.049433300816300145,0.13257636715039403,-0.0380196605834741,-0.16274248968003244,-0.5875738545690313,0.40779651047756843,-0.07199058840063718,0.034970180118255756,-0.3338283845637698,-0.14149465879440062,0.38085428991328135,-0.6136802104011309,-0.23054088358551902,0.1513332058222989,-0.2651133247103423,0.4133344492045459,0.32340004861562627,-0.16809267329516464,-0.3237558133108768,-0.2871224095267719,-0.5280951861197639,-0.12112087555571711,-0.2570206160031143,0.14588321760342196,-0.16653231473771896,-0.18770665188541952,-0.039373862260502414,0.2548861598820238,-0.05498900022953454,-0.0966269545952982,-0.18916740398684684,-0.6711291803544126,0.08931716801545858,-0.002635351270923243,-0.0060861950886851165
20.970936916594084,-31.01633754487634,-2.718552647372646,-0.35837412155816323,-24.3519787464508,16.32771225317602,0.2519430721559862,-8.718360063373364,14.296266234657997,12.408388852879689,-9.168785211409936,-21.130054623827874,7.034476098511199,-7.86038861492206,1.146816513106901,-6.9185510886261214,-9.62025021725909,-7.994812500507925,18.107655363492533,4.721893906317038,-3.4753768131907345,-12.812686579177997,-2.2939292884988625,3.902573477320893,-0.6830678436078672,14.919219679843836,-11.125624330263003,-9.385787840301147,8.419796473017625,-8.30077367147701,-1.1328551289663369,1.080453559508774,-0.7213527684930578,-7.271692264938577,-7.736239554061128,-0.959016203866581,-10.940705298171583,-4.322437875562153,6.850306386461825,-2.3143616678232832,23.97764828920802,-0.7024937595196373,1.2801053568201315,-13.696098694151074,-4.093814067811084,-0.01731043206322952,-0.09140498369519241,0.4956896178403624,0.4461987823188988,-0.2055898423397072,0.21283294076694448,0.5602892419450316,-0.49771309896495547,-0.24463513316493124,-0.1517056761435464,0.0217930423436986,-0.20038526910049695,0.22352729042962882,-0.0759049323642215,0.1896964721723752,0.41208925756610987,0.285179751499397,0.0686032265878245,0.27296160461536995,-0.554911274249939,-0.11423512857261094,-0.31258012643976324,-0.08021538899448229,-0.03888110053756027,-0.38145681272597215,0.169462513491126,-0.31515950422272304,-0.37415804490163407,-0.2172676313351803,-0.04949505119220347,-0.05750720093188466,0.055666388861142495,0.2409016404155657,-0.24720606469834613,-0.24658815081119434,-0.13441832020248787,0.2995416261621067,-0.3013974661481184,0.12031487527922202,0.45409451148218893,0.22328329688190363,-0.09259979518510685,-0.081076479468868,-0.10855512233352188,-0.3514385994702875,0.29014627367523577
20.159669674356294,-32.53775222503484,-1.5183943117091736,1.9385656941154017,-4.187107791000874,-10.82737490044248,13.331721019095157,-2.712114881206925,16.324369005609835,3.444283871240675,4.7969909764634195,-5.293840580318941,24.869044998591622,13.93839541042851,-4.919094464122697,2.2677124801000774,-4.438391692546591,8.985030132749277,-12.319272864902674,11.84969902996366,-3.127864566312534,-7.331827834587431,-6.270350515018274,-21.35137661924995,-9.874068033407713,-19.871326520357854,8.569024205322377,18.97749164838123,-4.654311446208075,5.903810892175057,12.05228980512781,-15.653670180865019,-2.8261086815892904,-5.062493333915363,-11.941525610451409,7.188721766127702,-14.020053692334763,1.6299414093135811,-2.6424312053117935,3.133665326954595,3.5027207539093705,3.067025068928925,3.5708154328961346,-3.2604772554723476,-1.755841841162,0.09512430484917926,-0.7253257006614997,0.20408632332643187,0.22172821886271085,-0.5129631336307904,-0.7883388405219143,-0.07987255715643797,0.15237111590688518,-0.5327518794761876,0.5729839866542374,-0.32548080433862986,-0.6247793697015432,0.30288717071019444,0.15499559463930845,0.2918100051402339,0.5586950308163138,-0.07607286960833995,0.3621645428914772,-0.051535573151719555,-0.13631947499778757,-0.20595396650696848,-0.25577349769471397,-0.08526519886374435,-0.15822562093972817,0.2524094904911269,-0.30909171965052906,0.6544337031564222,-0.2057466194119048,-0.11097788178091561,-0.37127041447640574,-0.4864623676794693,0.17631637616636536,0.18598679870604237,0.10949853384108928,0.06793253570323154,-0.1671805620216152,0.15493267972958652,0.4751794693048681,-0.4905783477450818,0.5692755023069871,0.4156470469349261,0.44774774236174647,0.3231528245748012,-0.41896048559808496,-0.022079851371838755,0.003826644735234247
20.89729469705298,-27.74121857986729,-2.777245279476756,0.8257370747939303,-0.49471045525636625,-4.757919283028783,2.8288056719007635,3.865573441250176,-3.839806054929147,-3.482360026631132,10.036127937715433,-1.296413038239768,12.170207163914665,-18.33655498652608,-19.974360177018333,18.932478074297567,-10.357938660492648,-15.175534278973727,-12.014063488071555,-29.4283321299426,-4.310633113892207,-6.474219228642061,7.67566204869285,13.611144340375612,2.162283491417003,-0.1328410481123207,-3.443400713955357,4.221022763975658,19.294210056446108,-2.227887817449555,8.684068385187805,-3.772372752752461,-5.374582641136102,-5.552525241513122,3.8534545400912283,-3.2115464583962763,-9.543162594824501,-1.429178198215453,-6.54317613476432,1.9479909089415337,-15.995084801279974,0.08328445093178201,-1.9029771525876307,-15.129286055875685,0.570954556003338,0.33601404811150826,-0.0406322666919026,0.4536397507574077,-0.3003245720943326,-0.07781152072666261,-0.2375365475052073,0.19935803545917247,-0.3176927356605068,-0.4996383548458961,0.0744826799109269,-0.39092991626410845,-0.09569092691036625,0.08618992529920251,0.05155005008097562,0.8728695015344176,0.25538364765723215,-0.2697013165045425,-0.04601434547200692,-0.4138991205158074,-0.003993083352884587,-0.04488533690478658,-0.4446544312532437,0.342705989620939,-0.2919247982230008,0.170580421552877,-0.013095059989873035,-0.06324030353544988,-0.1476410238499493,-0.43256136420002633,-0.25690508456733785,-0.19554146872662692,0.0830819040375054,-0.24091344088631383,-0.16760185055020216,0.28381386876391423,0.12571348051695488,0.09383868764209195,-0.584463648129549,-0.1761154020188268,-0.16934578634050962,0.200268208334251,0.3620896016919813,-0.6043640755116583,0.5419569695109977,0.2176143478819424,-0.2636002474868417
21.150523905657895,-30.661270850267762,-3.1399489403658003,1.1485423454807047,13.472044346045008,-0.49871459762292236,-17.346023878063168,-16.857139392633403,-0.5285467710989874,8.151025348367545,9.706336860214867,24.48589123944792,-8.698937921526339,2.2019594171143173,17.739052950363337,4.975971891993515,-3.278798666495651,-3.9061161837771676,-11.941621473794157,4.2038217658824015,-17.82703207702966,-11.545255778994042,-20.921453338222246,5.085906751715616,-11.648081431853527,14.273527904711763,-14.708738077253246,12.615604170738923,-6.949208943063183,-0.4327852076823522,-1.305487689903397,9.125617292820051,-4.077489017557481,-4.178413503458539,0.39118681100896174,8.392122498021314,-0.18157507017176172,-11.075336650166134,-13.92461590889056,2.1192562319299095,1.0323893175660785,1.615523903799886,5.629620643451695,-6.59611612658749,-4.714891924458704,1.045642625807412,0.12720514616606565,0.9784371432327545,0.22023929325561992,-0.25038598234166254,0.04558801975899691,1.2382639610624866,0.07717542722198778,0.11451144639716876,0.6465305208855349,-0.9183620892038697,0.5493809851166283,-0.16655662283794692,-0.04342329258529191,-0.3621984421706768,-0.37249257582053025,-0.2903899454174686,0.0008622328952003876,-0.04737998398681869,-0.1164369917480932,0.07896276833177727,-0.031301908858838025,0.04764121692314196,-0.4948307462327466,-0.2858984847954799,-0.20934872022450032,0.15615102519255436,-0.15824642250511084,-0.02939079222242688,0.06298949866566832,-0.13925977662426892,0.05122338152232402,0.01869379987201659,0.2187559716548869,-0.16803612550842442,-0.011450550578340647,0.2031460804927693,0.0910504203212412,-0.10682059307440374,-0.27954352771826074,0.37427078082001175,0.17999438487143088,-0.4393386754192681,-0.10134736401029662,0.4262995971230304,0.11918264622127263
19.952227760970104,-30.158516062598785,-3.4230122966493757,1.3460222982554897,6.886084958012599,5.439918001129797,15.644682995652774,-24.02579849121072,8.94233120360207,-18.571404177245636,2.7639387297220073,-8.973524450752933,-2.492254584354707,-0.5604965821216941,-5.929798336248966,-23.63329257537393,-0.294779563022527,-3.697643542927546,0.007160287444999211,5.489814412847982,-10.134980803784748,15.528526935454412,3.3501176085110647,4.67493139160865,4.566190134435038,12.810821016964988,-1.7013279190143498,14.61601700168939,1.0800921733580588,8.96334653592699,5.661496233792599,-5.956089808837692,-14.030285110995353,-6.543167538383325,11.20305827500596,-6.792157889472286,15.820508546596505,17.74247854450462,-7.6286055401279755,6.238037082075116,2.2301682178614164,4.793678326886595,-12.681706344908383,-3.028621787965887,-3.774473459876942,0.9799558574411231,0.4186400246390144,0.5409350042992266,0.21729245991346866,0.34724039762356573,0.1869560957011435,-0.12942352387012124,-0.37642345408161415,-0.3077113567870061,-0.06879792519863154,0.08209969799423422,-0.0030724896251993934,0.44088078179414814,-0.4993785479317255,-0.6010657177827685,-0.5734666235577247,0.16636548491853187,-0.17240464540862124,-0.08278928265661471,0.5759323121749015,0.39193329582386777,0.3241061562272396,0.1663300889185845,0.6046233926451074,0.30210608204904355,0.014686397149988772,-0.27780981480515304,-0.1371840729931961,-0.127926684380134,-0.21345054231024294,0.13864385599104254,-0.022297624448462356,-0.47429495796748394,-0.13143971441512992,0.05203458943562774,-0.1267201370498657,-0.22641311537077224,-0.05706848072652169,0.19404317325395756,-0.5025117377959496,0.17436153631162332,0.061909073322322865,-0.09834367795467565,-0.1823394623490178,0.34459923735140624,0.055929312751762925
23.07428914040295,-28.37548112727173,-7.339585496670965,0.23754554386971677,20.29255368262497,13.900408006754573,-1.0328954799695331,-14.57794497308784,-5.735693255240033,-7.802889414959129,-23.90985762338762,0.7900805864121642,0.7991212541779851,6.487133933370297,4.8863572728513835,0.20273137828694082,-10.550933852905132,-6.2775735827194685,5.049650314916917,8.721561676014387,21.866158046088945,-8.48225504599182,-10.135374199178598,3.8995548977475716,9.468811787976914,0.36277686727878733,-6.203261421130791,-8.758841078135465,6.040220426327891,-6.762670825801424,-0.8773289326569202,-21.843949625977057,-13.478451908263358,3.0462731009405895,-5.3866870473688095,-6.165457355041006,-9.800069232259407,0.07242736378319836,-4.199578134646481,2.265558392272117,-16.579317784413966,8.253997771014244,13.194434280907178,11.070887258086294,1.6889123538515742,-0.5178012244334372,-0.1992327757846805,-0.45792461800402323,-0.13951685360107535,-0.1630816882433048,-0.2252881502222956,0.16216069605843605,0.20578799684951193,-0.08181091198212848,-0.06877622304603394,0.2879954508517592,0.36954831029288576,0.15310982075415241,0.027950875618192855,0.6135424657569557,-0.021364136118009396,0.035643421589640796,0.08581883950445278,0.047672391225594475,0.22982936666571388,0.5043087995895694,0.3218971797251917,-0.18162124545130112,-0.2260573623315585,0.3218744679938803,-0.11469269186361668,0.13401484220261287,-0.11271020689608056,0.3833583472438594,0.21162579922119773,-0.05005437987819695,0.15154947629522533,-0.5956856305668143,-0.22077624542955804,-0.3017382663193297,0.5010875805136875,-0.1241697245864678,0.501564829615997,-0.28163409247672144,-0.06380729667017634,-0.06721232760738165,-0.6324363296100491,-0.13043087688195965,-0.07465007325118606,0.24314886233501137,0.04198606287180982
23.379433892027162,-26.55565147223293,-4.522451289124232,-1.4706179168653917,-10.409507985842234,4.456274098974113,13.47589281211066,6.673860489149231,0.33734612130668434,-16.8252015687918,5.466897347064024,10.1969995824265,-5.444105043420721,-2.7026322346211615,4.0996983418347535,-9.755947896274453,-17.348058877745824,6.104827281146432,13.084647278743324,-24.002895254590722,22.496253255750297,-7.789017100748059,-8.773006392018258,1.432943946415666,-6.721512456959294,-13.318662471090718,1.9396745615445903,2.5807731505376963,-15.910978526616672,9.482750572327753,-7.42869283419952,-2.1963737457211367,3.5703874567885454,-10.765046144803842,1.3803097301366132,-2.489563720325435,16.94861948204277,-11.31782195335163,-4.299909207697334,-8.924033027873165,4.902766089516598,9.466422604343984,6.611440349683355,-7.827787313193045,-8.070841267197835,0.519116159890445,-1.001067885431456,0.4736168172662811,0.05383096937722462,-0.3228492808623979,-0.647415911192468,-0.38832646255554565,-0.7605326193760582,0.795493820247025,-0.2515333305386904,0.8098133293959979,0.41501678911985546,-0.19125832302708187,-0.16331316624096667,-0.2560120428030393,0.44262660129866704,0.09095681522648667,0.04527011574052537,-0.2013699526035775,-0.11819817241419175,0.4404439309160792,0.27224260176903015,-0.2850238862459763,-0.0505421135595215,-0.28118551504806655,0.24677642081829076,-0.30619206739289645,-0.04987828675062662,-0.22518476388391948,-0.06441444083389805,0.11955840768758783,-0.39344455748108026,0.2646438216424987,0.24906450582972375,0.46826957053613966,0.36840797344393583,0.015018309268574245,-0.22010481803453708,-0.003122925540607947,-0.008365608315030382,0.3122701239903644,0.2621201646739814,-0.2616697214285463,0.5340734385014184,0.13144875738994172,0.03225217597808729
21.75282321115005,-29.893817204863513,-3.797821151901679,0.644072324843807,7.879330619703953,-13.895925166150448,1.294507817927576,-9.951499772763894,14.73106969825059,-5.206914927944066,1.1704748197231456,4.025545480848221,20.41235246312993,-7.160747210209046,8.230515229108187,-4.2114484250065285,6.866691843326552,12.731185306831714,9.045051202651408,15.871201737138922,1.255043285055872,-9.098646201576571,14.389166495627117,6.694836110765632,17.661032090441314,-9.106197798149772,-11.690186500562822,0.9673175519239787,11.249870468441026,3.05944506697124,-3.5202280541165303,14.194138349415413,13.597238105484202,19.264066893953917,-1.6015175248751232,1.6748424910552648,9.877933722995351,-6.0991290969704846,2.3081045334214325,-7.346742544462138,-12.836191068291866,6.738149442637901,2.130051934938366,-11.07685346234836,-10.465471754869053,-0.11800027441132056,-0.6928294371455158,-0.3153426359607493,-0.27332889758826745,-0.2355727932274861,-0.12115156406287829,-0.45384160837593734,-0.3535695072929021,0.03206082484267041,-0.2699010530022007,-0.16963939973903425,0.314743939171659,-0.1582192075008694,-0.6875199401382888,-0.35212516383547793,0.18870289508077073,-0.023604021380474897,-0.24536993288763062,-0.33872383781531373,0.08943979182533557,0.3067091090771796,-0.06951131466825747,0.10285867609410793,-0.551489715731099,0.10795885651419614,0.34146780941497534,-0.06065043104591853,-0.41762073213951834,0.4725146933271772,-0.0074682522546635505,0.5344061927486218,0.0911225408384449,0.20887248130715014,0.3831892009209141,0.08856646421127107,-0.24508794130268918,-0.13839687058962352,-0.09612272489325722,0.12527586058600304,0.26076670543609093,0.07430336462838681,0.5302405214118426,-0.11816340025714948,0.15123317787179397,0.30808025544862944,-0.19509444843347104
22.67257654942137,-33.16581577615721,-6.167915197035809,-3.8379339347190773,-9.566051092549559,-3.3284779840181242,13.342909152047172,-13.455798115349651,11.929965762361494,3.09273438530233,-7.382242191637079,13.97642770983092,0.19923558033845343,-28.94069184742897,3.0822414900955746,1.6904704599794003,22.59401769520458,-15.077259252334473,-3.4983056980601495,-13.605041565807435,-4.0797573905609745,11.115318401511125,-11.673096007089518,-2.4890429911962055,-12.402410870876276,-3.4126065461818995,11.673381002396491,-3.7041606802769333,0.6934217345972907,-3.8988823063370264,-13.05225608204337,-9.141572149735904,0.04469457886323511,23.87146766060028,-2.640235736945059,5.660078434498401,-1.5224683570917144,4.840743245667898,4.83983999045502,0.7092431338370299,5.9658334869107215,7.568808969351715,4.111489445960854,8.305347377558022,-3.70773670989917,-0.3392377408999233,-0.10497994471822276,-0.6881249113569283,-0.19686573234750168,-0.16926046420729912,0.15937821830176227,0.05167468413828993,-0.33047893295994213,-0.9055803494694707,-0.455861627023695,-0.5258482731424211,0.11806729953594995,0.1590348064497876,0.1703359836837521,-0.24167251025267777,-0.29799538749432763,-0.0822743341813368,-0.05943373907445137,0.4570122325089829,-0.21876970321753175,-0.5146356451651132,-0.18550735201361948,-0.06464933154973757,0.01088976352868323,0.09360457487775589,-0.2331534114263924,0.48605823141727383,-0.014995729431375263,-0.10626367370960858,0.4137549392593959,0.07242506087129556,0.04110487787587116,-0.33448041912496784,-0.19086126675225912,0.09489873632214356,0.38819269535735124,0.06523592686174984,0.25463792831194815,-0.1923928016626182,-0.028111241425493247,-0.23824564128677797,0.0872988582849268,0.42939458377325584,0.12414937099360944,-0.26806276741608837,-0.3135617790608436
20.79849278339688,-27.793834835178448,-4.166059173424037,1.9165237519077312,9.384510935746789,3.091868210583673,30.846768373451866,14.627002269315104,-0.7747487945844589,3.1159272041410135,0.1041973911170407,14.687110442187258,12.405268463082677,20.743542919222975,-7.861686652262915,4.32490205011911,5.00796588742287,-8.125118229186914,16.483315155883705,1.4116478921924263,-25.59099398451696,-2.99439988778677,9.06599344438211,3.952149059994688,-0.4592309064386307,4.613121299853852,-1.0391937953435821,1.2723716458916747,-2.6332500573550894,-10.525765776629948,-17.73188614481287,1.4219952414615953,-2.5857474653980064,-12.558463163019452,13.30359773136295,-1.890983450637676,-2.3280533607355753,-2.47436739093201,8.770200338738686,-7.080683071839425,-2.9359828321639707,0.7700380351376531,11.731113672879461,10.16999871512974,-1.4942077345537506,-0.015927095859254004,-0.7155305102578026,-0.11132502154884302,-0.4297355524024412,0.14472283065965627,-0.22461265212834988,0.4559640582690774,0.46393084239366783,0.21468121770649626,-0.41553420178516737,0.4675638761640623,0.041785012461186995,-0.34570707560916136,0.7129795354608831,-0.22876945993507755,-0.28783250004861427,0.32532735595075624,-0.2900856405327428,0.05171461696886863,0.5516729581939604,-0.580813148402625,0.536450932965139,-0.3200812403400931,-0.4245464539428936,-0.08157066066923287,0.043673262822943607,0.04334314849672801,-0.2049576680657445,-0.13275701709054066,0.3797748808657696,-0.3200665621073416,0.0788258858427201,0.050775751198599665,0.20593570396522906,0.05091376970022606,-0.36049870526982464,0.11885079233005653,0.2666882320114966,0.051410986094179476,-0.058482263532938894,0.1500096644048564,-0.04441773065461392,0.05928818234835533,0.03569225296890521,-0.55759555387222,0.3881661737230149
20.643029751421505,-28.191011863534314,-4.444503914045318,4.795010395071677,9.351503448469199,1.69906920163697,9.422851357151892,-6.506120027133592,12.806935111823998,-6.854547263631106,13.6069289746634,-26.023680378090454,-18.796608295751874,-11.538768946027155,7.669463873803305,20.741780271735838,15.510791138767182,7.509320100141152,3.168827577297048,3.9607699260599225,0.5664587565267706,-20.351222857921798,9.220668095921782,9.856096814006,-5.486527247249306,0.10678591948947823,5.669091554489973,-3.292181835585575,-4.783808458008428,1.579529792432755,8.097227276296406,-6.997092699285855,-3.900388465800431,-5.559721599621236,2.961510721831945,10.830060362050942,3.648819234175253,-7.764413111500411,-7.077064012126029,-16.13618886055769,-0.2920369848852533,-9.785944989114062,-4.352025471485067,16.723486571297176,1.4028244703944104,-0.7607266776885919,0.36325077449375864,0.3369508240795446,-1.0458125176920643,-0.1590668586817261,0.10376979423977405,-0.3944119113730192,0.33631142399128755,0.3611717630881596,-0.1941615625217448,0.6849270895798143,-0.35560613055732204,-0.2866831252216854,0.07561985238043699,0.3166655762488927,0.581507273266188,-0.7892669536216227,-0.06344967312419703,-0.39056827525468324,0.10123594812633357,-0.05298317936538486,0.3745654026774188,0.10576285880088253,0.03915302673899845,-0.06821755230650858,-0.08422475778363067,-0.18024235592242605,0.21843288775840752,-0.2923317464647121,0.207377703092502,0.19597437552467317,-0.07989507147135844,-0.1386480898735259,-0.07203969637994281,0.09992920237906601,0.2633512346626151,0.14718373786143366,0.13999285411206444,-0.06475470700859931,0.2289319654253296,0.14234290289186333,0.15377726406202974,0.08379054700678723,-0.006105740546497376,-0.17768416752763533,-0.4023426890990197
20.460187506614442,-30.655720381114286,-5.661041003244523,5.544524627684967,-9.418493358663882,-8.19222368447735,-1.4108840294511429,-7.189399596481803,-20.194147211120743,9.339242385393394,12.2938550872413,5.668499779261979,2.9037668964936603,1.2715245195139235,3.9359730983408356,14.820348325228856,-0.36425104244858186,-1.764345186522136,18.986401231140587,9.277765194326733,-6.864864614524839,1.788573653640177,-25.44750477758473,-2.235229966527939,17.535173457256207,-8.82367343307628,21.182026125436906,-8.608111968874136,9.095923339542809,-0.6563530893924117,-0.9540706552199303,-0.8633153199273832,-12.16234566519004,-7.276712425498934,-8.883636401360663,-5.43194084918625,11.54944097917263,-1.3119492927756768,4.514294770431098,-0.683431538112214,-4.310994651178861,-5.214714455060559,-18.219540440351395,-2.563966031052176,-6.369788457552079,0.3156296306302836,-0.18011513525702771,0.2761371424202794,0.09094622722278815,-0.3221263505496811,-0.05939458844503733,-0.8863488635589147,0.7612503248723739,0.07668383790486999,-0.0793301934333408,1.0120236037658716,-1.0291503690595756,-0.27580038595619744,-0.7521308113336851,-0.19851068034691366,0.42879720953155054,-0.5735221615235488,0.19314657919820707,0.24869191219184159,0.05975265230376706,0.19310263761892113,0.437030426951621,0.35114975246690583,0.1334754980656648,0.23869861238917772,0.1656742604777797,-0.5162649789861058,-0.17457774854553046,-0.06389091179086481,0.09284298448738756,0.1231976591362615,-0.30435561139855094,0.2305980593352717,-0.203057611394444,-0.1336598803172558,-0.17172488385266446,-0.2974286877967845,-0.20571367970503862,0.021089419848012932,0.07334233006737112,0.20267458444859726,-0.14835248321366445,-0.015384063902975663,-0.2588272888423441,0.11700324424383741,0.08975063501158065
21.710759415605754,-29.418653368869478,-5.3706182049187055,-4.158930923281594,11.847204966677959,5.6264323191718955,0.6189202552398515,0.6048448756274122,6.837197138459593,10.87754187299973,-25.57306754911362,9.293076968957099,-5.271526384303342,0.004199788743920652,10.424408665032741,-7.732201100177993,-6.9281740293816165,-12.209918232914774,-7.501876962305912,-2.162258643817544,-8.1422554345268,-3.919151706529982,13.7401589801791,-14.694810431106193,-5.028022480151259,-23.97687707286755,5.60770781460365,-20.489138438979538,7.134766357292522,11.55858241811884,10.116699637280558,13.68119804001525,-15.88762328008605,-1.715229532005434,12.835142462989275,1.120080166366356,5.500425112694333,-3.7572065697471415,-5.169349663111758,-4.359115106252272,4.682432093976993,-8.575286077940694,-4.014504017667327,-6.058724574046453,5.32061034800254,0.04287817194660616,1.1022598079065375,0.7076755861601193,0.1645392029299823,0.5779590067753876,-0.12589625995855733,-0.38460558026162855,0.016317168615605903,-0.10206205847836913,0.4129244770528665,-0.15629156450148976,-0.201050263913161,-0.012458117297362068,0.20354833577887532,0.18772261129437773,0.2540855014465374,0.2311066984445116,-0.15866017528130388,-0.03311721048260719,-0.3502507073188406,-0.04210435460534186,0.17254448908915415,0.3922468898543493,-0.051285931861146786,0.07634211701959416,0.20860024173267686,0.046229730445211226,0.014884188567135546,-0.2774437219245928,-0.21772710348871102,0.2365109313135038,-0.10028258708437057,0.32332258072599707,-0.16846624854448863,0.09896504121840889,0.07693763744945953,0.22399644122494058,-0.1856950268939918,-0.4420046499438037,-0.1347619062635521,-0.009838870432977882,-0.5135013076931193,0.07731777184945267,0.2319666320714596,0.06351608633497259,-0.16570275606758036
23.045043200483345,-29.743035907849283,-5.248374881978552,3.770326775975553,-6.81213231586181,-22.720144885337753,-3.089979812713118,-2.040638751442915,-4.71964187634743,-14.93038998792244,-14.104345792370339,-3.6591193379953055,7.56638434181106,-5.189994642591168,10.593021987095979,16.652155013259605,-3.373354126015334,15.83344889130658,-1.8090655006040983,2.88884379862577,4.526828752413407,25.07663215706738,-0.5817809973915193,-0.7580060047728601,-5.410921609914679,1.8548403202623391,-17.800196689117186,-0.8547196090860417,-10.632566277524814,-6.695951484668004,-1.0533508542855374,-8.560992478321277,-12.87310503276425,-1.7117334152361305,19.730529877586978,1.4003713945697578,-4.245311495001113,-14.449841961216125,15.974546537643024,1.2805862456750179,3.000737726832496,-10.756363632504593,-4.203870337488955,-6.241505386720462,1.2662028299830679,-0.036810950595397116,0.34706787322436705,-0.11741564438443419,-0.12288551383074328,0.5815946525749074,0.1429113974476159,-0.039582354074392166,-0.32998556937275675,0.1041626674916818,-1.2394958512860309e-05,0.3500315661020471,0.10216944228060465,-0.5583311847146718,0.03028742816925861,0.030802756501833794,0.04537081809926874,0.18429327562026387,-0.011571916332201294,-0.058678350378623276,-0.5913486175220146,0.13312317826775147,-0.4416568209884516,-0.1317287261888812,0.21001654268944037,0.00028973687925383046,0.27011898612465063,0.06589124185183812,0.0588140659603709,-0.299606046590364,-0.5885519797792108,-0.19287343211577443,0.030488185364524353,-0.09235369437575651,0.2876754357475275,-0.05525371145447566,-0.30842815569758575,0.06623945306763122,0.002353955728738457,0.21909609667503774,0.16958134847253628,0.15988148459715984,0.314527652418981,-0.040719329409476576,-0.05851420734419744,0.0467693264251921,0.12915647546158648
19.915471804143433,-30.718807443686337,-1.8576959358150804,-1.0967625460244768,21.43014034453964,-12.852385644780435,-5.501976051465591,7.229350448114597,-5.347200393151867,-8.792753470373636,-8.351140075477652,-10.43803027226159,0.9752043454102944,5.597178959236838,-5.685402267874122,-8.348838135972938,-11.664247253712375,-8.019054932680891,-7.2139927138040445,-14.245524736172326,-17.626458750542376,-2.99023683917721,-3.8697740032041437,1.8269564680728372,19.922641933466902,5.322438542496579,3.8704926873912173,-2.994269989084297,-5.2499688315936375,10.985485869619188,5.688940126531912,-9.342824288176255,15.433940767217656,11.031473860194959,-5.333813131930915,-0.7526873097712945,-1.227442307363283,-20.733978803154695,5.201399602913412,6.703327512058806,17.133073145022315,1.482317378366539,-7.495418729349715,13.409039120622484,-7.3307587051808225,0.9365957322083879,0.11333729087951659,-0.38009023026479183,-0.19716293506115873,0.5680941928138902,0.10971891326154753,-0.03676209349654552,0.5201736948969042,-0.14830954322285644,-0.14748224789596034,0.02078593414399074,0.08288823327890506,-0.5023505387021966,0.18959750461809444,0.30150716924970633,-0.05129132173202923,-0.06530314434158412,-0.29350765635071735,0.24968492783669122,-0.14102390994974387,0.4040176120975394,-0.25441644018097687,-0.005602516901265072,0.5271703112986601,0.26229067817743457,-0.19725619294804816,0.15438899724003113,0.5780036934738512,0.05901443754773209,0.4890280560862058,0.08130966681642608,0.17946092936652075,-0.2266829944602024,0.16757069693135176,-0.2993629355546378,-0.4638253311334553,0.14090351222040617,0.10887545930335364,-0.0029471446317135127,0.16760740573426572,0.01677789263980974,0.020451956443160713,0.23482448136576783,0.20300913228885986,0.06330113274056336,-0.14072121293694762
-13.323064545168823,0.15010033410621415,8.162761160859086,-7.065683890366088,-1.9807934074485498,1.3764031224545465,-2.137435300034629,-2.3787929272088255,4.367837314936029,-2.6667219126163313,0.05516211921691165,-0.6301268454350437,0.5693841769489314,4.024016424387851,-1.3933947917462655,2.112742025017867,0.3563347432983123,-3.543306523416258,-0.5319338593941301,-0.6186264557047587,-0.3238649236386893,0.008152387839147977,-0.7367743456109509,2.4818204445000442,-0.5775007295350593,-3.5882410129025373,-0.8112670478541285,-0.7226151258079848,-1.405240680181609,-0.4465162739379577,-0.17139896072102048,0.15797330066831353,-0.3169174288850788,0.7524261454315807,0.21611283659133945,-0.9301398445791846,1.1586831703975229,-0.39360175578396756,-0.9708808881030107,0.5321206851513748,-0.04390842769533548,-0.3247828180528685,-1.473815644774281,0.03669651991126466,1.7455591363033784,0.20375974029677169,0.709948902630736,0.3652601689017568,1.206099988319371,-0.30049457291597315,-1.6254198369108364,-0.9734684357369584,-0.8228801376335813,1.8726759992087365,-0.6762324072646678,-0.42911043939971716,-0.33010767497621046,-0.04654112130242938,-1.4912745406974897,-0.37712029898112764,0.33181877790016145,-1.6832567187101921,0.48970472728237247,3.0901199586100487,0.03560032142993872,-0.268067948951256,0.29443129087966685,0.6583055950420647,-1.2227490648940915,1.879165750503644,-0.4621901572629558,-1.1862025277178199,0.8732902243135156,-1.3873294862074796,0.20984424247942665,2.677394930425587,-1.365594481765047,1.7502021529330023,-1.9717376776735243,1.7398593592099,-0.3687629256660555,0.2559711269973848,0.31081598278571965,-0.00536370099641475,0.5602292223781381,1.022850931390505,-4.946022966122216,-3.8179194080997902,-3.249944275960453,-5.06052874041021,0.5497424459917084
-12.800858744992333,0.45761541582345727,10.22069290563389,-6.202018488232088,-2.4369361859388468,0.9113504360444898,-1.4330199781690192,-1.394461880494515,3.2119164968257037,-0.782065170348138,0.3555658907984011,0.28594130982705696,0.40655970463341967,2.8360154123170846,0.1248480253638719,2.22918822648721,0.7075742760103659,-2.6643924737449898,0.05871923105699654,-0.005427016008863461,0.309923189528147,0.27210114115457257,0.4982756865506113,2.1809399316074427,0.4381665092165698,-1.1240712659893484,0.1332613089308057,-0.6551937009780422,-1.0386189720833008,-0.27177468654271875,0.421456916206301,0.25378925377027084,0.3241727406180519,0.0315950806030636,0.05856043892169048,-0.8534911446614867,0.6296214741762958,0.5090526280390151,0.01829461982953242,-0.36431319187062655,0.8164805358147067,0.3230383174019827,-0.5429782184290928,-0.6999857882884849,1.309605920535195,0.5396120200355876,1.207162008829084,0.7501871708455315,0.7745970573534047,0.6623026694255333,1.8908047968492023,-1.1477970419817267,0.41435885155721824,-0.767795823214718,-0.22717813986114263,-0.7529167865746708,-0.9896336995286241,-0.6211318109586129,-0.8972537933390045,0.6584243330531798,1.0113934043014319,1.330539142297094,1.1849119668643648,-0.45058184396729895,0.9055503838285184,2.2219384817071464,0.7647728211839022,1.704591281317653,0.02724086562718597,2.1511565577044864,1.1383341975179952,0.7111903166090321,1.1744198237538772,2.427176598563731,-1.3398663547403378,-0.782489851723068,0.2490927890232043,-0.23317721017538115,-0.6398048640388788,-1.4839504839160147,-2.2756443471671246,-0.14909475023452987,2.5223143154867604,3.0637425806076193,-1.842987038490181,-3.8939629147206714,-0.26862575317678067,-0.23023888869987685,-1.4718156658481483,3.6270369675544374,4.928794131411884
-13.77619707125151,0.642812472553888,9.463131884268392,-6.492152315233203,-2.517767718499871,0.07923435318739305,-1.7438674186250551,-1.6566157998957727,2.6493098170637115,-2.6653464409943006,0.7471824868808382,-0.6784761046007909,1.3291020673652874,3.568577225221056,-0.670128442097645,2.3998811917600156,0.20764849181281766,-2.0405694559165832,0.133884384759173,-0.0650065909044983,0.5731869016364916,0.3583475393804575,-0.6308037661408119,1.8963773691248562,0.7654177556913284,-1.5635705604485823,-0.655331080269091,-1.0467724712036337,-1.6169770553167278,-0.38314887366448663,0.3101750093601834,0.9280800225587507,0.25261418266284674,0.9834345423029756,-0.4474773072051055,-1.7572819716393733,1.1201604414134365,-0.46814731518226727,-0.14243040932335058,-0.7156858374866002,0.668207749529432,0.043084022759027944,-0.36872164217206355,0.1523190339304602,2.574512449819306,-0.5142675662137068,-1.5529316562218,0.7466113856468546,-0.4320910259818252,0.40800837000960816,0.6804534794666907,-1.7133254563937799,1.1036127594812124,0.9063401176556906,1.1589806174469863,0.7075476168194831,-0.5115864155509031,-2.0377280216189995,0.598347400729747,0.1954817727250593,-1.6219187815892677,-2.7972872235864696,0.4061542184350488,0.5478079686354262,-0.41749291947015676,-1.6827688615795104,-0.1424919215308415,-2.0285453884834106,1.290013983612416,0.3007103664581481,0.43724353873725835,0.48487830795261183,-0.29076650116810177,-2.16041360411596,1.5269876843842898,-0.1759689005584743,-2.5683630573992526,0.11189998861029936,0.5275241759533332,0.48893921349253644,-2.0145872563486167,2.4405295279725094,0.783678676566655,-2.081272676293965,-0.5764242190898843,-4.01355916560159,-0.32813146344439004,0.7344000314269217,-2.767248787631703,0.701778521503999,-0.012469107629750183
-13.756661339707083,0.04293379008438825,8.836572861537,-6.267682819223175,-2.2102273899200195,0.5225989249607927,-2.0450540403787114,-1.6843196381253267,2.348606068016986,-2.122182446541084,0.06762508842125217,0.20501299285534394,0.7308041178103927,3.1815833883601505,-0.30375609807156484,2.2889697246349683,0.24555913825568923,-3.0527957780252897,-0.042218493252457266,0.27571979252846485,-0.5858147616474547,0.27193556912579847,-0.9467272368739776,1.7830088781348872,0.3709646219079479,-1.109669006252899,0.08943361627089033,-1.0084473977452348,-1.5317990771359067,-0.034812539281305954,1.1136232769632861,-0.38062821838169286,0.2330045306089167,1.168810526995141,-0.39278079634434854,-0.668024651799652,1.335544652772872,-0.20903572818751084,-0.15611762887516611,-0.27055512594366815,-0.7880211053740147,0.22720274204148638,-0.05873106172703747,-0.6906843201235923,2.4350372214690448,-1.082895265082412,-0.6035768256584572,0.5432403228423095,0.20883090633889856,0.6859696240731095,0.8314601796313887,-1.0566490201309482,-1.7733898870866236,-0.8336194332892333,-0.12918978666387843,2.2364691152544776,-0.6819135736309847,0.7452511345997287,0.7464964262129797,-0.1732268570627409,1.4722817182336887,0.004913600729245178,0.5120409657458366,0.5227283575215153,-1.797582110301071,1.4781903414162227,-0.4053797020131352,1.2734018880144027,-1.4139351865454346,0.07185185092550035,2.0157638008013086,-1.836742338113118,0.06349810572952803,0.06627187857794027,-0.21417394741109086,-0.6789077664748326,-1.8698257895858776,1.2780291532141324,3.4074970591792457,1.2522297141306946,-3.0281174313677104,1.7457783814831855,0.33179215231970133,2.0253938600180748,-1.8144705627944975,-3.764877207771578,5.032113125413748,0.6860885528938878,3.3688733275760603,-4.751587228488805,-1.8143688712008155
-12.804701500873191,0.3690317649973507,10.135872426644662,-5.642599030290958,-1.7885274638939461,0.8015788724677205,-1.3995941245048533,-1.2034618690450947,2.433655523310526,-1.3358328154251353,-0.24568633747703503,0.6028830380658781,0.28233849742978295,3.1185499801689156,-0.8384137247517034,1.4674306934363026,0.4626823131346472,-1.5333711785467803,-0.575211865841013,-0.19212747333361635,-0.019742395331768053,0.9425106644296883,-0.5606286713654571,1.6765882964690715,0.13990297336504415,-1.04457847459596,0.13843011613439213,-0.7882486277892415,-0.8905692050093652,-0.1092141299405888,-0.36339004090782806,0.2522169380223839,1.0426834518061388,0.8992529429822866,-0.45241688307756617,-0.41487985857431225,0.7752281927922443,-0.03899115747544234,0.45670196616292824,-0.9101573068435754,0.05328027294634139,0.07717700766197444,-0.5750910382687607,-0.35521903120549925,2.8720268432832845,0.36399360016708354,-0.09371749777681722,-1.2357633548853313,-0.7138763554143133,1.8298003349673493,1.9914071542278773,0.5932063902389483,-0.892237814156206,2.2764313812592634,1.4538254092418545,-1.620542041861848,0.7005542978478702,0.12673939955575356,1.4255284762515001,-1.6670645527581673,1.7294287549067082,-1.0923840029476743,0.812762131171049,-0.5394388017700422,1.6133742861510167,-0.5519361363168439,1.1784822517090223,-0.0853167385673872,-2.244034050251476,-1.10558710495489,-1.0290958294981127,-0.04172884866339192,0.6559165952531101,3.408375086497805,2.0074807374916928,-1.125311236478128,1.2975376201270057,-1.1507949283870462,-0.5083609510169048,2.6212853759278123,0.4901494275950538,-1.0612343720513184,-0.35412310191990715,-1.7112400906272933,2.5070739242510203,0.06682988821097395,3.485430760982346,-1.781001522199401,0.7218910803163027,2.4802524276072297,1.7567907705887722
-12.99606285298137,0.48273361416831323,7.594625619456483,-5.918333837391429,-1.669207011896634,0.07797604726325998,-2.5572485689943063,-0.6096301381926216,2.216938987449909,-1.7619339738550124,-0.1364731825725685,0.8726579973587818,-0.08821902206776257,3.4398920196280938,-0.5097219802239583,1.0630984511576267,0.6114906920395106,-2.344221362294376,-0.18987613517699586,-0.5827744939128199,0.2344655377606644,0.52581267122117,-1.020722978427623,2.0244704548415466,0.5783277469364108,-0.7695363380298944,-0.5157749346474875,0.19689325344683525,-1.5786356824091572,-0.6408989097081865,0.4302707025408836,-0.5088602811415998,0.04712157076945051,-0.04045881535754642,-0.5797257532409938,-0.08044580852679385,1.1999994325535606,0.1395126268057958,0.15084095320570373,-0.300932832924629,-0.9069711369827546,0.19349666836757354,-0.3364113755392358,-0.24806236453034192,2.3142005046981726,0.5015462049992984,0.5257994022645743,-1.6090896456965877,-1.0836922929520463,1.3876981238609507,-0.4199703722412905,-0.07237996108067321,0.8460798610965745,1.0459565446193333,-0.9352672912732599,0.5244158178259182,1.3819034520828244,0.4749166738683782,0.02277850261595274,-0.647217677046392,1.2839546035827383,-0.6249315634643202,-1.6597738811839102,0.24684261209241623,-1.9445045113756811,-0.6705381633608178,-0.4692329542370431,0.6323650749924584,1.2642565299754984,-1.4073953131531909,-0.11544715000602054,2.2536917194421657,-1.9066081461528734,-1.5134702543433134,-3.1001219481597193,-0.2010039646562972,2.1630209722973692,-0.47588129864527035,-2.3181136659425245,-2.5328245190931216,0.766897294083603,-0.9272450905512325,4.636040069423151,-1.2210923717829452,0.3194107504677732,0.9856553164339045,1.8635718982450211,-0.7359942536654188,0.6003552563246672,-4.1095814893151426,-2.717367447316554
-13.682877370357597,0.8950823193856358,8.791579491701981,-6.21734467874465,-1.7615524268863847,-0.1350556955514403,-1.0049786772705533,-1.4078606296996394,3.0131823856944706,-1.366531941991414,0.49331882972821167,0.5892212105102381,0.325190791655049,3.5382410356572462,-0.32035722214784496,2.179258865111834,0.15673685097968007,-1.6602627913287622,0.36664491462419924,0.4720456542759443,-0.7865890897111745,-0.22892417539918164,-1.280572062721269,2.193651835820692,0.9782607828420484,-1.2410064197337543,-0.1736650139848415,-0.21034828347934786,-1.5477895889385216,0.23895459704012748,0.08407651530363336,-0.2267930463536525,0.5363933474462862,0.44730723354746554,-0.7029901053295063,-0.2736309984285188,1.4945358635690036,-0.12732098417884277,0.5679819079604632,-0.40944564834836217,0.41561780058146736,0.9528520037082889,-1.4439753221727347,0.26134316299725313,3.3363226083550988,0.024424735264389312,-0.04447723714150769,0.7390898936050027,-1.0644251125600102,1.5101220599235392,-0.7566548515270872,0.8427796363328802,0.08044346139830855,-0.47524860966207716,-1.0365754654778199,-0.168829899167704,-0.36208492419761645,-0.5096914623872265,0.5456021199623631,0.020500936719021517,0.6881451808534742,0.2762462078232843,0.4049586052771163,-2.2105670824319805,1.1345034489634702,1.3453270061378197,0.8948246583599022,-0.131825393262144,0.8192040394818367,0.825548353506698,-1.77912799266384,0.07452484153420015,1.6393468298619494,1.8846893653475594,-0.52505082301328,0.37241723635200197,0.5983314961385363,0.8258789307678351,1.715761091527171,-1.311130965799707,0.8801464102442368,0.11240649765823732,0.2875434803873209,0.611191479108025,-1.7692067277355967,0.5693373529123057,0.404117262964366,3.244647111197209,4.414383244912302,-1.500310893207982,-0.36390847486498346
-13.138677180674051,1.5728705754301544,8.368177600099862,-4.863825293016902,-2.554244610339405,0.258658920859562,-1.3910564309524216,-1.6453392625851095,3.6630536898524975,-2.01557339971346,0.09692161144950819,0.31080753818690077,0.8006737201806918,2.9048784017122466,-0.1477132741128082,2.3708709544421334,-0.5757952330970922,-2.5820641663527266,-0.492518127840671,0.11116866583500028,-1.0593312860851238,-0.08815339516245707,-0.3651614815063184,2.115085967783929,-0.5457684481181501,-1.278643380314543,-0.6769853934907872,-0.3184172801393985,-1.262118512904011,0.4692320332699471,0.7259073775729916,0.483715388539803,0.39042012464050835,0.9600488931475661,0.05626919433383641,-1.052638437145343,0.39590285526950114,0.3330708652378787,0.15343586097734552,-0.18334788723375714,0.23009312364715404,0.2310906006486481,-1.055249964382144,0.7975437854484302,1.28159836869722,-2.0211875495282565,-0.43905645569898044,-1.6279843872587878,-0.020285029462035767,0.8800448234657309,-0.6957643931491436,-0.10750098346712292,0.2437577659457815,-0.15335537983093456,0.4029171123690001,-0.94345524154377,-1.5634955847439274,-0.6063458767820944,-0.7009143971071202,2.221787022650645,0.13802265754541876,0.32396508853320777,-0.41347082637717314,0.9722236198896976,1.0067772275020972,0.1734659711395334,0.740154027556498,0.3074323801341466,0.419941612883418,-0.9904669063645848,0.7817280649154879,0.4271089578018534,0.9956485567617795,0.5056437028166898,-0.40482423778132426,-1.2728835643535015,-0.7747988609700774,0.09208118765923042,0.23883389099874977,1.6686832600845076,0.5515831738441423,1.189042770126372,-0.9975774697658976,0.3003871165672801,-1.5829922347996324,2.1364990081490562,1.9389316373597636,1.026764501680081,-0.011332900560795006,0.30500486958223205,3.652560258050342
-13.1792515509757,0.713830640778365,8.56130614858312,-5.591023026863068,-2.4257262442043235,0.5411416000301562,-1.659989434685777,-1.2000727928629618,2.370775985730084,-0.44060868441349926,-0.14680447275540484,0.14982581178876936,0.143834575746459,3.0061130616411362,-0.7894024576127165,2.1258684360427456,0.6213510524994529,-2.3090435959928284,-0.19323370610011625,0.611745578919709,-0.8468766933280978,-0.21951139876297507,0.059445479286899805,1.7973752501338018,1.183496560015026,-1.4869332769245318,0.4757313592343435,-0.7703996920888385,-1.9147975614505,-0.3515620185619453,0.551783616395318,0.5394856181616602,-0.17622970279183225,-0.13673091253976635,-0.10955149931659995,-0.22733289853415703,0.21351271044114656,0.2964887289750578,0.03646374943092327,-0.6555909146841874,-1.0963703199392414,0.6059756086843604,-0.32366559642803167,0.021545641871291262,2.388603306497889,0.6903869581076162,-0.5473675903146669,1.3791619701210358,-0.6611389580643222,1.5119463661445092,0.3256947660409823,0.2795421293774385,0.4816829224740818,0.017902512095109097,0.2544446085541662,-0.019414688037046268,0.23135437198305808,1.60796403666837,-0.9687357388117924,0.5308226817038862,0.47797683453769935,-1.306061921479467,0.36669914365967754,1.562525479572585,-2.1159938187749576,0.44621901689062604,-0.7797367093829323,0.26701093814751525,0.6028083068471732,0.14320964280175763,-0.4479213141221227,-1.6032717043057678,-1.5166018380608752,-0.44466803051514386,0.6192108634260883,0.10939990265694184,-1.576718146978897,-2.2164398052692307,1.188039600805028,-0.8793177915813395,0.6729700494828253,2.3581859120034725,1.187966639255496,-0.11764812444857103,-0.962321302489116,-0.4212671436372056,1.7113138545501605,1.078707608958022,2.628681474065926,0.6275323932805132,-0.5843077329625389
-13.01573637097728,0.34606667776827676,9.490933161734565,-6.459771048657758,-1.9216386184484788,0.3444300345351509,-1.550136022201464,-1.6673610525650948,2.4828153012455436,-2.4026824151570603,0.3590957443530159,0.6468575287780558,0.18385664166675902,3.4427971792453547,-1.4849267647526057,1.874998245253144,0.8050700075555536,-2.2905068273954634,-0.3626955601204629,0.08714774544272393,-0.3199082396775734,0.2781266436780194,-0.21307969871136365,2.650331472309395,0.48884670395204183,-1.1666268975990377,-0.40341115962405216,-0.4245990972004504,-1.6780290380648935,-0.46201208183551673,0.894431094895323,0.5977377100192577,-0.02539013496612429,0.25860158961562635,-0.8536291376374966,-0.7754338868925527,1.0029466540210064,-0.7888887539365649,0.07078977361382698,-0.6213519829406624,-0.42186411837345295,0.5155079989439955,-0.7661315401982312,0.09597017688621164,2.800660048902503,-0.6831413658703558,-0.7309555246976106,-0.46562487267496006,-1.370136293942931,-1.7367799741271455,0.6034379608318583,-0.290411967521593,-1.107069808416953,0.4807385437808958,1.137737956129424,-1.0776171324914967,0.26842009421761154,-0.0012466281039776172,-0.8266888758550742,0.17082517464532623,0.21113639046757007,2.5036173132780046,-0.9086486734467047,1.344691682997144,-1.0189040430007212,0.8238029164112917,0.2695484816924577,0.03196650018326499,-1.6564622676502778,0.8087335961994027,-0.5149895663038007,-0.07696433927745738,0.7790948417167706,-1.3780178170796358,-2.9239389232218804,-2.4297941578066706,0.24071514407787734,2.9351051757241615,-0.49410274991957803,-0.05107095575942682,0.4748913581312662,1.8752030499487662,-2.244761625549623,-3.999558288772357,2.9231239838863017,2.5780741124942357,-1.171630390227915,0.3580718881728932,-4.653205354713716,-2.262960376599324,-1.0737514671322845
-13.090455301123514,0.3638745939188441,8.194591923163314,-5.375810907703479,-2.2242471388785474,1.0499927838585248,-0.6635695015596101,-1.1865079676543027,2.3196619961380693,-1.3072596067277595,0.3808383492250058,-0.21999699977196388,0.27789924704682584,3.600420794795301,-0.6819057587946866,2.134368449011672,0.14237449916710943,-1.9302026699170465,0.4009234226716925,0.8501205738536093,-1.1768442693689039,0.10280309512753394,-0.8220364235561122,2.1238785009202044,0.647864331782428,-1.298049479879025,-0.5607080776154078,-0.3826103843143425,-1.4373252984626332,-0.17376795033855444,0.16824333568367225,-1.1132390472415048,-0.016982016833318094,1.7014259478360694,0.697024683442456,0.01391179740256352,1.2795719531547989,0.3726384527663241,-0.17056812793708426,-1.2798602179996919,-0.4553892601222059,0.43781056883504155,-0.07949826363083194,-0.5284873046961018,4.2050895700394975,0.8053280979912871,-0.09576466473374917,-0.6894968982704854,0.6435379564434082,-0.21602249221413236,0.6860547907900977,1.2102531085682136,0.12244638478028519,-0.11724205188927403,-0.8358640179402822,2.0784712777702055,2.779918907359983,0.9728757679393648,0.5986278096907754,-0.32757924727350196,-0.1741897597814954,2.0200114139809306,-1.3521089551321246,-1.7923607031737359,0.4871918541606341,0.6479120894193315,0.20828845251276004,-2.479572630314746,1.4856763384033915,0.6074504334099763,-0.005648298632022973,0.6389871225961303,-1.553956474741798,2.0754232551436216,-0.4434618262346063,3.0954168975143865,1.9539419517737864,-0.02250354321225356,0.08442496338075683,-0.41521041562164895,-1.5310857019065696,-2.7102752540742308,-0.15474192437109602,-2.6823256484096047,3.6238778932817914,3.1467069858900256,0.7315609489517781,0.8498797444805763,5.746399494783289,2.9876139857688435,-1.5670194999173013
-12.367521972489838,0.2230229429098593,9.528340537677538,-6.022727480131871,-1.8728582368065423,-0.1726858196468487,-1.3941138261079,-0.7689278349238519,2.614239583167885,-1.3979889884205616,0.01783248754027319,-0.1465569398122183,0.597427125526071,2.9810378051399558,-0.36409113365642126,1.6083312925482716,0.3638733081674794,-2.152574866115364,-0.5999415711289656,0.1038125603982288,-0.34998545850005935,0.4941264561040316,-0.5658692518662022,1.8179387813583396,0.28287856035947123,-1.499788633099292,-0.7921079502626085,0.41884518076886723,-1.2209820034854406,-0.7575082078535962,0.28435854807138006,0.05201333331947773,0.31549736412368523,0.4169507001241012,-0.5230522346398829,-0.6076645994463267,0.7666119626415994,-0.4706245763244478,0.14811660927703502,-0.3815088315449281,-0.18225132349940582,0.16683172127719922,-0.2120317431434014,-0.2704212542810597,1.6989716402460973,-0.9263064670428768,0.1558966656799806,1.1124063066085423,0.3644601665311216,-0.6540563562653794,1.127675035533652,-0.659523714063019,0.9154385399790896,-0.3490222183544672,0.38787738212672146,1.17361184134085,1.1770549680673217,-0.4473045213139544,1.0419060909708482,-1.4951766525754988,-0.3611058218044412,0.6474485957393532,0.08838193506776737,-0.3301443580102407,0.17432843724916555,-1.1563734757348196,0.4109211470025969,1.0706684503196948,0.3128606602311178,-1.9691273392579076,0.45351262798146286,1.1628782192750031,-0.3630449685817641,-1.3139397693317671,0.46191414956630555,0.4374491127895639,-0.5977978511083342,0.3710832339471034,-0.8541858440255449,-0.8325834739754284,1.7109701593636815,-1.6439022716900558,-1.3497886228788563,0.3135682517451249,-1.0327070700555512,0.3936916100566959,-1.2652975793250512,-0.532361290461912,0.4982814900837251,1.813533052519939,1.4841833047213948
-12.905498130256595,0.38490105611866493,8.597193073940998,-5.4842137366393375,-1.4100333669841127,0.022660086083073742,-0.88067423902022,-1.0515030278412407,2.482068022313931,-2.569450671048392,-0.0009362437634536254,0.5949235401500534,0.5155507966211821,3.091898920179109,-0.2330366925496836,1.4190704304198098,0.5478108984698673,-2.3599468339519873,0.06972932180344575,0.3124535180772184,-0.34030910704665857,0.21879127509298943,-1.1671613944337706,2.3503540298285848,0.3556952856478378,-1.1299310824509454,-0.9108993814378116,-0.5857599969035872,-1.5485471263177506,-0.21684446201504656,0.3770027388628873,0.1063541072131968,1.0275259913471557,1.0420595637050578,-0.39087639973349797,-0.8699824505146696,1.6016324146202987,-0.9921837471102951,-0.2794382837435469,-0.15292041941320764,-0.038138393851047635,-0.26644888515141857,-0.33983650837977764,-0.3144575011930151,2.219588817478703,-0.0430459015826409,-0.6724278601003922,-0.665319853851518,0.30651798751289205,-0.6616104366474441,-0.38841459017414137,-1.5077719435526573,-0.7175256092161464,-0.3472639443948686,1.8175825292819787,0.8815018926516894,2.5027513833239863,0.4709989772408967,-0.5172439610464465,0.9179412807221271,-1.2297289583973587,-0.08788475656197935,0.6428248999785793,-1.3548792820772155,-0.14752932807478042,-2.8655215242363514,-0.5857203762444939,0.03352422725033706,-0.7593569087297557,0.41561792629805544,-1.8608389234093183,-0.6604201649983344,1.305311585312638,-2.4322658008217615,-3.089040711175502,-0.9586266147143041,1.1600808310200068,-2.37989066351133,-1.9255278347611164,-0.15052522830273637,0.7232381970470041,0.1064879253539293,-1.7363483517247587,-2.9575066662506804,0.9149543982037102,-2.7304537387147,2.0734068512312427,0.8706033286932577,-2.8744205672305063,-1.860351498959378,0.4261782581481014
-13.295603018336786,0.29701598094046855,8.834399248960672,-6.768688561816021,-2.1527024642745363,0.7533600833326832,-1.9530471659035367,-0.8755484134025917,2.830074663028439,-2.112963775395073,1.0214990472663081,-0.18404580095053039,0.9760733286460452,3.466915265965206,-0.5018432767186828,2.3675016505493987,-0.18330962941521453,-2.876217996311358,0.07111357600948691,-0.14636062153806526,0.36201213701886525,0.1385997851293124,-0.6568744364148333,1.849676313397675,0.06408392301299305,-0.4636746581660382,-0.42626354351213935,-0.8497787145688597,-1.2162634765227278,0.0648490932342321,0.9452004651712241,-0.14936519636520446,0.46674029647314896,0.7967338937958195,-0.036079761884182014,-0.7700045267549169,0.6162784690686852,-0.11896738724263749,0.5205558787296607,-0.787255763614995,-0.733028051164084,-0.5104050990566182,-0.030800616583215538,-0.06566550437950955,2.830949906769407,0.7928693831972314,0.20637181462003862,-0.45916698387535243,-1.1333805480329688,1.325990984476246,1.0796893655938233,1.2531066026477615,0.26351864170344685,0.2554478169441049,-0.12846901957406506,-0.310287663539799,0.0895546559659228,0.325034994814996,0.17464866996258518,-1.8723986749612769,0.5472229963184704,-1.558759743488731,-0.037119828652605824,-0.31750052424941594,-0.28140428879792345,-0.45019763871065366,-0.8994573731405022,-0.24833816745334122,2.967144038241825,1.2163201631977933,-0.0670937889176529,-0.4107800006685479,0.8182982249508616,-0.8329916009164293,1.7324556929665167,-1.6024261746695123,0.11589780746911163,-2.143130688643684,0.29375217171518514,0.12062618602997187,-0.07106346324911145,0.6890990196903511,-1.8185252874173974,-1.1475341022677141,0.6305958529605741,0.1836179754816499,1.582931789130221,0.8725526831392081,0.380013128960564,-0.8975685866420775,2.5513097300124628
-13.535874607683576,0.37493795687076087,9.019136115111005,-5.911566275475098,-1.9474493946883622,0.7646285188738017,-1.7359746553760556,-1.4455360956808831,2.4265137754206085,-1.6276393611482793,0.8498761486847565,-0.34346892119681705,0.977027630658758,3.511028156452856,0.21443766768129782,1.9153314221738866,0.18165284286175812,-2.3936366248101573,0.7020151836774992,-0.15017700986784988,-0.1275553819376037,0.30579022265553574,-0.4996217236836554,2.875032098682914,0.8866941327000925,-1.6128392787713208,0.2290566677903242,-0.5323374820135384,-1.6728048270984546,-0.21673371893386553,0.26175033686010357,-0.10491798190005218,0.04902262901960297,0.9494206927592438,-0.5769799745346476,-1.0276163933646703,0.5081379833029391,-0.08231191447084124,0.3756880931374393,-0.08440143239995963,-0.3144840194863947,0.4870639708625606,-0.2972026336538132,0.17314970119730808,1.9601119683430879,-0.4710913921328067,-0.012119682891105377,-0.6754266496312292,2.60076590126904,0.7894834417228901,0.37440222405962986,0.0071564291081371734,-1.023082489806197,1.44785512423182,0.22306358033736,-0.3130809019162881,0.6616842183846271,-0.11731848199913811,0.7728378115566806,-1.0374216903708793,-1.4750655842873175,0.6394902904263817,0.09073082519733627,1.7254201895035675,-1.2656697412883466,1.4019528070773621,0.5232579111166771,-0.243245173696704,-0.5085618218796796,-1.3308033181845573,-0.24966180746707092,1.3096941845936072,0.20447329237038717,0.011311271634985453,-0.2277933279917754,-2.776080726387512,-1.5874300048913959,-0.07826098082766093,1.9586764948228443,-1.1609755166383071,1.9458544890994107,2.3780295074177937,2.34053647897358,3.0317226784666524,-2.73122816623384,-1.1635325943841062,-0.3160599377695604,-4.443872056718032,0.3938520573834614,-1.4725285218732045,-1.4605083144370659
-12.698774130773709,0.6816985306237795,8.508818726268817,-5.8714326081921735,-2.3794120234432126,0.6952442531235198,-1.9813008226784814,-1.7926523082713712,3.026121704886727,-2.223353153373027,0.16082459105467456,-0.3810675336995579,0.4946867394075275,3.711883467774717,-0.746708608795417,2.0396587385440004,0.1774580540308959,-2.3815349452617176,0.10754638671263324,0.3613672825141871,-0.9055549228677362,0.11401466038941029,-0.9391019154888153,2.033388516732729,0.19738441281973443,-1.9408839192097473,-0.24128520933688374,-0.04412309206220531,-2.5821449597366235,-0.33665314449235156,0.14956918821639173,0.8835439574121403,1.0868519502821483,0.7729686123479669,-1.363452241080756,-1.2500083163044144,2.224179545061648,-0.5437141102039486,-0.14054061834004436,-0.23941168386610345,-0.43760218289958364,0.22044863684555066,-0.58506143316691,-0.9392178551285263,2.4258059478592973,1.2519096977798345,-0.9398223947494617,-0.9898030258861226,0.27501660475116735,-0.4099910530016678,0.10956903140075067,-1.848449477891168,-0.3661320850128429,-0.5885208459795439,0.6168874303731483,-0.5046232356644835,-0.039448474439499594,-0.014948293669459357,0.50279330255281,0.5153094493339603,-1.1677651912855758,1.1291251148576664,-0.522434589214927,-0.8833237928886335,0.8548908175345145,0.628298262795958,-0.21274378184700665,0.9804788626640792,1.7706813304360003,0.7123921658792552,-0.17491108990364615,0.49632752249929973,1.0694666108839022,-0.4631173772549853,1.5911979529339333,-1.4150636720079148,1.6585707291970466,-1.2543005246726986,2.8156060402471685,1.2560930614161048,-0.022957195293278734,-0.4619885488784384,0.005628695683536153,1.0300503426107768,1.2285721257181026,-0.5569904846057465,-0.15661241767510273,2.474140041907553,2.1322441186251533,0.6657621665837733,3.3890003732358736
-13.06892976957329,1.0013189622426553,9.200857831592275,-6.43456960909177,-1.889993134844126,0.0528312492462571,-1.9619169506116505,-1.5618107146599034,1.9556330897771705,-1.6392510553261406,0.2730007249047704,-0.13127330191468445,0.4027801744588345,2.9187821948461243,-0.1884523706873151,1.5162751194289803,0.05976871202571272,-1.8249085902328213,0.7966343787358579,-0.10622221222996248,-0.8221613034620477,0.7844453160478394,0.04090096752925081,1.9820351013953532,0.04785782057218079,-1.322316543782145,-1.0133678878843189,-0.44905322726807184,-1.8115702121640496,-0.6407265662026864,0.07779669286885765,-0.886018795988061,0.7226825059980927,0.362976004282019,-1.1202721200048327,-0.10223474260010729,0.9656910779609167,0.23432323902091937,0.5134748848546953,-0.38292682836275355,0.21437660774499273,0.621431232447692,-1.1899455528629899,-0.6192187951183289,2.1133202119848304,-0.11503822433865546,-0.40211522230535357,-0.24831306317008817,-0.07797388850744756,-0.3513782452550812,-1.2305956525270905,1.6156376491424898,-1.0311340746065207,-1.4031948197446191,-0.10894986512178875,2.2160199726619463,-1.049739427237811,-0.23475795557735366,0.22604237402297703,1.2081553438894677,-0.8770486795507122,1.4247635635219167,0.27064759970252367,0.20480853971752724,0.8573782105726298,0.21269937102062011,0.6266887059765237,0.22772570908044829,-0.07843775847292003,-1.3257122002911952,-1.6153459312185383,1.1091801059823108,-1.2744968861189006,-0.2939645844476723,1.7655360613265485,1.2406010428572531,-0.027894978042584805,-1.4772233823112637,-2.8536325965464946,-1.7161235124351832,2.766804310970948,-0.9601577504365341,0.2504535377275279,1.8228210998159764,0.01698269237877172,4.699105215019258,-0.8712880261196484,-0.8353390689938023,0.7635735420164016,0.028711244836924284,-2.4674875034022596
-13.53974546667849,0.9877768116089953,8.674630237743177,-7.6473938532363634,-1.9082031845635679,0.19395357588878565,-1.3058411303821933,-1.4008302920720175,2.9692554219359732,-2.19970659367883,-0.02014033697788729,-0.03644322021731788,0.6360842281576558,3.251362757060995,-0.7245695927555433,2.014537055748511,0.15363773575408338,-2.4438964339803495,-0.7822154156449957,0.04104128925652867,-0.7355779492112076,-0.23579579874775877,-0.2672356923470285,2.7586381922481644,0.5899492423973186,-1.5639432215157918,0.4214257667961096,-0.619167692070358,-1.7268750709374279,-0.17911997094399898,0.49051686386713944,1.043712909245967,1.51636930018417,-0.04265246241834114,-0.16731723486609756,-1.1766396637444771,1.4215267973324617,0.3884319011859252,0.8311958227646806,-0.6425946486599733,-0.5958853528275385,0.2610404775365191,-1.0657534814020562,0.25769940602535474,1.336332481344638,0.6635920321321394,0.8212319211851569,0.3112168605786849,-0.6033427445543791,-0.9769057555569637,-0.6540419262254518,0.6876549725573152,0.39508830290977703,0.4086849746919868,0.4113303842621071,-0.5168755567857455,-1.48833275775784,0.07779537026905464,-0.18119535508440512,1.02329328908694,-0.4324651587609737,0.5496093888692647,1.935067156775734,0.4999414145790666,-0.12607069349741432,-2.6075405023246616,-0.5619863500538347,0.635507460197516,-0.7360369203173611,-2.1831507760997884,0.47022039719313236,-1.2810650416868261,-2.381212108685183,0.6576817315029352,-0.21759357949005584,0.23266841942936456,2.511813372524137,-1.1238344555633601,-1.544547777306095,0.6138571677235146,0.1413715819367591,-0.40850194619619135,0.14159136817779422,-1.5965881595319005,0.9743144012751416,0.6112518340823802,-2.6010216889955,1.2092088694536793,-3.1417164211640123,2.7163426833934476,-0.2565831601522417
-13.067188010023273,0.8266258314794129,9.235571290303525,-6.804445182595627,-2.3371121353577524,0.6839144248195832,-1.1780987786734556,-0.7371271777281978,3.025500592960339,-0.9690250727348961,-0.08741810158504025,0.609155337528235,1.1816765905680218,2.814436963852879,-0.3625143036688642,2.0162906650314443,0.040477274322905,-2.362474365636582,-0.5071620373068371,0.16615719123745012,-0.7472825480942482,0.20216425646463423,-0.653379963120412,1.7477631759121892,0.5999560852849053,-1.0200184970101571,0.48829894675184243,0.16554201926384254,-1.4072866178610686,-0.3068048683869736,0.3081050187241549,-0.6599243007071357,0.28421840453956615,0.1726382360009447,0.01216694334169122,-1.0594077376238087,0.9048400290729189,0.31847126756680105,0.4045235433780629,-0.7919732198811575,-0.007866118847885293,0.6695344501644676,-0.4294743226229605,-0.21556553427981998,2.2145577278827084,1.3040910454331103,0.19625905564633286,-1.2185580208944544,-0.4942226689833312,0.016870166391565723,-0.00027913111710715666,-0.6953617784538821,1.2575234664442636,-1.1776893696064457,-0.4446849156630092,0.4238351320133332,0.35675080839074425,0.18224394750344278,-1.5488936982291959,-0.4480976794631313,0.13684324762140215,2.760438047706758,1.595487913161077,-0.8518563113536438,0.6446767291740089,1.2872237532231343,-0.3173142536288013,0.7931024783945476,-0.9367442610184766,-0.8582463578566202,0.7981647716405721,0.7129899605357001,1.2942751515736683,0.6654742450717048,0.4003000735120737,0.24343245967440508,-0.010970319004936143,2.415503838984774,-0.4906490322369663,0.31335365440519175,-0.7341558711548783,-0.38374448298794056,1.1435698931505218,-0.42552211249081523,-0.5214805925876792,1.4900248121713144,-0.2522199466089444,-0.4447073112665596,1.0904459954185204,0.9544387067436307,1.021211931626638
-12.555426875676831,0.1464559620658239,9.016764539800706,-6.2288793868961,-2.6881813028706834,-0.17093731466115003,-1.5800399724752665,-1.4380661500849434,2.8010176477110784,-1.2286965870342421,-0.04159671302027909,-0.04602955419995731,0.20557812105370427,2.9648417407410483,-0.14512759692500543,2.820788655022934,-0.0020077752708911895,-2.6385855038402024,-0.029182647568693015,-0.09108547872968652,-0.5867524125660318,-0.3333190105976206,-1.1667078217588283,1.9460239606591994,-0.4928167658555707,-1.7028271364913226,-0.33490797043920667,-1.4442350373618558,-2.3007803282685733,-0.85844887056274,-0.07831962394626234,-0.17759261406131213,0.15958997997090082,0.5985274957848629,-0.28998064045715816,-1.000115919094799,0.6672619831036464,-0.3274785431330342,-0.0556130378450936,0.13410538043786166,0.25850459781602186,0.7965388636349646,-0.541799352064638,-0.355310271992651,2.6962587388318155,-1.8910589969872371,0.40142960714101217,0.46163242167628366,0.9502834932619612,0.33351887864455293,-0.24468216680629937,-0.5806604655768093,0.1859530581450541,-1.7724487994418283,1.1750861287574208,-1.9753799680389887,0.49641711458714377,0.0629455781966915,1.1397797004291705,-1.3431509214792068,-0.3430960549258158,-2.2821494252915384,-0.6890694520810619,-0.23050771072017368,0.7399599747228292,-2.4344600665155953,-1.8109458950641018,-0.13437842170480682,-0.47348578447270623,0.04168498304178801,2.9126104448785974,-3.291746973697357,1.540990699834813,1.049479270771102,1.015619135883969,1.3122209099640842,-1.3941456776307182,0.9916337401948657,2.9403255812028286,-0.9918027148931322,0.3331099754093479,-0.9453767288055644,-1.3563166449923039,-0.7071923332815228,-0.7722362734260299,0.3501950691252578,2.364922696946487,2.792348637141972,1.7089685265941765,-2.273802356012029,-0.7911835166448616
-13.028022532798637,1.144858265655251,8.73782399047611,-6.4609977824431,-1.6735112490639008,0.3152048528294265,-1.2561209506741788,-0.7264862510724235,2.35939101955801,-2.5817668950677293,-0.05027443296211113,-0.19210102184754974,0.5029328642438663,3.449913014449651,-0.19926097156499128,1.239134060967232,0.5721106517281607,-1.5357745021315616,-0.41796423919693126,0.10179084561215772,-0.3112028380711375,0.607875196820362,-0.47811650602037153,2.7432379668264786,0.5937872633492859,-1.170516284098512,-0.4942465737145192,-0.49386139511400695,-1.1622488802149198,-0.5899281441687054,0.12482797907814246,-0.8749902629518557,0.2772383679502913,1.4308856190976258,0.0780591452254066,-0.6452870363559841,1.1743583046206962,-0.3862495271963664,0.6236216566264979,-1.1604806128707752,-0.35985015613725424,-0.2769856530189782,-0.8518142690078443,0.0710889784263575,3.6243733326158467,-0.426171645747531,-0.0756538970253723,-1.1090813318752624,-0.5967988809858467,0.11938470291468838,2.0207596152973824,0.6253083970653098,0.19070890778219593,-0.03627889065195077,-0.014851274465829805,0.5874571114914531,-0.17408540042788348,1.1909604155502218,1.4276598961455749,-1.4587638688638624,-1.942441147327396,0.7149382090789017,-0.6380478526818761,-0.23176876570066543,-0.3028654680333187,-0.40202786192173195,1.1693264001653352,-2.0819372427011706,0.5778353884306804,-0.44963130043914545,-1.4999120899434357,1.4302661498649079,0.5797041241556826,-2.666735708865008,-1.4094640292925098,-0.8915865505902649,0.14452594144075295,0.8883163378066566,0.011396594525537079,-2.317176705604016,2.721627323574115,-0.4755888417319585,-0.6913603761911586,-0.4717196597034818,-1.2728628916122864,0.8149716494650571,-2.0612725978989204,1.0753355404052853,-1.126747761377205,1.7948268155487277,-2.4683157418373756
-12.605464152817056,0.026383558963673497,7.999057426752006,-7.370635068204357,-2.6510559610430815,0.7097970046979638,-1.3971886141467156,-1.382185300553752,3.096188596373597,-1.76860145410124,0.1926314814709444,0.49240382705501856,0.9118200778660691,3.9146124193810237,-1.178999604497646,1.0777845366930632,0.7451104705331848,-2.4603951713877645,-0.6236640546600069,-0.4715109238511285,-0.5680787945265104,0.8107755206088416,-1.0572592548979796,1.8492637796234737,-0.2230854673479506,-0.7520822376423164,0.008291049990217545,-1.285622330177427,-1.6152647544040313,-0.034470075742690544,-0.051932273164796657,0.18760213135695586,-0.5001186056420839,0.34565842390159884,-0.41059370412397006,-0.18722781354610477,1.2350772065491384,-0.07495650411572075,-0.006359498924828571,-0.604758321590938,-0.12576747084157885,0.18177765723478892,-0.8640375329952675,-1.2244589654355862,3.3698749169522073,0.8362989400587137,-1.5909661702321485,-1.0915881868027186,0.9193049882707859,-1.125491641146789,0.9067108294030205,0.7337129774720909,0.15303455257535056,0.4225639894706913,-1.1341525453525567,-1.1506847645691745,0.7237775816080939,0.13499131735746964,0.9211761164918372,0.12371922866294338,2.407304669397659,-0.6707440599292425,-1.2168303538312732,-2.1382672475593787,-0.8619437476223862,-0.3004762803797212,-1.0755470355867949,-1.1025275281166542,-0.9623139041804695,-0.2843171695077893,0.8529280760517711,0.3249370483334521,0.25876014723187335,-1.0266950691402605,1.0227427933619535,0.9108220393085081,0.38166380816826706,-0.27817461715502684,0.4334606244726414,-0.32265456070425497,3.0032081064875014,-2.3561186473266207,1.9761711590802706,-0.4188497849311591,0.11301882960476577,1.294736253060936,-2.877142873688776,-1.3140542114566554,0.6231173203908165,-0.6934144696074535,0.5443922689745924
-14.051675389687103,0.19084857291299887,8.755945155922618,-6.2360946991621145,-2.5967943679946024,0.6778144272288134,-1.2303103124347536,-1.2803148158589852,2.359701902289314,-1.2733620313660952,0.6577809554031332,0.4378771548099348,0.39084178608890996,3.2229680789590613,-1.2814650085703172,2.2448857639122872,-0.7620444363038219,-2.116151964495205,0.27625182869290466,-0.008999031027139294,-0.27291506546189653,1.0243043213441956,-0.8896198657690537,1.64261923320857,0.6245731701588292,-1.6790821085409597,0.08387949512100103,-0.8674067728109733,-2.131170353472432,0.03690863240957635,0.17029671470478613,0.7725832566964528,0.08261868534967039,0.3114472288930178,-0.7975018045088879,-0.9456346934327323,1.460163569385517,-0.7378829270550747,-0.16094391200502142,-1.495530747618656,0.08146571482468701,0.19300741962775003,-0.8238120975528975,0.7724348932054879,1.7631377757130808,-1.1111949544815232,-2.293021320402896,-0.6421857589734741,0.3751863548314418,-0.0563948495336749,-0.7160996620146686,0.6562394097035193,-0.9394481477383749,1.58826596068809,-0.8049085903716741,-0.13035589611851983,0.2496126084772538,0.10848328340944195,0.017893774944102082,1.2505152198067573,-0.32788974420029177,-0.8637351802168901,0.6158505949319889,0.22296300018932103,-0.91039517866296,-1.0258790838443144,-1.8119215473110977,-0.05015988462844786,1.2461672829655301,1.6075053791735938,1.1148341179892869,-1.8193122053417414,-1.6905915916695855,1.5558654857625713,-0.554937731999202,-0.7524733391094504,1.6275071631899407,-0.9449197603620327,-0.0908851641808497,-0.7439036500012572,-0.6787918931746736,2.952426384762708,0.7971100524367509,0.22175051598283502,0.9359555888761404,-2.8268905179584527,-2.7096760943222287,-0.5579251679743196,-0.7370105078825683,0.49039994637278517,-1.279352202256722
-12.697001933663884,0.10454750865378203,8.905625293288482,-6.122372815426339,-2.109057861598843,-0.06934983759439554,-2.7501349867848126,-1.8174436139052152,3.2147271856433046,-1.6495095906146542,-0.4584082542030528,-0.08642313393092114,0.47324353093336735,3.069278377953044,-0.38991813561190247,1.9383058319292255,1.1119438213853248,-2.2809543776633654,0.044714992241046636,-0.977185176533719,-0.11451420102803031,0.4354420533229392,-1.2887849748368088,2.0463816854662364,0.2511438328359026,-0.7383746033201748,-1.2705606909766765,-0.18688155671437104,-1.7376555269066343,-0.4599964659230403,-0.8489220839839404,0.786008106606869,0.6961059483228633,0.4875388849393936,-0.6655855684771416,-1.1096691151303155,0.2933588867402238,-0.25704976420746806,0.3781020913370958,-0.12494195003603849,-0.4998030229089654,0.9121478924183817,-0.5698221312342678,-0.023550949285066396,2.403738341463795,0.22330943660093236,0.4196764909758652,2.293581110065572,-0.07363776566605211,-0.5878574403963277,-0.8905371804187563,-0.5451291978154946,0.8690371659032238,-0.7023540996285476,1.2543726906515102,0.6303238857041583,-1.332393749450051,-0.0827418018654419,0.32577367301713495,0.6637477026633665,-2.1631988242686924,-0.19625904638977407,-0.409985465802594,-0.8553747068330539,-0.5255050711527475,-3.323952743021598,0.6737367082461723,1.8081493065433973,0.8457292234005229,0.7719974433546724,0.3339385758648103,-0.8099994037583452,-0.971204828305152,-1.0992168573268672,2.336608945988744,3.143234037351691,-2.4710494478719776,-0.5688901692040473,-0.3250238399292201,1.3489896149916731,-0.4872820541840243,-1.413285481696707,-1.9582974815949197,0.14981769721012747,1.545612431168203,1.4695935344368196,-0.3476600200133596,2.9589729976184618,-2.845597239616995,0.058310400872109126,2.4361747276072543
-12.88100865447177,-0.20960157719084108,8.591355623724578,-7.307801446169019,-1.6701988751482704,0.5664473056071718,-1.6589344151578336,-1.516971515590392,2.992309742806106,-1.8768835065520075,0.3382354596455285,0.16722656710764677,0.433754510057971,2.907460417331653,-0.7503251421055886,2.2080178011953637,0.3034927948617941,-1.8919931319741419,-0.013431112093548738,0.04762877459779973,-0.2167576554414273,0.44945257347592954,-0.3209610727048631,2.4121253307263575,0.17777089356239223,-0.42348483569525625,-0.28593196628482415,-0.5349716664040237,-1.0987305036930342,0.11558963473019178,0.06636521316230425,0.8958518652868448,0.6927097775905768,0.9058046105522708,-0.5679694822506711,-1.2735355866576592,2.361836544774466,0.21755017924540682,0.4566111712722804,-1.0033957197982706,-0.7930041526170474,0.6010992129183826,-0.3736332691251746,-0.48984810569612025,2.521348174102704,-1.657742563807578,-0.3456756940487376,-0.7284216019098919,-1.485405244420476,-1.0967346366979047,-1.5931635144828042,0.3475070926276761,-0.27067944874114114,-0.6193952756671347,0.3634392868151298,1.902848670307152,-1.7217084993167804,-1.0362716405533596,0.12377627567579838,0.14338663820239878,0.04787403511072163,-1.307054133000632,-0.1037991094936205,1.1019551270332626,0.6890040425019494,-1.2859988595882104,-0.3216451807350341,-1.5404215187290382,-1.2355386366265053,-1.258730233520069,-1.7932630566967203,2.070048466498015,0.5607946290080893,-1.8601572586693407,-2.5200999433657474,2.324416557692341,-0.7154134763437262,0.05294574229421024,-2.1081253416234693,1.687013117451568,-0.29112739113918584,-3.6670772874270665,0.6136912659595353,0.972472025667412,-1.9026455905767936,-0.8686524451321352,0.6995135153893007,-2.8578945982177384,-3.0012139576112897,0.48208755032227135,1.3695233455275166
-13.143984942964286,0.6130353628858886,8.73082026970955,-6.734341906643257,-1.7699455323138364,0.6289361660084888,-1.758091743850964,-0.7155274072357045,1.5808271051656184,-1.166313162885686,0.3682117545430021,-0.13800465082747537,0.3062279698920769,2.8862063389647012,-0.5615075132347259,1.4039965633137965,-0.24315721727481468,-2.008398772133824,0.4763931381305109,0.2234230641344088,-0.6529689144458614,1.1661734884260362,-1.0194956121221883,1.874194651867198,0.263393961379549,-1.0601670670013197,0.2752813602223488,0.13268648266688973,-1.7810265629037132,-0.030007906504614934,-0.3953321945093661,0.6482925001303661,0.06692469888694073,1.5619079905579047,-0.8606580063902732,-0.4172764831133482,0.598065704713811,-0.09692938061537952,0.6316317087157363,-1.6422568417993872,0.06722457517224299,-0.5597414049363015,-0.27707377058735944,0.3210336188925481,2.6235500179729008,-0.32490793961667896,-0.39818900898554505,0.35512365060111983,-1.2586508950460742,-1.397812226393634,0.13790678915585142,1.0763130502001674,-2.641860088652333,0.23782160194273885,-0.6144148599987478,-1.0232099476235612,0.5382891895883886,-0.5696901395589743,-0.7389157690259499,-1.1188447889835742,-0.005892229347305443,-0.31953874034874774,0.30495250032854077,-0.006404999066864458,1.3030715695737523,0.5902631861192725,-0.7686175559253661,1.4625824657272206,-2.2595402843383003,-1.8794933888308525,2.2680332685448517,2.506375025892442,-1.2491687032258911,-1.3179969819086943,1.8809662837121088,0.11068767986250622,2.717890232162095,-2.537852847082992,0.094661245664521,0.3690390437720711,1.5129045721580492,0.543265122500254,1.4539707088143843,0.8796204746355691,-0.23966447206535663,1.6877505610788135,-1.5629244360270755,-2.8041281421778743,0.9757928274433498,2.605044587847699,0.7508140188605616
-13.011097523849154,0.5214968214640043,7.972405242838105,-6.791861808090338,-1.8784452088204362,0.6447846328567723,-1.346753796475297,-1.816448691822933,2.7057691934440196,-2.4594533158746357,-0.4753012948787058,0.3733162101616725,0.217753934699625,3.3926605578728566,-0.1317987853326458,1.752216386405147,0.19432721118263183,-2.6369910352255546,-0.359684441199167,0.3157591006830255,-0.3676857594100313,-0.31091035950876267,-0.5255351326436709,2.153923982783278,0.10900937479634346,-1.6032543739094187,0.294347939227931,-0.4653201251521067,-1.9191134054509702,0.07391052891861016,0.18254177827721288,0.22922661293432461,0.43913909500440457,0.11432167967753318,0.2327200610064353,-0.500276723613175,0.7718342771721488,-0.5904103541947466,0.31073993616564793,-1.1767896836843525,-0.3421478844735275,0.603980291013847,-0.8242931983267059,-0.07518322739028245,1.7671031821502854,-0.4048109437794311,1.3953225623706556,0.8647906956981416,-0.61190608569215,-1.2776605944914112,1.0809674814567054,1.0913390302213128,-0.2750230815963078,0.44396533891191364,0.8480913171192657,-0.33801391178550727,-2.382245721307696,1.774455762531407,-0.9856371251062973,-0.8608218151290613,-0.4999784042694432,0.8752565198683635,-0.80459812966578,0.773742685919676,0.6261511226817442,0.13311870015748728,1.1991876036514244,0.7543806993772613,-1.174144460661399,-0.9935746623348765,0.4575971050844625,-1.2708031332400709,-1.188113539402715,-1.0038160706140231,1.7059689670623175,1.0790996514966151,-0.03164583180412972,0.8143533560953359,-0.7789171547747563,0.6375475064119743,-1.5427211941628516,1.6976735796011313,-0.8567815243509794,-0.4645280181633385,4.359491619759793,1.6905198333018256,-0.04885819237820637,0.8388455140782203,-1.8297438425618824,0.989876030331519,-1.1316652004091516
-13.627671630495964,0.7024041339418196,9.37106088261389,-5.974680006860304,-1.4014661597921145,1.07670288213821,-1.4461763313956384,-0.906903017511987,2.216450622075601,-0.9078566783950021,-0.442717435253159,-0.3279823538207755,0.3331881404522653,3.3397879053567787,-0.5712498204790799,1.8454536646757198,-0.5362474523540095,-1.9510163785207384,-0.09433519425770197,0.5004749842832376,0.029526812654613398,0.8938737747874741,-0.7723258852444261,1.8784811310798402,0.1162865190301442,-1.065256419403952,-0.6974688530412049,0.010097011905632879,-1.401344377675194,-1.1958679757587545,0.5926265293706796,-0.24490614178587414,-0.12638718567909904,1.27882221378941,0.0077447698834740486,-1.0432097936875702,0.9808412919694199,-0.11672989195052329,-0.24549912958535652,-0.4513844595161812,0.02905196371877819,0.15105783286517535,-0.6973098218021068,0.057168578929220754,3.5668914103826124,-0.2528994665973389,0.5623620735252238,0.6896383627548262,-0.2077310461025218,0.22638103763859171,-0.06408036314259716,-1.4015117642158579,-1.1802109152217606,-1.8486115802467677,-0.2453442084554202,-2.984646579007548,0.5541207194495992,-2.0397797767754176,-0.7182431631042596,0.06942798372237384,1.1043960919911269,2.025001395593605,-1.154748301276227,-1.263348773641711,1.3516815963286952,1.5947996027251972,1.1448390319938508,0.7923482310517024,-0.0135584691213814,-0.4334165666155029,0.33111220375041583,-0.45276180932319476,-0.32280439042001857,0.779131588596924,0.5142123998026636,-1.9552064954328428,-0.4402866741908693,0.18727764862164767,1.1841247444239704,0.4739303527951145,0.2732406281506065,0.28825298087114637,-0.9943276422282672,1.5804399323571054,0.12447321202177579,1.6092579774878928,4.051800851994168,-0.05593912542872271,3.953422183873104,-0.4917552180385873,-2.819719363507872
-13.059680938075015,0.35935100590833247,8.990896152322989,-7.242606847560518,-2.82745570335763,0.7085780559148577,-2.245403036287009,-1.8159402793312251,2.938829419061337,-1.9565425609689966,0.5763651258703463,0.04707682800905079,0.6997885093160409,3.744419868913084,-0.9839474372085116,3.0401540011294923,-0.05479610410024197,-2.770357564198486,-0.036982896977120726,0.3485154636608438,-0.7379338964937906,0.9599788475050712,-0.24505621460221752,2.959549441979368,0.2611191716533775,-1.3771674213653522,-0.7124555719106797,-0.7632985354289422,-1.5841154040069312,-0.04238314801406936,0.1493698366818632,0.5840839492713393,0.6462965774051105,1.4162589171990836,-0.9364317773606302,-1.0957141700780253,0.827422500130358,-0.1215322568994931,1.006062879609321,-0.2437209385050216,-0.01277486110883039,0.6216526926484394,-1.2023352696273255,-0.28185165264878664,1.2001628504042785,-0.5711981159945788,0.9348012055632713,-0.5639291991025575,0.46982754778998537,0.7619624365670448,-0.9158267102781916,0.6250035801638131,-0.2931749835411189,1.5637072860837558,0.14649240987466955,1.646548083467126,0.3459412499486747,-1.8325581322864035,-1.5429797580049567,-0.29217434360991457,0.8642696444086829,-0.39615994024490486,-0.6464545731390285,1.756669918192051,-1.055974388874575,0.7422287603756352,0.1326728277624847,-1.4291822802361278,-1.4274101534307646,0.045914658965090185,0.1687517481934013,-0.9457878103421461,1.0265351346048754,1.0533502075422385,-2.3376495559493695,-1.030808409728016,-1.8422127043013328,0.7572561995327733,0.46295504646545027,-0.7424350172270631,-0.4400044158074169,0.9596570325293313,-0.2279485060212724,1.6498956747473095,0.05071892074620193,-3.4072799284186073,-0.8168712134764212,2.53643960333303,1.7323969433653403,-0.11880058835462125,-1.0748598703793724
-13.418799046171236,0.40762650666852984,8.871601957539985,-6.0618151629029855,-2.27088204549013,0.2558971104289925,-1.24558135419587,-0.7991011254266054,2.7620528613833817,-1.5549738138978582,-0.031014806294695902,0.04374137271901133,0.07636281957133007,2.6279965071538607,-0.3488248947787378,1.578826955060816,1.1704562245446843,-1.9442537884971305,-0.5899302981071927,0.0336717314725996,-0.4022581567932037,0.5334220497586403,-1.2788355329957974,1.4987826336284404,1.1954531023592967,-1.105095411144181,0.028328943085865622,-0.6668128128773311,-0.8543860364552198,-0.26068336255698865,0.725206840404951,-0.2004761353711975,-0.5247660120969163,1.414116045310701,0.2835478346285318,-1.071494124204364,0.24335562898093158,0.5473661337091892,0.22362904506785997,-0.9299770571279811,0.014301000375000254,0.28568624531600717,0.20143680048171614,0.9031016694995533,2.5742994580354406,0.21027084829881912,2.04604152739841,1.0320170097823227,-1.7359857794989746,0.5101528392084075,1.220399425866201,-0.592770118658817,0.9279456737988255,1.0534798559521599,1.4710301983502523,-0.5560783154691707,-1.484456097863707,0.6635638914978838,0.7753165894657881,-0.11750549845540985,1.3060496247521014,1.7217594853165208,-1.0162634056998965,0.030875531174797268,1.5938301583109789,1.2477000548254196,1.1299724437556817,1.0725418420090576,-0.20188040129000018,-2.464704131064531,-0.9856414568402732,0.0957404874522785,0.40691159547529204,0.7672748410046385,1.4980045248411322,-1.1669971998440207,-0.7484962699347043,3.306955701697513,1.3895427115731582,1.6929840975718495,-0.6249966351220092,-0.06625871287171367,1.347037923702958,1.9905246425051473,-0.6939340352075758,0.6904460638392019,0.18441723964384826,-2.7078361056587386,-0.532371069156217,1.4182819658079961,1.8191058783204415
-13.321265223657083,0.2609173116284756,8.979081433697061,-7.184629940173643,-2.6133945163945307,0.4992375897057793,-1.25648539253355,-0.9043031607687309,3.4995369028011636,-1.540975701819732,-0.15929839742080745,0.2049679339349069,0.5890116727460069,3.8375270484421127,-0.9948569652742218,1.7409739627772378,0.4555170294181092,-2.7374198323777077,-0.43444672388464306,-0.034589877541658424,-0.47890762081316524,0.322758305750377,-0.2177165444385285,2.534056582719657,0.3280338321296608,-1.0014355446812038,-0.7932530090567129,-0.7555534599771306,-1.205014333282534,0.028741149620005645,1.0189985794067278,0.38885886056639396,0.09643853725073655,1.057217484083264,-0.08337449556022544,-1.2238467852026575,1.151843953819384,-0.3593548059036126,0.29620948537779307,-0.5253463713535775,-0.5683013585903585,1.1525839877295763,-0.8840148417848097,-0.21334671611035336,3.2307966634086043,0.13066212296685709,-0.9032588969096212,1.543007007739048,-0.1928740459392656,-0.12040792266344713,0.8527363194182105,0.9081259406086591,-0.20389362787854287,-0.16457803897464568,-0.4682972364884917,1.5069223004500696,-1.248264302736385,-2.0056432108878086,-0.5325770813001137,-1.0043513205979002,-1.2720155226026473,0.3124775306746631,2.628078711670632,-1.4885816367406575,-0.5268687583241306,-0.10444697067015585,-0.37576909720652446,-0.7181175293527156,2.378891641183281,0.42334622149909856,0.17785507183161184,0.4351536047990087,2.3329152493912324,-0.726343129067974,1.0649800207042264,-0.08034220106215093,-0.07641004922684658,0.3811921164096635,-0.07768411200731501,2.2767893684101503,1.2970977483522257,1.7088908030346532,0.7851653565661671,-2.189551272857061,-0.6189095184577904,-1.1067231389219185,1.9375119964161927,1.3295998085697296,-1.4834161390576104,-3.318670524848402,-1.1269647828289788
-13.170492440706951,0.8994263328069981,9.522961619662215,-6.108261995867888,-1.8945592104192022,-0.17419770931654613,-1.6004472925934925,-1.3680333465595955,2.6297124897506876,-0.9916855975841617,-0.15464905010377003,-0.06779739554510235,0.4069315731479922,3.11662690633804,-0.36396270792981833,1.9547420012396475,0.291016140105001,-2.0422829663328943,-0.06321510760326197,0.9718693684843842,-1.088135063500422,0.39233600438536276,-1.5431472823095282,2.1529362691223373,0.5027866226952725,-1.1592733138150755,-0.7095456510153088,-0.8725075747177806,-1.3310604204541785,-0.5251016330559848,0.8513425313695562,0.2792994094348577,0.04993370439469272,0.9118957207479199,0.15534003097822058,-0.41646318381921094,1.1774761985231041,0.11541174459608512,0.5520537352706772,-0.4361812151660322,0.16249363433093889,-0.3937014405476276,-0.6246163473484467,-0.21479568240258032,3.244161320707458,1.0830381740930688,-1.4892123835181077,-0.22165136538004418,0.05640958555227092,-1.7696008762317454,-0.09989065053449478,-2.276148605916637,-0.24710019684488124,-0.19364006078397591,-0.9808435548596516,-0.5402130770371686,0.114899526764382,0.4729444172548727,-0.6844813260455425,-2.602608833565242,1.4053771349253414,2.6265389606718275,0.5406458358352333,1.5248972803459035,1.6702807228710164,0.4952462044737251,1.6207942330512128,-0.3593858753462784,-0.4620284341397421,-0.3556416689692405,-0.43916582683566907,1.8193806293786319,-1.211561054962839,2.326611125902722,-1.1216808769715394,-1.700702762179854,0.32626147274817785,0.956684615824089,-0.8873358475824387,-0.8324057936125857,1.1468305219443464,1.1867411025034105,1.1832023436048538,0.40489094561282557,-2.100379862633599,0.9267087291620808,1.135590124073408,-1.116569278928167,6.369758621173691,-0.12202754823867408,-1.9589925327565905
-13.423130203377143,0.5112394744972545,9.643604273417116,-5.98582843075207,-2.4995385374950985,0.3580268985432213,-0.9269414258849454,-0.9738866911026138,2.3242702750422457,-2.106677126551375,-0.28958661927393436,0.09278732237571606,0.16794159129474354,2.9780063383233433,-1.0429417109771637,1.7409446109082838,0.4585220521939716,-2.6045927129569244,0.4714529309204947,-0.6999628751892044,-0.852314990582608,0.4924055105320594,-0.3816840494369,1.8854360456995187,0.883553300291329,-0.7856085364660057,-0.19224185524926976,-0.3789074226510119,-1.5042906178684678,-0.018479696804898194,0.5176087678629738,-0.060052568092102014,0.15055226985917589,0.7738254551593431,-0.34979294510318676,-0.302410935012064,0.8854580843048032,-0.7214942822344971,0.18012875220598723,-0.09807499295063948,-0.25464077997073636,0.03436133547937962,-0.5225894539487571,-0.37879227377537794,2.9286491373725156,-1.301760465105366,-0.3698847561198974,-0.5185819223979864,0.18345204272854526,1.5601563462822978,0.5129817492099791,1.4149414834013314,0.7467853617662312,-1.7587914762662633,-1.5485447321374124,0.5812570967939414,2.1564072646418033,-1.1684588868948107,0.8405251133764668,-0.9655855551079422,-0.7561340959415288,0.01966114056296918,0.6194984833276317,1.319406688096341,0.5890965383841283,0.9666023967124692,0.9611631539738865,-0.5281962545725665,0.8166339514848003,1.4070450713765437,0.091454002450876,-2.3547817387178203,0.9589128420237765,3.817452194339595,-2.1434518577244166,-0.26495999217705507,-0.09461374960412132,3.9608522319278467,3.2492432841817402,-0.24115188591856612,-3.46675585160637,-1.7053188487794035,1.2402778731829605,2.667627439046376,0.1903529070113937,-3.3271797054140424,2.6534980248482714,0.14059224911160145,2.9677180418707296,2.083481902383601,0.6535121965286332
-14.258671508061822,0.47085266421539046,8.783952615235258,-6.699504007706864,-2.623700653458607,0.24515102837160865,-1.90384558278543,-0.8019871185944931,3.00667192228026,-2.822602642583968,0.3725102863680945,-0.007067244691062432,0.5006550538972641,3.5282003385313474,-0.7934456869971094,2.4180688468828593,0.1771934702118784,-2.810824832745232,-0.45183606062975445,0.5435071876563944,-0.0508970056227961,0.5766332696607259,-1.1086033999440528,2.412865885457264,1.2339354980891608,-1.8979227669635987,-0.8219570935493131,-0.7990916004106513,-2.048472149633743,-0.12391177633982237,-0.20854317823429208,0.7161309132472072,1.2467760517520823,0.7652627493715508,-0.5882871493719781,-1.4142159998450141,0.8490820249010504,-0.062448884062532024,0.6961409530641828,0.13178261747173584,-0.29003089576319196,0.11530528896689277,-0.3354975720872253,-0.72906510074608,0.7524163836637363,0.5970319094911151,0.46551025407347774,1.6206722765567243,-0.615164126962793,0.984471841335664,0.15192686464101782,-0.014727068252531146,0.6735323569016508,1.5593560019496033,-0.5578041609065415,-0.42161110337699254,-0.63399495336817,0.05936098054238342,0.6206452297558364,-0.04214314520543141,-0.759582729419771,-2.7300270414573347,-0.12271165151674762,-0.9029791614226274,-1.4874644394818821,0.3399457759417173,-1.5238027788373678,0.3613169253184927,-0.23268978092325582,-0.7806716695039875,0.9063183520111638,0.7883171711818082,0.02991723199703122,2.0309075914936834,1.8336756527080151,0.9636962919878743,0.3107453910750262,1.161454247906355,0.30266678939806474,0.45269120341402636,0.2978588600036158,-1.780205867908337,-0.42024736922880074,-0.4996205851927065,1.2133024312907892,-1.6241307325460366,1.209557328316805,1.5754347328225717,-4.632402750823651,-0.9060905527027615,0.04753455047020692
-12.810236354163385,0.9898037250552159,9.538253588933502,-6.415651386543616,-1.4658420911982049,0.6627236571544729,-1.5979436004214902,-1.1342301715518468,2.505464726372,-1.8489987182854002,-0.023234671216579746,0.5204543154397141,0.7909906097308032,3.1798831613863174,-0.6183212491451645,2.1944581868461106,-0.031826426421425795,-2.8479824384358032,-0.833729392440205,-0.26766452588201145,0.5255159766716333,0.33497891166599475,-0.3248795929100508,1.7929850369530265,-0.009915515631672265,-0.9871228566255476,0.2507345597851283,-0.3527877750599837,-1.7380634520671494,-0.6724979644579853,0.37598930276732145,0.5938056767893068,0.5183787476080327,1.828229315865904,-0.12446293174696742,-0.7436626816138948,0.7612322857404783,0.35981296889161296,0.18334238482732398,-1.5099156179239974,-1.197331722251691,0.8751355403624089,0.19399414601131604,0.6246987825294175,2.58185322562729,0.40429129810485787,-0.36915482794234555,1.3105226547950954,1.873530151903854,-0.6887810957614745,0.06264698384073412,-0.3147637700025589,0.48338304711400465,1.2319420977029665,1.4054276519187172,2.1464066315360277,0.18502755462099832,1.509181064427055,-0.44104819487208696,-1.9251073612543796,-0.5574804597550828,-0.45994712572057755,1.2834181397935112,1.8935425797736734,-0.545036378170668,-0.3542461044856684,-0.9371531025512594,0.647216818695981,-0.6537880751117306,0.9910633351977213,1.690374338534676,-0.4257314495639326,0.34928210471935534,0.46663737392805266,-0.35183300424140274,-0.06001347213910207,0.2993949422254633,-2.8043390845861276,2.4463581190743673,3.827744918511221,-0.4001768710001652,0.9907080026090382,0.6150820676262971,2.5896280435801455,0.43686261321464515,3.9032963481836225,0.8022253908546976,-1.6162817588643978,0.03155719456391541,4.729393135541538,-0.690124803733086
-13.772987434558967,0.5117949860942214,8.67380932310697,-6.628449452307549,-2.3248582827391306,0.49783361755704547,-1.5742057872976318,-1.891098951189785,3.0236883688092244,-1.9519686751011445,0.20959122228003305,0.8492537526242175,0.5535698086965354,3.2453289881459146,-0.627887377786852,1.9204616368382408,0.1959482257373741,-2.551850418023148,-0.2034413682604285,0.33782397264471853,-0.5416096205234959,0.8766121923750908,-1.0456874265793707,2.0672444907172327,0.47016597684968375,-1.5493365977419087,0.16444209645324992,-0.8585227130966742,-1.3924473548006981,-0.2553673540132309,0.19794090269052977,0.3590500350354327,0.6109243090407097,0.9969513158078643,-0.26247362507399,-0.3017978120398267,1.0143612485765998,-0.06540802052757311,0.33271568480942854,-0.8676976778485739,-0.0067087012193702625,1.2124370162247675,-0.06311367219236004,0.06713386343504235,3.3422257995986517,-0.22818464223256982,0.8630804571716826,-0.5609545945686223,1.115587141296906,-0.01715009473289037,1.068277089941146,1.971890573209018,0.7383561690018521,-0.650143807934193,-1.066009284423292,-0.19184287379085765,0.3470991989845078,0.3500527075085926,1.1380541879674282,-0.9687683717136983,0.4274642911812721,-0.7832526768019288,0.018721789861720652,-0.6271240223614318,0.08139239794372022,-0.27787693569169175,0.1637744495191814,-0.6085752735730063,-0.5824173166893175,0.36706154579417366,-1.0544619731215994,-0.5619690491470853,0.7343777819840118,-1.29412686683205,1.2566705102797695,0.11362238613577601,0.7201398664205073,-1.3552140415747633,-1.3238760514430659,0.9478639416373702,-0.22731047606653088,-0.09716640579626487,-4.194423500287078,-1.9707020770718229,1.336056461441072,1.8682646697665206,-0.30709992681783804,0.7954336699395259,-0.6928972139071883,-3.2725351621528858,-2.0011240060480073
-14.105831118098948,0.5630146620413176,9.148327956157068,-5.1775525775002995,-1.9024095421372729,-0.07880458483210395,-1.162379838978395,-1.3809708849103268,3.4124621915597744,-2.047638237649363,0.28571144473312515,1.072068777834834,0.06615528390401273,3.7171602482254538,-0.736830348441661,2.553646139346499,-0.3418695538561993,-2.1149691277404266,-0.19458725393603432,0.193722867596855,-0.2058062826833641,0.29047798837489214,-0.6120976111632193,2.3932169147687374,0.3033965805177091,-1.752234055311712,-0.45862063110047196,-0.7836121641648124,-1.7375045389417798,-0.2322354172633601,0.6099435593195112,0.6657150880767903,-0.17036560815310114,0.08969671667649784,-0.7702276255046528,-0.5812964024476895,0.11323832911504067,-0.1586299586822589,-0.2651073870543078,0.20910361131840957,0.3144315228338182,0.3290769651909237,-0.6485018033234868,0.4811038599494871,1.5651558653740159,-0.3755774141472456,1.3031638302754516,-1.117903574177122,0.02706467259026978,1.2537492353836288,-1.1704997726233501,1.2079258911269037,0.08695869188483958,-1.9514138546872037,1.4318450407019183,1.416003772052627,-0.3704978731241151,-0.47409483361392024,-2.178574068759193,-0.317710616898343,0.4612592142082372,-2.2511983857465254,1.938309134467759,-1.2504314684680458,-0.8346002796680922,-0.03505474669621327,1.2874462510954927,-0.32495948936848296,0.106150757535317,-0.07150649831952428,-1.9742644876849091,-0.832012726937467,2.469289802359983,-2.578144019862265,-0.24787851496729627,-2.3084177597693616,1.1255004270551598,-0.03938681234695649,-0.4524470881224509,-3.5579471536447547,-2.535064872314339,1.7445596201818458,-0.09820926803684477,-2.211163625019713,-1.9888690842557748,-5.007841064902713,1.205297702337002,5.501153316361851,-2.358691963943003,-3.956242842691775,-2.999380718149481
-12.426082465218288,0.5996039505030928,7.901102637296179,-6.387146912929425,-2.1725148078317833,0.23422864210265745,-1.1626525974510238,-1.0569007688876983,3.2133623736637333,-1.1534312221330203,0.6420698569758879,0.28565493614953025,1.485933897546067,4.017061471455354,-1.4216049128989174,1.9516520569372542,0.06278798377148462,-2.7255171778433818,-0.5823169906253061,0.3652314379097826,-0.42165239716102487,0.7550464037095858,-1.0833240034516176,2.4805783013255938,0.11726267034110069,-1.3433823202766098,0.38703996651678646,-0.9136415450648416,-2.4166599901828194,-0.696110057510001,0.08446634765285814,0.3973743344792152,0.492938468289318,1.011867135033217,-0.35135682428636256,-1.1306055897554508,1.0183930232047578,-0.44422246139980043,0.5822235173447002,0.0888466774123779,0.11370685897517117,0.5812877192209257,-0.49901370977603,-0.040201937548122804,2.8666230059083824,-0.38059708455859725,0.14384021077543124,1.057029518558307,-0.7773457421519163,-0.4100699888513265,-1.741183822889659,-0.0917612921577084,1.9056167756500266,1.230278341763394,0.37690964408521277,-0.6001217972398718,-1.593417097927688,-1.556034028538923,0.5832907806660932,0.5188781055086739,-1.3583438014406186,0.5665147891380315,-1.1638024893595837,0.7801383297124435,-0.3637073174272833,1.6587315487566456,-1.0223766082054122,1.3635561096267845,2.194314265269836,-0.7893662327685802,-1.3536736149377768,0.030789622645613364,0.3804697112189408,-1.073789935529432,0.9227072440697434,3.629355431878371,-0.6802840159972541,0.9217887496385075,2.5406770310412585,-2.8084806791858457,1.0087796192304395,-1.2279275272981391,-1.8521875537561017,1.941576696928613,-1.5035874781517726,3.72335842462218,-3.403565481660776,0.7976940098483077,-2.929611850341389,4.348069696789774,-2.048113018094459
-13.380587968423898,0.4902716813665086,9.027980780884818,-6.794610141161214,-1.9298758500408237,0.5087618897800664,-1.7112432479305744,-1.2820178815324068,3.3076156954485847,-1.669278635702607,0.20004591318849513,0.46654156253074974,0.802868486167395,2.977358868162857,-1.1664411667524743,2.455836573183415,0.6310698897932824,-2.246269980590081,-0.9114888022120398,0.09609917105082401,-0.04399965770363988,0.04436361195585503,-0.1279965387975243,1.9473222957220109,0.43530901643533926,-1.4694320106381145,0.042747873800202486,-0.5524583074745771,-1.613096257676796,0.12880273734769654,-0.7818405292280538,0.24879138437018447,0.8456114702213274,1.2555847642946332,-0.19231014266572824,-0.5698027927226342,0.728295866090764,-0.7509298326681698,0.41961833132607906,-0.3473122959503986,0.05439766311022148,0.06296552454180979,-0.9515320078487647,-0.7825048543038755,2.121483391461159,-0.05630995788531446,0.2543747707319649,0.22203625849854,2.3096695225241515,-0.328380071990017,-1.7562013025611924,0.8786457480999633,0.6108923752369636,0.5129207650209808,-1.467904437908732,0.5166442924368836,0.4540184372686183,-1.2497880876806053,0.5627537034246896,-0.11247361649648584,-0.7120793107696366,-0.9152524345534189,-0.9131607541886204,1.1419632904331967,0.4938722848784198,1.6479259736632732,0.809995127773199,0.24944829982775527,-0.8696247907413723,0.8765566308353927,-2.6352277919133575,-0.39449995984479075,-1.3802500492247995,2.699163325264629,0.34168160214439214,3.405309323038132,0.9905169637930551,-0.7678037623809488,-2.2400705846574707,2.147756900832411,0.5039814947558321,-3.294848157637154,0.3147590219893518,0.45658188404573596,-1.151934581144627,-1.5394254592392809,-5.891317478772316,-5.686661726162776,-1.1823676382110029,-0.7815667253695404,3.606599839207567
-12.753611190557208,0.8650640295258711,9.273775011407617,-6.104761488909833,-1.656722322263561,0.39418932511553606,-1.1752937091154727,-1.8428186728848603,2.597647765824138,-2.1222648575621625,0.22946725315365596,-0.25235849142527117,-0.49844395222626686,2.5796262659427587,-0.3178861542101472,1.9481679143391284,0.8270935378958165,-1.5883936185930436,-0.14594944463868598,0.34340491997327216,-0.3006576163304424,0.9789527013451113,-0.032798618475526835,2.8229891027714014,0.12730149572707153,-0.6725675717916759,-0.35425566082905996,0.15378572550473318,-2.5653554423576184,-0.01645341108781092,0.3264886690094249,0.3218754116481078,0.8893112501008431,0.24248124177849217,-0.3029736731087958,-1.1983909989176955,0.17271007602443345,0.04941588888742029,0.21795448568753184,-0.5017204238772793,-0.01921748298638883,0.37101138399599837,-1.0131570761193642,-0.41664136030794874,1.3316750730245746,0.12685492856645902,-0.0768540682714885,0.35921083388993486,-0.9501523863012212,-0.27711641537088394,-1.6667654846538609,2.5390056450741283,-0.7353681874555927,0.05436933443847642,0.19444104732919149,-1.1025007382789296,-0.5294215837194552,0.5146669874709098,0.6030184902853063,1.3212540814296867,0.1439043415700548,0.42210893713903735,-1.2829272402058272,-1.6704152454889867,-0.40526406336325843,0.6438535589910751,-1.952448603333146,1.1076537743840764,2.075778961482111,0.9545374027722453,-0.8265068584508936,0.9464358001576954,-0.24382463631800932,1.1959629533262401,-0.36210261901865837,1.133971852649957,-0.02491142068599735,-1.4104325347629219,-3.2732682802412243,-3.051555967349582,1.8326698006378104,0.2081644867775926,1.3095580751552813,-0.2699860396204384,1.8463104296496669,-1.8044506159952343,-2.789892821084329,-2.1157459334303486,3.5757006316862734,2.3938472068585783,0.7664344165906833
-5.149298000967404,-1.5428143837610346,16.121915954942253,3.501167000179464,2.149060765648128,0.8889412100670009,1.5580260699255588,1.1735026643596933,-2.1891121086540806,1.780202988201196,-0.9059872544188755,-0.3592878201952065,-0.5717414826602447,-2.76775923703321,0.5317569268856707,-1.7553758903331933,-0.759336415482462,1.961986417291998,-0.08427230084674649,0.002911101718758687,-0.22874434993687248,0.19731112881748292,0.05495559980995071,-1.43479064445108,-0.967777275467254,1.6366490220854988,-0.7810234192483397,0.4043245198085001,0.8278805184402295,1.040359909026817,-1.112508727732005,0.25412050602204106,-0.7801526234721077,0.25759642387579434,0.8063824824538685,-0.20043855386655005,-0.12216327900903791,0.30138865022103056,-0.6683838641493892,0.11787293103555993,0.019111549259069542,0.6584475509300312,-1.4415130465594301,0.46981238813101184,1.2720613128640181,-4.4881228112859635,-14.100377186828352,8.316144335445113,-5.000651968801846,-6.798010582930296,-1.5171637672113187,-2.1414313275471293,10.942899280493698,-4.633794425574327,-6.651903419790308,-0.01720526118618435,5.332883748251864,1.6037001477533113,-9.041923987826351,5.84084439577777,7.302879216752803,-3.0337448168770087,-8.00373769998224,2.9679621764640176,-2.984739097369643,3.3686678746452787,-7.568990546983028,-3.1194666783000393,0.3789409705456633,-6.95059467772204,-4.313627943371727,5.599696518521124,1.8794413334214952,2.4726064649814985,-1.6432615351868212,-2.7041577845257727,-3.086252208095517,2.5427030515368125,5.294316547686805,3.4959081672538597,-0.8210249888049674,-1.1325937458284976,-1.2450644544791265,-0.35814307223222314,-0.06184836126758159,-1.2946236178065087,-2.260643513259725,1.4362794924959232,-0.22550656187171894,-1.330075255793058,1.2766089080374157
-7.104789277634687,-1.1860989206069876,16.744328521966754,1.993990351427229,1.5052156359134026,-1.392484754164951,1.2927810908212478,1.1669350117167883,-1.8354183792371146,0.8125244927500377,0.25503962193384927,1.5653840014638458,-0.8615701954842998,-1.8418753747394052,0.48743332626836255,-1.3199656036324507,0.05869963795741194,2.592908159480015,0.5810478591384975,0.37436402826204207,-0.2903957232886071,-0.6083378235437955,-0.5769607866030011,-1.6108567536774714,0.7335629598454986,1.1390021002074433,0.5442184116689396,1.3601568293234907,1.2386997862716747,-0.8449839888475212,0.5258472105472485,-0.19290812381610098,-0.8366995662173176,-0.9816679207788385,0.3058027366218815,-0.623428361075069,-0.39273195591501087,-0.6383104990094859,0.32816162422445133,-1.4515959646164174,0.31760326449999526,0.639394827963803,0.19957828207978698,-0.13782896169352948,1.0441830623815491,-5.425286220915389,11.99324342536504,-1.3986606684606238,2.361085173532808,-2.1338124301834718,-1.4167901242014096,-0.7322169148155168,-9.758359817930687,-0.10055152293472999,-8.844923983608926,-2.120033970198321,10.616809823643113,9.962975200969383,-3.35976152251136,6.53506407902759,4.786166537964368,2.209070608669545,5.302614034534706,0.7713383462384431,0.7587254134679262,-0.5969682672816456,-0.5115810030179352,-1.0804369391778248,7.287545033705663,3.5018878256848276,-2.8328871125596953,1.2724506244744258,2.2573337631136416,1.6398890110328694,14.475886382772591,-0.41816368970231793,-1.1706443716963546,5.293832890312489,0.38923427950646755,-0.38788959012934215,-3.289206061763124,0.44713604577197075,-3.5414298300768174,-1.402386759751967,-1.5396185629757668,1.0411290327563416,1.6238150171786805,-2.0657171629133937,-1.689456591340584,0.47166037843874337,-1.4094582576367172
-6.246184539231709,-1.5342793429486088,16.36446695132992,1.783151884483176,1.4461739770137898,-0.7743603559743306,0.7194790184419615,-0.03881621151425915,-1.92271057674908,2.4332003793312182,0.5128228783828167,0.9664536647311778,-0.6040338987903897,-1.946603236190348,0.5807296567350718,-0.6386272699973639,-0.18870956845626383,1.830730637579336,0.18079141372343066,0.6442260691531659,-0.3981666353676427,-0.003140439562749378,-0.7253071528424397,-0.9405457258222214,-0.4865083711023014,1.6515546922047974,0.11984455455217514,0.949684964013276,1.0480461638208727,-0.4871361925284328,0.27009763488321503,-0.7990430391880713,0.5129603111649247,0.16096862111432572,0.7879301440203599,0.9118529530397078,-0.08154892987560484,0.6836135044916181,-0.9149917960225887,-0.32150447646737335,1.6726563761363344,2.208698744860852,0.9335819522731069,-0.6261944409589746,0.9755820874808524,1.5060050836018581,2.131790303617395,0.33453888310158664,-5.922217894163477,9.393257551585796,-3.8753884483196415,-13.352504781976291,-2.090251442557961,6.568423340882129,-0.4924575657578897,5.864796619481616,-5.071563746970715,0.9440207807886922,3.887545750898963,13.750796014070403,-0.4926441910115246,8.519454291302715,-12.123432968772105,-0.7588622884783646,-0.21009753121673366,-0.27202908050367247,0.7026449781286711,5.387925838700933,-1.9290991201663685,4.7833366886772755,0.6325316022925415,-4.014093046877678,-4.968291532357742,1.7132846212004653,0.6765089949223605,-3.710771470576496,5.923664899624309,-0.9742930586190285,4.53382059393419,2.581822052619545,3.26911594032548,-0.4948830154701394,-2.1820771139664754,0.1461039833467272,0.13888961957647813,-2.662862184443028,-1.7348279381427438,1.1472673632938384,-0.8909288993240865,0.2884516707431601,-1.3601078638042028
-5.111618417003088,-0.7949036302324208,17.826906313040315,4.93219956269763,1.512343465752195,-0.23229060258372847,0.6374579009878787,1.8992087856696862,-2.5381025279818235,1.9995341637670772,-0.6947313612047826,-0.1961854504284143,-0.7694709898827244,-2.7740329999334263,0.3778475075347117,-1.4938007084740477,0.5159170804327047,1.8693571056721199,0.4028043227719895,-0.34085644712785174,0.42705949726119186,-0.09324755586735334,-0.8394031385995082,-1.7143400360401562,-0.7756098909338521,1.6493066061477861,0.2401898801406249,0.26712459362769725,1.189973387372809,-0.13605917755226665,0.1024124490627695,-1.6901486888739854,0.5364354420180194,0.009236914427945936,1.0602019890366237,1.2912775812378785,-1.2519966586020148,-0.592468326037644,-0.01921786461348192,0.44303011864952696,0.7646313815699919,0.018106457944760682,0.37566618671097757,-1.3215177126770419,-1.8858713846309847,-2.9101612810768906,0.2879626137374235,-0.3621218298585015,-6.787012653427607,5.586837772523102,0.4940518645839531,3.2909782456246703,6.143495883598892,5.843106594843302,-0.9706138780724377,4.591022504575474,2.385597602991289,10.999201895905673,-3.427356660812138,-4.041307805811109,0.959705923090956,5.347607514126955,7.0147478369853875,-3.6796842479798215,6.96053537091137,-0.5660652201805,5.8349708514728915,6.997244155422311,-7.684629309189195,2.3793430515434184,-9.247655793700387,-3.3845446599460276,0.5589659880130139,2.9361649486835573,-6.778542953616167,4.742283562860616,-6.458151448173509,-0.45272720404899597,-0.4812848146819015,5.862920752576028,-2.570225296056284,1.1593824643625676,3.0084772776581667,-3.6390755777969432,-2.869448646909271,0.10144519252717046,-0.4019098573555079,2.2887567244105513,0.2601000914642446,-1.6195505351519661,0.07931956514526371
-5.499794533539912,-1.3954742549921049,15.44326961004742,2.1631492154431538,0.8921191416557964,-0.3475039734148961,1.1902162203477162,0.8131516686932873,-2.3978974898185617,2.2246480756852365,-0.29021941068258567,-0.0926372200610606,0.8143961606738641,-3.823032415882912,-0.12670279344572644,-1.451531365947897,0.24924099496467933,2.0786637276913686,1.1078984759100023,-0.5609206739077077,0.0839596337053667,-0.2908562129461473,0.008812439279464608,-1.6496633961018519,0.13815195100937877,0.8206540086137705,0.6418663028700279,1.117348465694756,1.4101106051565369,0.6338760012321868,0.23925424071539197,-1.1451440107939304,-0.6565635334842563,1.1346931181342175,1.2220059343441738,0.27633441657551905,0.06224959499086759,0.6668266970934171,-1.2186151975536397,0.08584374854949149,0.6380524348190812,1.4660128960974714,1.2758998259566061,0.8457188008236096,0.11784416837951486,3.686103775840615,5.951371526087023,-6.075489349891062,-3.532430614254534,-0.4423733119388599,-0.1831877043573453,8.639817321371172,6.786443824756211,11.509577919189391,1.112965570776896,-4.831283698802905,2.2567127214177463,-3.3130376861624184,0.6490193446646283,0.8164302553591865,7.739413931129324,1.4470925151656495,0.16752551836931945,-5.390916268790728,2.117770840346831,4.753491380729563,0.47584878387742785,7.771460037470953,2.8054869488938388,-6.444497452503469,13.171986515200786,-1.7027859690929463,-0.4678067626008081,-0.1105784753702072,-2.2006372849942335,0.21904787857976354,-5.709439317292639,6.023656539218503,5.476685134415517,-6.090081698765639,-1.0776783887460466,0.7646812604557102,-1.5176453587639387,1.281121739163675,1.6841358960680832,1.676918745969891,-1.0239880192712332,-1.5672238735686312,-2.7153991612286483,-1.596560652263785,0.5942476423614124
-6.848102231159327,-1.1526019774434104,17.247861396517997,2.652453660090763,2.1129992069686483,-1.1973887889995558,1.6057877285206348,2.0609313363968615,-2.6159825081111445,2.3622595710078906,-0.16261947172245647,0.6101465400605455,-0.06612351234811918,-2.317802672580096,0.4553324385353854,-2.493105702417533,-0.5793887943876787,2.8272466650209425,-0.30765877407927666,0.16528331868422874,-1.2650083502591138,-0.5379119437813674,-0.2709748229354824,-3.171416250132924,-0.3886375360533349,1.8076893855785439,0.5903244863130221,1.0765935300011076,2.0428649256526636,-0.4787603332140211,-0.1971697193649526,-0.8130796831231687,-0.22742974180379652,0.05498451673479784,-0.11950968489004253,0.37450377022889686,-0.6678021479098388,0.5302179527889647,0.09714600686624375,-0.07030959386442281,0.20611251791526056,0.7080632893646871,0.8946779014505364,0.004933638237472641,0.5301468544216406,-3.761315896905667,-2.474334575898494,4.723094642436143,-7.81025927977242,4.800326977273314,8.201012449403825,-0.47292853824159475,-4.485296988780847,3.3516119857461892,-4.664651982320043,3.0767149676422525,-1.4746852851647376,-6.031558149354588,-9.031324525557494,-2.3481961614683944,6.595346846034667,4.616360485554392,-0.1921688262150861,2.091053445003618,-4.6042514429587085,-0.474163908835901,-1.0312439747434083,-6.470048811054685,4.050194531726646,5.907928539419879,2.329039795197268,-3.695142089963846,1.8904746123177272,0.6093541453893966,-2.6768388099762133,9.342471190766942,-2.6749083328900145,-3.9013370018274225,-5.221658164953239,-3.1265506860822603,7.773418652832358,8.863889632268085,-0.9254274537279271,-1.4750936557145813,0.07575742222812369,0.8127111818394208,2.629235888028573,-3.129413189437718,0.7899891425542558,0.8975370290510831,0.5639869209609449
-6.228551699132539,-1.0737597198476565,15.15042141695374,2.9903337621131496,1.8401488692769283,-1.529741611441942,1.2567762702815017,0.9260906484046935,-2.5585450566384305,1.9741894627761654,-0.8649333765863457,-0.0839639695167333,-0.5677600067357337,-3.762466121753366,0.009190080646335065,-2.899405020824759,0.1366595156898614,2.3268178620801607,0.9411211109700997,-0.3517100472114174,-0.531949651530988,-0.10719169456604846,0.2013568189460366,-2.753163055796693,-0.37500121003901965,2.0206226380302987,-0.7042318853999083,0.5975159337943756,2.041109396712435,-1.364932138324518,-0.4801486514148676,0.9130888198963315,-0.48517565880334823,-0.6786278332551641,0.04145424310065,-1.0569755541940915,0.5481766299513788,-0.6989299235810983,-0.19992889337987824,0.3412096013155935,0.47574293628080505,0.8187344107457143,0.9192315331669293,-0.9668163646232734,-0.36201089566530775,-5.4154533908714955,-0.21179118236531758,-2.596826894338489,0.3951890502028925,4.214181952628251,-0.15654899621011112,-8.377373461186563,2.9942102785762463,1.4178349379338724,3.2125061978010114,-4.596509477511043,-0.7499958300202367,-3.8223109187664104,4.561807325919219,-0.3288030071587477,10.672847346549345,-7.53868840431595,8.198573435087603,-3.7255236600558486,2.997591208087501,6.199329169000823,-0.565509489391683,0.25668281987584207,1.4646469013714871,1.6404770911154731,-8.105372162933111,-2.291957032061689,3.3595164102304804,-5.278450579669909,3.2141627311274275,-4.842392319527932,3.764623818492799,-2.6010572797584546,2.4264460127127614,2.205771417437562,5.766198101562859,-1.298011036030984,10.413843240374398,1.53459015546245,3.8348530011796695,2.368820248779295,0.30501149238402786,-2.689747515783922,-0.7712618940808709,-1.6922746193504934,-0.8041466624825588
-6.051360319214997,-1.8562053714341227,16.652007742826306,2.7188502570731954,1.4467513406493344,-0.2704171666830215,1.5135314261101585,0.8280783791137503,-3.037924179935666,1.9394550516757059,-0.22905785449240365,0.4726445580662964,-0.8219155771660406,-3.039863222233147,1.761330454538446,-2.545364716937641,-0.2523324718818703,1.8303740628289984,1.1641550789945898,-0.3980903007338884,0.09595530440519885,-0.43182204843966693,0.16357661730313178,-0.7617867435680179,0.9744456319367092,2.027952650372978,-0.16082404626678376,1.5582690276894149,0.5850339783091152,0.23064301163643608,0.9806501145206056,-0.8541653004258151,0.36431280497075286,-0.8142762560871782,0.8136243798034934,1.6131657933760895,0.47602996053648217,-0.7554329689887961,-0.09993295503491073,-0.005206625973878479,-0.024767422121353088,-0.45530737366148405,0.32465760542955824,-0.37780726017745325,0.4045295118826539,-7.101736205948068,-1.2021090923786812,-10.340122124999438,7.8951551815559675,-3.2423613478999114,-10.724183226956022,-1.6294760593248991,6.352173037061891,-13.49609121790881,2.665068693722704,4.61701729930173,-0.37059890545019003,6.509226074133238,4.827426615505817,-7.180165121511342,2.4365457551873466,5.527896253899721,-4.479966227258706,0.4739157587470138,-0.5520062383854948,-7.23323181930771,-3.1200490387315485,1.1287781544338835,-2.0683384675297196,3.927703968417981,6.921644017026872,-2.977480864879983,6.327885609039446,3.627716237339983,-1.1221840799912546,-1.3432120809305998,0.057646184454725635,3.4621008130686364,-0.8329327537289932,2.23669307749896,4.268898709904246,5.014409395411735,-0.23003127645114266,0.33521657376627867,-0.8977166644212112,2.1764550270113525,0.02360705991519325,-1.7609715666881698,-1.3411970916570233,0.17302006740659853,-1.2506700220231468
-5.565556885709328,-1.0056461488509651,16.16409580406394,2.104883821264957,1.3696330385297222,-0.08395181972685559,0.8355428512130529,0.9898609118296829,-2.36977376624648,1.4616993779061604,-0.29791278837328966,-0.5806875447022182,-1.4925187155526873,-2.2122365561682082,0.3227727217675985,-1.5018570428231557,0.28905735923407927,1.5371766523676273,0.6650086863204939,-0.6483920640739842,0.7539500850461827,-0.21554486490989247,-0.08304591780548737,-1.3547288694782629,0.6452832531745524,0.6443125368228764,-0.02065692724042208,1.348438067231367,0.7513803508504837,0.04646847280236204,-0.6370940237731727,1.5937680077816185,-1.3823810424100031,0.35711386417507596,-0.7895173381052751,0.5652007496649588,-0.1501799126701595,-0.7914851800268583,-0.8246352516623359,-0.1872071315477673,-0.1525599088499256,1.0233591535972697,1.1303843343953561,-0.5054259650593161,-0.42170992298872334,-3.947769619498306,3.69591818559147,2.8132167740408645,3.8525414982108654,-4.20862248857789,9.59828429570733,1.004525523709015,2.037560046549039,-8.171854120617297,-0.9290949800057001,5.977378016614911,0.6233946548334239,-5.634267602434621,9.156712360408752,5.913266274367783,-0.20452148521316246,1.4250132893488856,-0.056690614153579656,0.09146842154529738,7.7463251624237595,-1.4506365641986283,-5.828972350837247,1.049652585240874,10.291288825036291,9.952392754361238,0.7020826824496555,4.457999603355176,-8.05315029632295,-1.0381848088044427,-6.663293240916884,3.2786146885034864,-3.7852332783472336,0.09114484611084475,2.779946628501173,0.6578104528976728,-6.245574142629113,-1.0253799161603174,4.8940021525291675,-3.0829480365086934,1.8802856721320949,1.5487691989557872,1.2241798995689313,1.0662224512773453,-1.2741770468337756,-1.7260658116439844,-0.9863754277329404
-5.311663462501639,-1.275820340487072,14.9037211135433,1.9671883841568742,0.5434746356745129,-0.4359168145852811,1.7208855128621676,0.2527484284754878,-2.1636433929147443,1.2368500013759787,-1.0074242419790476,0.028605450729519276,-0.1423454148302014,-1.6697841831010694,0.5356601108903125,-1.4602499395225768,-0.11525285834270417,1.7670241432826714,0.6012944073214593,0.25558108884310055,-0.2854228115308606,0.5634688268086426,1.154928048423566,-1.9968295962898237,0.22052715067537698,1.5093605703847477,0.5330387121788052,0.13167367468142147,0.4553973990464695,-0.212875840417777,-0.6394018300244237,-1.1963398394854685,0.6164570851669383,0.417856829893588,-0.016323083102209722,-0.027201155876591037,1.538478793337729,0.20694191352941782,0.06049010932065527,-1.195674629479586,-0.646301841769888,0.6697431601540755,-0.16628024948260467,0.45082297190817533,1.1170296107965065,5.055481449665352,6.660253511278738,4.816254120873142,2.8842879256462526,-5.392700712292854,1.2620899139069346,0.6949668107761869,3.2878160318679304,3.0823791927579913,16.049181565200826,-1.430584830815464,2.763196219836527,-1.8717603911265903,1.5265940570954957,5.166408315681678,3.433706452810322,-0.8565026059037937,0.3364919228457956,-3.732988398721105,-3.757291026517665,-5.463718147701204,-5.2310929924371115,-6.490163417889295,-7.072355143074841,3.9673591904209573,-4.760012190718374,-3.917207774936385,0.1998312452251777,2.584406798918335,0.6877385629645193,-3.0829227396042413,-10.232036662169651,-7.430893968409676,-0.2815853705230062,-0.24185559420030192,-2.589818997219379,-1.4198613226976775,-5.177912869043343,4.410568209534177,0.4153351327976992,1.3968705588164378,0.21480853379041429,-1.5251932901304575,0.32409983035378176,-2.425791322595961,-0.3972125264043537
-7.607340618763409,-1.420943184291868,15.942364027823512,1.1774629578591962,1.0291129544793791,-1.4391235284629054,0.8939538237855303,1.1996532954901609,-1.9950655163446376,1.5378440410353724,0.33579663258058007,0.007899673658445903,-0.38749649204412834,-3.0096975236904417,0.8585020600912288,-1.4357662767384038,-0.2605412228417593,2.4287633577044687,0.39284246580641297,-0.1298028322172934,0.9801921996212042,-0.44344361935558096,1.4432930586720534,-1.106119233919577,-0.2632795284069656,1.3752591608664448,0.996750590292407,0.463418646825896,0.29372017886628293,-0.2705020623337238,0.09324260769964948,-1.1132903828334741,0.007559213100618177,-0.6308872425788689,0.44407789243430795,0.21166741140957746,-0.26663781725395785,-0.027173364779551325,0.1300865130202904,-0.8585850024921166,-0.42589883469294637,0.5636273903527556,-0.26949010873322304,0.28346142007066266,0.6554407059676851,-1.159712364624087,-3.9829127242189184,1.3126491712923696,11.934177927823397,0.8113096031870745,-0.5879311438795914,1.4141213749095862,13.187851567012812,0.03866856705084211,-4.445998696260463,-10.466018460992052,1.6402844777730594,-1.3463372902655912,1.0585018636742003,1.4037128088986406,-2.5039703828087063,4.654117911899053,-5.771243860488646,1.008006877777576,-11.20439463086471,4.559292993191063,5.833797732536964,4.414443085642051,-1.5692240127424701,3.3136994724132496,-3.4453668317994097,-5.113769222993383,-8.4708815382771,-6.216118474350091,5.480904410901412,2.2788441583629533,-1.4162771032272645,-0.10771172273097498,-6.164387694072541,-3.2680294773823633,-2.202416906804559,1.4323270610418026,3.807643853318951,0.4608567059231598,-2.895341516649888,1.472741424533786,3.6705777087499825,0.5449687193814299,-1.0806779401380338,1.2702533145688215,0.37436911186055133
-6.384125338852405,-1.2618736311503553,16.34234099303832,2.8457221806885107,1.5785788197734916,-0.7148813046417615,0.28396211290004053,1.379955911118044,-1.7332676478304405,0.4836216364206238,-0.7144044709452415,-0.019553889952946376,-0.12384469487540692,-2.0531887216000664,-0.2724647152486465,-1.2148313999412894,-0.8560692186299035,2.5143958877468187,-0.04904061903868284,0.24570998208134878,0.5975592519378939,-0.4778775874971245,0.2599834240640513,-1.5082041273681805,-0.6759129084050242,0.8101098835525989,0.145961959794541,0.28034481864162114,0.8037604137908521,0.5544217551717151,0.4839472073622309,-0.02378909044940064,-1.4062133769059455,-1.0167239442043858,0.3049234351383018,0.60959620034454,-1.393205946569898,-0.7104994248420222,0.37202291306912216,1.79068526453597,1.1191478897190945,0.28822674778667423,0.9043598517021895,-0.24531419591143316,-0.18364856048456094,0.9782115644269086,4.787513296414011,-1.3959296351763415,-0.4533261814802725,-14.846090074396393,4.483954759072322,-7.311667056218062,-1.012475025422355,2.853648418387024,-11.107756334191375,-4.800373183125697,-3.2348106602563176,-2.2113759786044955,-0.5466783213594848,-5.975562255888634,3.4654503318098078,-6.32261189729804,-8.641461506438048,2.4961806461765383,10.872463619227618,-7.131506708593519,2.215754787740472,0.8327417364100784,-8.814709997047377,2.441412353847509,3.8571215857895385,-3.393434970220877,0.9333940355423396,-3.4356687915337583,1.8603548913386538,4.395690892873755,-0.25571620213949675,-4.432053547321703,1.2099910152231337,-1.9621626565133723,0.5368042426913862,-3.215068583925741,1.3315564227260008,1.1106397903978333,-3.4451516167401444,-2.3084107559624885,0.7055807049433732,1.406141883989619,0.4491577555223339,1.0386488955122544,1.3175849044124315
-7.322892303266347,-1.4194196825252863,15.417956702489334,1.7029704212346897,1.218864898944534,0.05111151854497542,1.6618076152100256,2.2406791109712545,-2.9139003241037558,2.3459291894080803,-0.7470172999991919,-0.15846504679855994,0.22981725148210302,-3.999847741915176,0.06835493785783178,-1.539730588204048,0.5271775780391504,2.429588911157661,1.2427613299558553,0.7981849761073835,1.2835745464563468,-0.1206340263190515,0.010605209101979922,-1.5512078877365283,-0.10664193426322638,0.6872763503595781,0.6276840461506806,0.7661078682364818,1.9249620814926944,-0.7235065689606857,0.2788223023500049,-0.8000404608078517,-0.41606374885541914,-1.4336770886212198,-0.6210182546915468,0.9117541713489608,-0.30008986629952544,-1.0517791491205424,-0.43408333561954116,-1.4666800683699672,0.26813276428256727,0.5922460816032121,-0.2849122605005989,-0.10913987467836474,-0.32121354613225606,3.6249849322011256,4.144229783009249,1.2202325386190664,1.822429053072231,10.805150757999995,-5.4342286622558165,0.7241503692815235,6.87910719726121,-4.242594491271226,11.453532429538425,1.5774601017656495,11.322685526883795,-6.135072682674314,-5.349343297702489,-2.896871445185042,-0.5263662061588392,2.6411406355803,-2.7195776208708335,1.7723602346967209,10.735346299337458,-2.404021736341769,-3.5079623117977383,0.3592517295222338,0.4227670186936576,-3.279965538705944,-1.628470598937125,6.219957965403967,-1.8574355166008516,-5.332901454964198,4.11176173908151,7.002487131123084,5.8971538744175795,0.016608844083765166,-0.25910026881981196,-2.6830651702557624,2.7287912588573424,1.2929799545095495,-2.1275077746731172,-0.21558924260891843,-2.137097786054184,-3.662581155315894,2.3453407569015297,-0.2222839915744685,1.4793886757231667,3.1680851175186646,1.9925309274192773
-6.073002059756253,-1.0619505314748672,15.57128922318058,4.149419246035241,0.651563968419903,0.5443213193842144,0.9892800495907331,0.7099241672924914,-3.283564611123138,0.7429506856129391,-1.1317685425372024,0.2794640557616582,-1.2980330146516057,-2.5165693366783954,-0.20656306767519345,-0.47174822436475733,0.5463088687980813,2.748879934765924,-0.0225754529161188,0.17591063622728306,0.05273521864212612,0.4586705448001463,1.5339412257248817,-0.48131231437450367,-1.0525864423261753,-0.38994739488137137,1.2292584524351848,0.46067083893682154,1.3032043310649064,0.07613760444914185,-0.044214360726336534,-1.095399008527754,0.5256738501399429,-0.23451709079797592,-0.9243302953081597,0.15099637572427768,0.019415622962998324,0.2806768728988529,0.5388546277300431,-0.4142812950218815,-0.31516436497346845,0.053105203573884964,0.8483993554364272,-0.018233855395099512,-2.642616797853002,-1.0299580416787588,9.362618720841036,16.885582614267637,-0.6278488427313703,-0.7828908383339633,-5.144782171606841,3.8749949593760546,1.2439744794941332,-7.940846701932617,-4.710430128239802,-6.524983818072248,0.2889191144937229,-6.1559384894684515,-2.3085541696937066,-1.5507110772473274,-5.150323773864305,8.801817646104533,2.674486242626237,4.124566387378273,4.976696401509504,5.010276024355168,5.172474149208854,-5.2911856728962015,-4.5015349719816635,-0.1438980597052128,-0.5115218285115213,-5.150300245968522,3.4729833436165105,4.2181597517843255,-3.484499300247073,-5.282902561620588,5.1784605468238505,0.14899507856125555,3.4308853863577933,-3.1909047959758774,-1.0982600939402707,-1.4264950645334689,0.8309371262100558,0.8739994144994899,5.6038286528746735,-1.2099596676295234,-1.6187562855091657,-1.3568111578415547,-0.8978721820598655,-1.9418709550427997,-1.8419939001228292
-6.387160784498204,-1.6948074576834091,15.849381287673058,2.010618844784189,1.7962345664467332,-0.909838880936712,1.5663721483531459,0.7346942055227843,-2.2781904631126397,2.6406058712034044,-0.1106849365988958,1.1782853450959265,-0.8144948530645123,-1.8774114970988898,1.1969252365789387,-1.342473268780893,0.48827528099854645,2.326566081683558,0.514449942167538,0.005771625639351991,-0.4685406041306347,-1.1812504734954008,-0.2445279862816392,-1.6367765906671592,-0.18936118965649057,1.1300185937769311,0.8305644534616782,0.8607184180268354,1.796833175722071,-0.45267642717078505,1.4008561282052687,-0.7650242808523688,-0.7107388518415158,-0.46689043298229654,-0.20651258680874907,1.3444836903654676,-0.1670731017749445,-0.5199307171329449,-0.6648760049911084,-1.1185361504678146,0.32704662718388733,-0.8752530590122083,-0.8575120274952124,-0.4791593066344543,2.1011301382364875,-0.2557086956199363,-16.11253808267956,-10.82024863858455,3.3539351603133465,3.828950718950748,-0.37797927369858814,2.334621529022468,-7.965327670373787,-4.033386221069181,0.12855890078507087,-5.109878591467739,6.961371822695703,-1.6293645733631716,2.8644007401602765,2.431307589625197,4.313639684409117,5.7979546473253984,-0.6435701538092824,-2.826082518880723,4.037731498866226,5.005743506075094,7.901197798044646,-6.159562654750314,4.530769698471343,-1.1736787775468434,4.704161307593018,-4.779988714377469,3.487149184256933,-0.5957607687817474,-3.047981602264287,1.031901534798736,-1.2451490163784393,-9.725125729982066,-1.4107192574440601,1.9760969643349953,-3.5026935482840162,-6.32923799856373,-3.243184025202333,1.653119767360398,0.17912579240477533,-4.044358384486021,-1.0229806605197451,0.7715710888338952,-2.4951657283723487,-0.27518510787743816,-0.22202198639692478
-5.757144173223187,-1.1244222270727688,18.454998206384968,2.27729708013141,1.342750555320201,-1.0261266945328194,1.0796777466550846,0.27862374181712835,-1.7742459851788481,0.41455547893402883,-1.3986320872031486,0.5762443398941446,-0.7715988925491113,-2.435865935441002,0.6036205239454405,-2.1488195274270736,0.20582806770272716,2.327305919200101,0.5875439844966936,-0.3291770024321043,0.6258409528738701,-1.0890746151837079,0.7348937822426073,-0.9524131185719075,-0.1326578893433895,1.9833599530774935,0.26940085700159366,0.23705701708406385,0.48630782870265554,0.7114908104473305,-0.5416517448600863,0.1331491152574968,-0.6783968549019749,-0.8493061585011963,0.6409258802315582,-0.38245289965827656,-0.2532571561022764,-0.1198958965809688,-0.20916594087729287,0.2712700126079817,-0.040982567114808174,-1.1013809253636724,-0.9588600999464103,1.3683264328880904,-1.0342314504325778,2.6934375891729827,-9.958077789510206,-8.699963172347038,-1.7949342248168265,-4.485755910167754,0.4216465645824443,-0.3130156510945816,-2.2343567430376154,-0.7917785213282319,0.044515824195175475,-7.515076407725976,-1.3996283954484152,-7.977702899883746,-3.4975034926218065,6.81703100660213,-5.201329175664469,1.7371795622046116,14.057321630865315,4.827084550251797,3.876568574482721,-3.7228665556635527,-6.684341015054549,0.19277261837426155,-5.6010538600582,2.830223188924967,-0.3176055869837139,-4.136017788605462,-8.101052753983238,-0.7882054587905926,-1.9277401889181323,-4.506864440263079,0.24294713838268317,8.656445111302741,-1.2157595924680962,0.1753905075923345,5.175263080252902,2.846553234002573,-2.517039375873463,-2.232980906404024,-2.3108756755533437,-0.41896368802151907,0.052756379433434815,0.8748729090268902,0.4863635114950371,2.5230533568819826,-0.9032434358459795
-7.1073810123765275,-1.1728533290172527,15.715451804244438,1.797676943001818,1.1826886510369952,0.4430268379704794,0.8275103394331483,1.0453369463475481,-1.315569387825492,1.5967234552893523,-0.7257646488710652,0.5414359621050866,-1.0433381754751623,-1.8756610375136875,-0.28966975630145625,-1.555583930139579,-0.5544985730990697,2.579123754005173,-0.5001938590337093,-0.7489477453014531,-0.7883876328410492,0.4706964497202006,0.08655574441608951,-1.3358913868493012,0.4108193274089251,1.9074248582833493,-0.3934640222780522,1.0440614786774167,0.8858175861222014,-0.04420406725680867,-0.9662470597755257,-0.7902084856964311,0.6647929108181317,1.420134982668089,-0.29336711573550694,1.5891926598387567,1.105859723090862,-0.22286042758538396,0.41746327975239533,-0.5318264931372195,0.6247496135265163,1.0362715323143137,1.0184163305099039,0.4990270100934186,2.4806183374713693,-5.566820353670786,3.1639227332891005,6.062616036032549,2.0891551748022557,0.3550019590837405,-6.100741226880941,-0.3456423473383013,2.8637950610272465,-1.6660042585659987,-1.7446334935137209,6.183059537894367,-5.125117082100581,0.14882560741813208,-2.7467641769048137,-2.212969882888891,8.236798716579381,-8.541450627651228,7.618724242047714,-5.142118437798905,-2.7006827076058033,3.3515314681683104,6.887255600746904,-1.916837342928286,-1.7031353992361757,5.163947757234603,7.217055941276616,5.353823237730958,-7.880233065991992,-4.065443120182423,-4.195262332443719,-5.466208657077676,6.794829477634651,-2.265638010993573,-1.8766289699601668,-0.6628409067779787,-3.259274542090253,2.2549234354609826,-7.655771015686807,0.40200918500194965,-4.524710402419706,-1.7489375509698184,-0.4638100061628462,-1.5157565414125482,-1.0706659711944215,1.3572484417373802,1.8470379801214327
-5.708172731726954,-1.811382354992212,17.27199806038854,2.5966287962381047,1.1192378240810774,0.562143357479666,0.9013721352671898,0.8220983805183631,-3.0920411757022372,1.233531613934193,-0.2159325677110727,-0.3036010163947439,-0.05483294393200333,-2.424738145362749,0.011589028714573367,-0.30863503720838203,-0.5778184957580373,1.9582002447686249,1.345100651746293,-0.03542556052861563,-0.5502283988955958,-0.4373651432490435,0.9517319738465998,-1.6515810857438216,-0.2853748870571255,0.10677569359809477,0.19145751585389037,-0.821882753549544,0.47803706048615174,0.42381484584947704,-0.48456027236342797,0.011969577797532733,-0.8271423650901285,-1.3913862151025975,-0.028968329544942512,0.4249683698360228,-0.8088997583941993,0.41682562879340185,0.12110306360039919,-0.37950820925255363,1.001045993827579,0.3637310981101634,-0.02483950004589095,0.6242201614012629,-2.5973208070925495,-2.3177742895666515,2.4983050655925156,-2.165125019761023,6.166299338783549,-2.0283095964362605,-2.613845129548247,0.2859222077285695,0.6867483763706058,1.1436713733044659,-4.894366579325692,-6.764724842957214,-1.5580792451779777,-0.7243851105404827,-9.56319537798929,0.6471830682692549,-10.245263304012829,0.8373145790803268,2.8376435015559887,-13.330978656291524,-5.14835656824078,-4.797360061925469,-1.2662596989019501,6.3626995710924295,2.6213514360554977,1.9510316789181967,1.3330963246709362,10.870051718202541,0.7800159195077274,4.439901603666116,-2.211424390751853,-0.18451757430301163,-1.5158265920044784,-8.637532756033865,3.649676510557669,3.617900895792464,4.452434653668154,-2.9146755872988725,1.184269311453275,-2.267921112357779,3.1402637973348093,-3.6334070492252453,-0.5296556106583741,-1.8058231050537772,1.9802498076655617,0.9871467338565519,-1.6562276180973075
-4.715603462527033,-1.2116011030369547,15.753825020825206,4.025905681797155,1.9925886528825967,-0.025165125549740094,2.0336731857116144,1.75658881178644,-2.5692716046847335,2.6095363079012897,-0.9873788618479996,-0.09238402165636804,-0.8635874738410735,-1.1636063897156206,0.25654783637494366,-1.5871256906557785,0.6551256247824487,2.5123256058530394,0.9694627548790485,0.21293107497911562,0.5304648532271592,0.058868336272470165,-0.41758354681814686,-1.927935132876887,0.12709742016360376,1.3366150905552905,1.298076645764335,1.5470544772623984,0.752460030474009,-0.15587220200989763,0.8636394637521235,-0.6764140312010086,0.13255782203952685,-1.3157168493932399,-0.1291218696474644,-0.15419942608255724,-1.0788648150104154,0.0970495282161244,0.09441171064415489,-0.18985632030315264,0.12301993114643746,0.40353139238124097,0.45580771823468014,0.3264381525008962,-1.6330988334695056,-8.176029959482927,9.017776187117475,-2.089750253498918,-7.520270692639053,4.632124859396978,-2.9999134093886903,7.704773685611874,-10.663638428786165,-7.717104077915807,1.955910829167551,-2.159730365002866,4.27933061378267,-6.84291114566167,-2.6366712941187793,0.35323263674996547,-3.5540250956163133,-9.30907668912869,-7.4010019853547195,-4.054217110086339,-7.013233661526177,5.241550456242537,-5.393228732936835,2.794083119877518,-5.398538005131016,1.5704210365096094,1.850176442818168,-6.542641062825665,0.25328039161778226,-3.265194967341615,-2.485575949458174,3.1552847810945623,-1.3909178732785619,4.056738627411244,-1.3516487087481939,7.896779087314029,-0.44289586431223626,-3.385084159051537,2.5806015199488495,0.617264333566874,-2.3711039960160636,0.8846304708233244,-1.404790286296867,0.6018468104302512,1.6058747868750718,1.2208486049688436,1.1203155066367285
-5.824299514142363,-1.6126569371652975,16.88256465448373,4.382867597313272,1.2112072509691743,-0.023861756978875305,1.2889147857365044,1.3201165371022994,-1.5450644231028554,0.5583200561968962,0.23477307735307879,1.0498057114522072,0.10847122280533734,-2.5333949200898727,0.12003573323643786,-1.3524672643815696,0.1026060207742851,2.579919704199288,1.5661799946757964,0.5493902757112952,0.663745959885708,0.28026148133015344,0.31420030014040806,-0.8142954059979584,0.8105749375686467,0.6833494394314471,0.5731683286570369,0.492273337104545,0.07729001745769,-1.130135039484792,0.7348620910292477,-0.2679203519603211,1.2754619279473025,-0.39362544756620077,0.993220389245119,0.24632996173636157,0.3787822929203238,-0.5966317828530026,0.7782845978962407,-1.1380370893975227,-0.8289380979373456,0.2716525060589236,0.19192211876236284,0.5242489711047836,-1.1726665576607531,3.265607854170684,3.4540444298365034,5.978758163043482,6.321148321268989,6.527272437901987,-2.568356222066114,5.025243170597966,-4.402002604138147,-0.12950852534686283,2.863387778684556,-9.013889774449297,-3.121118289065494,11.332217562893128,1.040105010545238,7.015088412726884,6.01914088733273,-7.038230549446105,-0.6587741239304936,10.080651718545608,-0.836564642512948,-5.918393760367278,-2.4680775694953594,1.8068040985258447,4.492563980046187,-2.8211958163466253,1.3789656052515475,-1.9197434232093638,0.5369067810006178,3.2711571712415415,-7.029851485184907,-1.449953337650635,0.4307624974823816,-3.306492876054556,-2.7546964955078996,-5.780974155221962,3.9296266272448337,-1.4936128394069026,2.338905417554884,-5.291532516363347,-3.4379214295286067,-0.09618818047092297,-4.0081383183232475,3.2248437403300105,3.269890484920224,1.4347435677659524,1.5509167460888151
-6.903060820135171,-1.3549802864476135,15.985585703466294,1.0953909376166973,1.40538688473778,-0.2882781465027648,0.07982918634226434,1.1390935642908155,-2.8590121648258378,2.08248823942782,-0.8454902944232782,-0.7256058557058821,-0.9230709803382784,-2.9054194046310564,1.24864348297477,-2.1648840386967123,-0.7296909441754612,2.0920363642886963,-0.19206679619148195,0.8595823667595398,-0.20954115022302364,0.3726204150069786,-0.12792993471707637,-1.9876315634087192,-0.19499773287998798,1.4330864515111084,0.5172735828538515,0.5387321699367674,2.0465460196534258,0.7207016307438818,0.08840307266756932,-1.9924454486644612,0.7638564260185293,-0.3166189012132995,0.8175164386713022,1.1865688647024935,1.7243489472590197,0.6277518622217629,0.35650511505139143,0.03460229577905885,0.11230482081322729,0.6179307619019285,-0.6241602513954072,-2.2942897881413944,1.0381897298664942,-6.812652874430342,-4.327093326070373,-1.0029895495848993,-10.948567345578416,5.27765559032275,-2.400760826516826,8.686075123587795,3.5899866052815415,2.5845379427332102,-0.4367645797949362,2.1362436312917374,-3.1175769062257643,3.938764979459705,1.8307732183616359,7.248440914353746,-3.861431194038078,-1.4019087309472862,1.0994381877381267,8.187863548940943,2.825090184845574,-4.916369103827211,3.847902173202326,-3.4027691309049053,-6.244327854086552,2.003440743472394,7.2986729767526874,9.210862035852674,-0.17054003329410156,-4.778864252126747,5.797443725235399,-3.0401031855528347,-3.16014578453698,-0.6900028104081883,-3.97181400678838,0.7359917604619584,-1.7083169209494364,-5.222851506354456,2.439046146553683,2.733491757822823,2.6396472046104344,1.5746146504346477,3.0017879367763944,-1.6491132143765996,1.884376759804675,-1.72442808689436,-1.6217304353385642
-5.770366924695987,-1.4759443305943571,15.024944993603777,1.4885666340089567,1.36113653196108,-0.45403011467378807,0.7529183422260587,0.5733274604774492,-3.8188127498474964,1.9396800205654745,-0.6867106895978622,0.283766751064409,-0.5674861043888152,-1.907683022988107,1.05010597403607,-2.2075494108125158,-0.2123265625288672,1.9866839085066552,1.2993281488806594,1.2434508967932192,0.2433573799308631,-0.46706752498872595,0.005418979533731266,-1.4549548043888358,-0.011399147389557761,0.3594424140939989,0.8264883042302483,0.4388753038494335,1.6985092144672846,-0.46185810449522524,0.542692885928336,-1.7275086127413324,-0.47484994350003024,0.890384621881803,0.5162303251737164,0.24548376245608253,-0.5781106691281792,0.7660134842071405,-0.10958594214210117,-1.675626756898817,0.43139791769689245,0.08820085828390996,-0.3868196841093196,0.8949453644807221,0.31069554254234044,8.171823308938034,-5.575701788516279,4.920820405370638,1.7865259932828226,6.805301587952412,-0.7967088221983684,4.469447210603398,-3.398426735083554,4.672678589460383,-9.996453009656815,-5.034338296140152,2.6475115489038115,1.437497707642718,11.65973162017797,-5.874913843170834,1.231036408449993,-6.497444201518812,-4.904852314623085,-4.338329042908669,4.244426220389767,-2.909977985385519,-7.052319896430988,1.862485959058836,-1.1407342868337713,-0.15791514329912243,-5.833636242548039,3.4321439579437922,-0.41858874937280316,0.24332400516203573,-4.246081607822204,-1.781002191913658,1.5878746024182617,4.8735184137567265,-5.673536170140817,3.6146577691389323,-1.0589059652261537,3.4009629390147125,-6.6447903002447655,3.409372826002613,3.552276819507902,-3.663005475878329,3.0183062508813983,-3.5223754633413558,-0.9603277735339966,1.2755863930657612,-2.429558660535187
-7.194078203095737,-1.1115374985132398,16.776080042587886,2.789476823744323,1.6235893283930078,-1.0796148449404994,0.4342545413933517,1.0321365331600165,-2.471930685455505,1.3642807332812554,-0.4545898012442388,-0.369299478616597,0.011647713581186596,-1.7386557755681171,1.384883816974667,-0.7582168984840377,0.5760240889037399,2.184156782747902,1.3766413507849717,-1.18961458035286,1.2843090804961068,-0.5969630406891576,-0.3089911775076212,-1.214194883032229,0.41678488635691996,1.0698167553815547,-0.2675905999631602,-0.26652145991534926,1.6632420440839526,-0.627879878055973,0.9859888217158302,-0.49036732934360533,0.5548790267044813,-0.3502524118262954,-0.2452140815088233,0.3370376680582928,0.6727069966420524,-0.12760670041796668,-0.3406343441333152,-0.1449908432065813,-0.1524818598789206,-0.45018001756707254,2.8810904178988657,0.5728642103711806,-0.5100806132199437,8.044294653975264,3.1364932639169636,3.2164324713104993,-10.778839402086989,2.929560561619992,-0.0032842806770579957,-6.91033805375883,0.9776966169688234,-5.039854690346657,1.896789864770816,-8.233629647638727,-11.280799260884471,4.432995123817203,0.07675966680366303,-9.897372754835539,-0.7734212194684384,8.799984780608137,-1.1358965431054835,-5.753978853650517,1.2156040055778539,1.4667825456668986,-5.50540139583532,-5.2606294661031185,7.318043303107618,-3.1618567220665543,2.3033711954741327,1.142324885385714,-2.1228922416681715,-3.4231954050059312,2.6993229734168684,-5.147062808291972,-5.098554001457069,0.3028470236860709,-6.02933977286933,3.6195691090537943,-2.532399894627591,-2.2975376203928803,-0.4636948981962271,-2.501662864671362,-4.352317439604508,1.4425896834858523,0.13908810740781372,0.20623478464506728,-1.0733501574485813,-0.7554244271398642,1.5765681189896952
-5.713268756043623,-0.9180525542315421,17.469336520071817,2.6228722207572917,1.1566776044795228,0.8471653705477057,0.8056687146790857,0.9660544152717371,-2.1487768787457027,1.6860060250959716,0.3141072126526933,0.12675950353382026,0.682900279508485,-3.1746651695794976,0.9851300865303477,-1.914380203405209,-0.3973706968179642,2.286280574976458,-0.19290737500848892,0.16074934877030275,0.13094969734619963,-1.2583860331249959,0.7663207334630411,-1.7995861103088586,-0.23968485300573916,-0.2932865198161717,0.39886981355462,0.1494108140212188,1.7405404711964494,0.5370009155646415,0.012219680777825242,-0.7260420858856581,0.31703522028391967,0.4445081124109539,0.29455304202444094,1.2709143595042174,-0.32796255460672613,0.3793663261835432,-1.4030801269871422,-0.3817384082418578,-0.714441244686972,-0.8482551011517794,0.7298153097612579,-1.426173147872099,-0.5545440145671652,5.7501110055059765,3.131639824673587,-8.207979342615625,2.075493924459207,4.353774898864184,4.972817509110057,3.0075654733159722,2.18452173509075,1.7423107201033097,-8.69843617908887,11.418683620882764,6.081305164671596,-0.7587784046850623,-5.720671852337704,-2.251545677089105,-4.738450946485639,-0.8122276022572605,-3.520469878987227,-3.188362381932133,-0.6110880624196801,-4.150196128041114,-1.6043381843616527,-2.954941972277348,0.4679372261041094,1.9923356172178615,-3.5865775742668546,-2.717390456730928,3.8014937065531256,-4.579566052388721,-1.6015308909262684,-14.05858957333404,-1.1179365743500662,-0.9815680791710989,-2.412750735899422,-7.748127980095309,0.6640156680214034,-0.21583287753981337,1.7420744866980913,3.63010530359597,1.8376252111340354,4.006466896398773,-2.776305153050661,2.627662945588194,0.8474609784803188,-0.31723059694564487,3.3961162476454274
-5.724872318670701,-1.3263466037791056,15.529652982533182,2.7551020416647902,2.1126801670071034,0.6085952480619007,1.199250070079491,1.1816339452062383,-3.5715590239316994,2.269021824874664,-0.5734359076650559,0.39264173945952285,-0.7540792800032396,-2.4283805110783105,0.7658969190904389,-2.479038119549406,0.22682542598837926,3.1199547902601896,0.5356018292377992,-0.03904838342611499,0.5269573099912945,-1.047895607441993,0.45745080748325095,-2.09769725741234,0.44022414635271623,1.522584416464386,-0.3262395181224626,1.350843693601016,2.439930873223194,0.11199329984822276,0.45024067615479074,-0.007367649081440784,-1.337793588966534,-0.10103423452989858,0.3964870142977577,0.8586236449491764,0.6728328968116127,-0.3546933578577172,-0.33744434442521964,-1.0696325666406326,-0.5990401539091095,0.9306672509100785,0.630544538093964,0.40206211270661385,0.38594614794453436,2.139054442430345,4.702889889764329,-8.249387485027379,-3.2705137758234795,-2.8022051770636507,-7.7381554401430535,6.0143739088086114,-0.4855881879890528,-1.300796488949264,-5.948438822456886,0.9703193641915617,-11.309254604212324,-0.7887623870574592,3.3078942768047814,-0.13521213942258556,-1.208734116687347,3.9302141577342216,4.900971718010553,8.329725688705233,-5.9579970016979775,0.09723572805937838,-3.400797889439939,3.1894192755265007,4.388097213474576,-2.9333712885908296,-8.594869852659897,-0.2944827586209673,4.505126563838538,-7.6787031863639665,-3.8451471732590323,5.4258799616834406,1.3954400924447032,-4.306331472257023,7.41005997323892,-0.7280680048580513,-1.8616906602193866,-1.4567148009852329,-4.420934016626137,4.405815195878399,1.4337006794620462,-0.1471556477389027,2.7861637379918482,-0.12167325943251696,1.0372883672136766,-1.666931801878218,2.018013088765531
-6.105109869884283,-1.3731575954578876,15.958071198524037,2.002122015632722,1.0089830212190234,-0.8095841087326885,1.5906054704689425,1.4081477724267657,-3.4878925614839513,1.4792908016899022,-0.8096962783790804,-0.2774339034223192,0.1807238437633466,-2.3772412270180165,0.00853403653066668,-2.088853008713733,0.24738455636850648,3.179409503935179,-0.31496921279456364,0.5322535487701765,0.82667381908604,-0.7504760537225353,1.2917673882654643,-3.0991698097369658,0.43025452009582904,2.020937564813355,0.1456375856773443,0.5707477904003614,1.83845248761445,-0.726855177403012,-1.1439692698860178,-0.025881754399854486,-0.5338151000978121,0.18016286316907598,0.0262746218974049,1.3314820096100708,-0.6181770404562484,-0.4375140009951178,-0.4882688150377241,0.3921998406922762,0.33116440559307525,-0.39757472025065693,0.11037476264928603,-0.4815137122718386,-1.0817821426303875,8.790186186535063,1.0500401475417391,5.704564331809227,-4.715603212299517,-8.724569717756824,1.73409337761994,3.82371942699061,0.3981814426157054,-2.545121117354021,3.3319732702118903,6.559390216990647,5.872491687216284,-5.34997646090886,5.529803018651962,-2.02736999091486,-1.8069752260662741,-2.3591349719350454,-0.47761018207487693,6.499098286331768,-3.5171925063687794,-1.4471607850152288,11.372937396844236,9.295319238669451,7.808720416233614,-2.8994349174896104,0.8887713170682369,-0.04449401911013142,2.1192802298359683,-1.4736384075868176,1.2623799858576927,-5.448745067531856,-2.826165104717924,-1.1664620258125398,-2.858714988856274,6.079604477966545,8.896588795331487,-0.5793431263509027,0.6038254630066474,-4.02800207734001,0.18173617843052173,-3.581948649926834,1.3600598292686739,-0.06126746661408413,-0.004860593603998462,-0.023933639656781126,-0.9616833786981458
-7.846220599475281,-1.5446095452218114,16.745368982155238,2.2123746510226883,1.0643691774662356,-0.10642995814280304,1.358123773856563,0.3514681847130829,-2.553841990295601,0.6563793400783091,-0.4564238531796066,-0.7121363549215888,-0.35744527635884404,-3.136618137140449,0.8288189856095013,-1.9788219070100934,-1.003719229247953,3.301138218711095,0.4308253143694263,-0.5566914761826931,0.5830255406067367,-0.08194188896252733,-0.5037167802675138,-1.7619784129799745,-0.6283412015457479,1.0863673131359275,0.4491514982254836,-0.08830096711380152,0.8636873631275386,0.19781402360505546,0.18169719269384016,-0.37996324934996945,0.11602042178711026,-1.0379844914989127,0.13141250657306724,0.7686894920923197,-0.2407855027469863,0.046775325616281886,-0.006280900357017801,0.11475223055755542,-1.8945876438913054,1.01012808887571,-0.10960019614563611,-0.07596272588359787,-1.5109440322731538,2.2506349956821934,3.9346507541769045,-2.9981209794797383,6.586396982685531,5.580074086830734,11.016436875525427,4.288473000171389,-0.8571715407234421,-3.0548732856621106,-1.5796553963085138,-0.62847070345486,-7.600867718792116,-5.833817092611124,0.773165682075281,7.495681098359744,0.19221612712500358,0.11770971443765368,-3.108609336128026,-4.779014948920865,-1.1663238643614389,-7.951856654667668,8.329785238851978,-7.599209335003832,-2.354943459465888,-10.961453471620091,-1.7589873291410671,3.464296841919921,1.5116596763934167,2.394651623894938,1.7787106113764966,1.8784332710070846,3.321163887916388,3.807057128192176,2.531133440647529,5.310511738056963,-2.8120304237862013,7.796534377972331,2.8074713474911674,0.3066245959288642,-3.352716429632024,0.9535928800082176,-0.9755268559907634,-0.10289085671330948,0.01889361825025102,-1.7747670161482139,0.396837469021637
-6.930734532035681,-1.6170637959050247,15.636069282585495,1.558295721490683,1.5763189662913453,0.025755277960152964,1.8256681672512423,1.7714339705334918,-2.293919726269203,1.6823400780106583,-0.2584277947759516,-0.2901839366319886,-0.2328150423047637,-1.8832556708623727,0.4173726006850383,-1.714833582517264,0.31810875812572526,2.80844072469899,0.595896552236379,-0.009906591169089804,0.7991651761223806,0.09060847193593195,0.1257375474504646,-1.7291422126643885,-0.8577766110795269,0.6558741453924539,0.10572801733886968,-0.41099799108185575,0.9978539984776189,0.883395821897934,0.4081108468923018,-0.12444748185376253,-0.4954858642052163,-0.5132399259512255,0.2447620410808603,0.716691766102574,0.05329389382356512,-0.7381739112700619,-0.2552177015592781,0.6340252231945984,0.2502120438705315,0.12148410889586367,1.6111152502160129,-1.4066040890546059,0.6931114718742283,5.23236847881318,-6.706404731501794,0.21412243946754222,-10.235001752717386,4.733709676487349,6.784934578880883,-3.0880614571891347,3.6360315733588413,-12.396881334906368,1.1227766146878773,-1.3082888068038145,0.3458375351694654,8.76912252845133,-0.4699363261262358,-0.5832380792922526,-9.276047901674337,-12.16066101458723,2.3206957473517447,-2.7654654956855733,-0.9519015393477545,-0.5704237643954213,3.2192471836035166,3.097652121618952,2.1371847775595043,0.5850812440790619,1.1093271160455818,-6.615148456580926,-3.183714764245578,4.91993084800187,4.52613276707841,3.4296021558496004,2.0077564061552433,-2.037609307330923,6.263270135870122,-6.453683479354175,-1.4182816221694032,1.1406569459611715,-1.1941492102323958,2.2883169517129347,0.5240213681414633,2.252338917885791,-0.5280053860246307,-3.2543380657577123,-1.4759694531473622,-1.970839545558362,-0.6147929972663465
-6.517894796956529,-1.2299343449584195,16.01485496555506,2.757972432992576,2.9344165003175298,-0.0956806273528225,1.240031444799182,0.9235172980132671,-2.057911976289916,1.6228019851891373,0.49060786221337055,-0.834569817453521,-0.528034167600239,-3.2054235787185528,0.40500131872077105,-2.245226417540838,0.3395861521349371,2.0152419571874645,0.2283922270617304,-1.6147155970709162,0.30214528880860386,-1.1307529790528366,-0.05023669020580753,-1.2322056743354195,-0.2258927732254981,1.4275318602863736,-0.431162509718924,0.8401178401772343,1.6472644467264423,-1.0170924264852281,-0.4058872907990109,-0.5757299478463427,-0.261472385058732,-1.5524234813246298,0.06508609125072881,1.309251462214193,-0.14410575579786258,0.7765474102730108,-0.049029083204463204,0.9422015093967285,-1.0359159853684226,-0.540023323821561,0.6857072248024707,-0.9832744983863285,-1.389832991380759,-5.735468073152153,0.429616088304008,-1.7275594600390463,3.704835584312437,9.017260910879726,-0.9638188822605368,-10.20284790372458,-1.2329650215089443,3.8372227019636616,0.8193404119533891,-4.111872406471425,0.11995070224200755,-4.703989029195654,6.57604926743972,-6.336399373341408,-6.036925095651924,-4.760690867623733,-0.8918768418511568,6.5032240825412675,-2.614756695578694,3.4527800392787817,5.671632615221181,-3.9258146380650056,-2.276196536698015,4.944610654633192,-1.0070163822575087,9.273989396063273,4.940214737738388,4.239450802220501,-1.6246005474887275,2.583574148413863,-9.119637299117269,4.301852849181777,3.6400158515408636,-4.600718546629537,2.120986699254807,0.5584389361251945,-3.81392696160632,-3.198104423328992,2.492158210637575,2.976447459370469,-2.2487475039722096,3.592143893794666,-1.707046124327752,-0.05204023778443257,2.0795075692136744
-6.723251038438364,-1.4797610171860165,15.628602004677132,3.9152481647150585,1.6727617450075933,-1.0096250388043728,2.0505872638291582,0.8645149712900423,-2.7747694611874376,1.8430559314919037,-0.10073072638278122,-0.29278785707406557,-1.5882857681903755,-3.351353433855702,0.7676354774711076,-1.8766851022957245,-0.6565504878407138,3.5114944065803297,0.659097056519186,-0.7419389325410958,0.2447036156699129,-0.664805836602811,1.2278402425432002,-2.2754404600259623,-0.37258613604391405,2.419476757653557,0.5847970532987913,0.675843709664267,1.1400260972468974,-0.8473121350989845,-0.8051382503072334,-1.1678729828858667,-0.053717205463592044,-0.6337953769487522,1.0476156648756862,1.0780285631977533,-0.1398799179682803,0.017343481783486166,-1.5685593647398488,1.4809429253633297,-1.2040839326382657,0.6877157525416038,0.22107539224855605,-0.9245162799276339,0.10459388921260862,4.6419505090296544,-5.063173413049599,1.235582470691278,-4.094757416243773,-1.9614473063658395,4.310869819385287,1.369359012022839,-2.920467157293414,-3.1230481598681306,2.0861862820503148,2.892314055726142,-1.369062748688435,-4.9258175141772815,3.2873185765101,-4.796490749223675,11.58182611384758,5.78674583904241,3.201468485978712,-1.9049710297931928,-10.00935053814053,-5.5150339266131,0.3691094490799944,5.163439668323054,-4.21655262905946,4.172629834500342,-2.5216460282721913,4.388561393169212,0.9970790910092808,5.994588003903275,5.953955641045438,2.9520132328814355,4.67668950406824,4.230951415029089,-0.6467942435663628,-4.102030097618387,-1.8122619047011521,-6.741053350792515,-0.5482754774689803,1.7573060624805137,2.093427765304845,-1.822235325154562,-6.210150244158614,2.915801465330112,1.7392867994862715,-0.010460390486216314,-3.0904300512122833
-6.465728232646723,-0.7637383856074155,16.605657170293355,2.9794807549305418,2.23424668313433,-1.605908620658434,1.2208262692199976,0.4331999749108964,-3.1806288480043206,0.9719799184954537,-0.553095721690933,-0.0002729835959395173,0.08130285150522672,-4.11975480344486,0.3703832790731364,-3.1997723172430756,-0.7348743186961406,2.113644612701434,-0.4988368042139742,0.07352828918254019,0.025821320548285596,-0.8724968505408607,0.20859153630036775,-2.931010108968146,-0.4959853723800096,1.601815009889517,-0.629113112632135,-0.06586204731613053,1.1774560669909977,-0.32982664692045494,-1.6411713295203216,-0.655061249812168,-0.641868627711894,-0.6905980300104019,0.46871773084932955,0.39763777612946744,-1.1553240926054666,0.9420055893837229,-0.9392942725848771,0.6893523853241033,0.16045709543458542,-0.29121066114343036,1.0585885478460995,0.26994499685218465,-0.9097260157043662,-13.686023070945565,-6.322284880042656,4.843571141259205,0.04315938761447528,-3.4572845854669856,-5.020585768948422,-5.171129014431026,0.5679018143672795,8.879926015154386,5.628315379293732,0.28956616747049413,-4.421044414171446,-6.737018603933656,-2.74501350714514,0.9886927590953949,-5.31706234323511,-3.5869386284963256,-0.30481313565180085,-2.2995247933024636,3.9793713045691224,-6.792569593879175,1.0295487970309138,5.70434411210217,8.780342332413886,-4.894035711133759,-0.7654121812976756,-5.81189761942709,7.362746909525255,2.8942458953107377,1.727157254851973,-0.8214854979169546,2.436375244909001,0.7870982503532845,-5.9470703636271045,-2.1111154805323076,-7.483609722105251,1.653696540763155,-2.1874846274103628,1.0925926707994487,1.7138254682089402,2.458455969562428,1.1769843940676485,-1.937759961361777,2.74377293723429,0.22417800016839318,-1.8061307609144013
-5.479093704192307,-1.2725268415047781,16.33877731760928,2.629787146920205,2.0457349088384267,-0.46390444039221584,1.6086135350680733,0.7919963572657706,-2.3778988875398994,1.3777766733499377,-0.19445300810286517,-0.002616284832021141,0.2767150886282865,-2.9258331369106765,0.07061614046374011,-1.3300636522745182,0.8043834387274129,2.143791930998682,-0.8827826266977122,-0.58958362799438,0.3016711785336431,-1.6680899368869286,-0.17878531860974675,-2.382734816450136,-0.76974334264554,2.043375091955455,-1.0825877002826574,-0.18903062746887103,1.5157746805630439,-0.854314610583003,-0.971757090260248,-0.6426337864672618,-0.40087024262713006,-0.2187570853703101,-0.5685399723102378,-0.6708092834012398,-1.5900463980559687,1.1919650880824921,-0.6767797317128612,0.012240620770387607,0.9080636699087935,-1.1291558758000517,0.2574218894558668,1.098341069768435,2.3759388003768396,17.6218125332781,1.2656133578630755,-1.5857661187249397,3.504803762662427,0.8316951170868951,-10.791419672850123,-12.448908052056595,-3.1306184652707625,2.9545654530588386,-1.8239802560642915,3.585766247029223,5.788826497008537,-2.23525050758202,-6.775692073689927,-1.341659581790464,0.1420783757639837,-3.2503661279977054,4.5482560832342624,4.6036811378762055,-3.5953555729587086,-2.4881478106852613,1.2626637489828543,-3.5951808303554125,0.8456151970213037,-2.772910680998773,4.522890100411164,-0.1266983899242617,-3.6700567009193277,-0.19994454701707207,-2.9972236328566115,4.76716206767918,-0.8077692554906799,1.2717543287225166,1.030283884071645,4.292210223741347,-6.680010856177861,-2.378998681998044,4.6254075256722125,0.7541590608149067,1.5064196776808838,3.4110329935091928,0.17785241913696376,-0.0289178146357077,1.0174828919139172,-2.0130605796087497,-2.0751296206567473
-5.870687525387418,-1.2926000350686213,16.469346462375437,3.3829351638975096,2.544137694690622,0.26912421781210116,1.557435200648544,1.9021059174682846,-2.435170018094021,1.007516685672711,-0.3238204283319383,0.22515116760308965,-1.3953811240058085,-2.4283404951047425,0.3140395583206383,-1.0598918480674326,0.5241404482174711,1.7505009750826348,1.0690843197475552,-0.5630852620896621,-0.028091349356115913,-0.5131516718117983,-0.0853026740009231,-1.4301783573257218,2.5410349855525087,0.5846541334518944,0.8154438308473637,0.772839976170322,1.6066273759739458,-0.3669976983195284,0.4237594170677226,-1.5479032402407709,-0.2255790855536773,0.037318864839558076,0.14557829361858438,1.5202613705083603,-0.30823407474000575,-0.21620114231468832,0.014785327173381681,0.8120882722964416,-0.10345179535431176,0.3334232525478913,0.39975274143933215,0.16593955431048865,-0.4637898300301433,-8.3021245715536,-3.22272297001245,5.917865021974578,2.5619803199386815,-2.7220721644969266,10.968124999786133,-3.1405372887886056,-9.802171005880998,4.1205119275023,8.428471277808164,-4.3607537940962215,6.7669080160954955,8.89477900249011,-1.9888626055287655,-6.717962734447297,-1.9859865620110164,5.949748233897423,-0.17062852327604477,2.320937999544498,-3.9729851867920543,-3.863582625815947,-0.27536341483588633,3.419506955330664,-1.5229907936508904,-2.5016616781935213,2.299589171124989,2.6730722536053975,-2.3212126930275034,-10.518685633181303,-4.95623385051304,-1.8629671055776995,5.694029886343775,1.1530074889408852,6.0832171480495525,1.089478159085377,-2.1546198014587388,0.6662150188878376,1.0574801597029084,4.3302321045969325,1.0936359388564734,0.30825645518305655,-0.7496238805387921,2.12839301193723,-2.061297035067033,-0.1414407341787434,1.5312032703271754
-6.948229182778471,-1.3433175564790445,17.556508324162603,2.684404298116648,1.597508961757063,-1.05381238853496,1.7150474195191927,1.3387739217271777,-2.677690202906503,2.5864954785001775,-0.5091384176484457,0.650016201484918,-2.086775270050714,-2.87068762511176,0.5041831365494628,-2.263494259487682,0.04015364120680929,1.2148846043934063,-0.4123192057649298,-0.186669962423468,0.9061328218970591,0.32291280337881095,1.1144163819901927,-1.1076585924986289,0.14485750230807007,1.664318646509821,-0.05921916403629167,1.3130064763495681,1.4888307125115845,0.8937915372762147,-0.92568996976656,0.06191903478212513,-0.2584186079465966,-0.313910072583096,0.9069442497569674,0.7990871252457997,-1.9440392430099045,-0.8067042197305933,1.1204009993709985,-0.31837711273950065,-0.12441787285515922,-0.3640848335257905,0.8159622024503472,0.7191123184849889,0.10695844021228575,2.5010289349712638,-2.755695188117247,-4.936190850989445,7.211757675332719,-4.755147196337908,-1.6566986730094297,2.9934098452002678,-10.221129946271148,-4.412570583799103,8.264632032109851,4.480608304620482,-12.116233749033906,2.72813085531804,-11.005950980468986,-1.5237252423397778,3.0205444238703762,-2.711505761591372,-7.97609794903717,0.3895367687483897,6.921419633128469,7.742656920570997,4.07932901125653,3.1476176611977364,-0.7906969456097549,-1.1581208758118406,-6.5190415545579885,3.075273990775277,-5.616941995229946,0.42997908026917814,2.3380160932235365,-1.0466889809337996,-5.048639268217972,2.964177613206688,-0.3478638803693188,-3.9967355628205135,0.2503343524193856,1.1518890825087928,-0.16537727981348815,-0.7258326336452995,5.213327844347525,-2.05757509986438,0.7293625532511119,-0.7041433402799367,-0.36332287494301757,-0.7127261667836188,-2.188240156258703
-5.668553455724793,-1.5622537169402462,16.999226383347303,2.4300781982038164,1.010379969983447,-0.26585014056045253,1.779102018493079,1.0803515445756235,-1.9934357737408042,1.0358145427246472,-0.7791016123102105,-0.27319963624616944,0.11203355777923353,-2.914027523147165,-0.5964699031617164,-1.2043436144729815,0.23083655937501937,2.10494867451255,0.6239493772418916,-0.46012844815871734,0.8277345073930692,-0.25150812938075673,-0.41442307500943537,-0.7525246736409734,-0.572797468311475,1.1908732315260122,2.387137080387383,-0.37782171887731997,0.8587981516772787,0.32468975172637565,0.9529614110206271,0.8220978413164932,-1.2714942283223745,-0.9732743489329763,0.585398644283946,0.6188340176910722,-0.18941038381800163,-0.07933611414637871,-0.5061417531830301,0.2742426117128584,0.18468090315067173,-1.1992094544507812,0.6924820231565084,-2.1875695679698075,-2.186669393943562,-1.292058910627358,4.422467658091454,-11.78636297549486,-10.196085240015563,-9.584181537164834,-1.6914606592352162,4.437785730375418,2.931318156223176,7.447393448692584,5.333340579586922,-4.210618750352563,4.225435971912454,1.2793116253883652,2.278137755324566,-4.5355266034308634,-2.896761231329561,-1.5478052366624424,-5.132219062891422,4.806959300142185,-2.039256224765856,3.8724699830019746,-0.06657813232218149,-7.73284106849801,3.6531838113908583,2.3284620232132984,-3.7209223114236685,3.5237265654442274,-5.227806496463402,8.823873162330527,0.7322154939416641,-1.3032612526784972,9.280306871957093,-4.646400293917192,-0.05415884304903266,1.3662515227192504,-3.0314477833253797,7.3006181266883035,1.6187368595719622,-0.5790901528692927,-0.1663694752751136,-0.772345058615292,-1.5557294487731024,1.4648409216745544,-1.6900501024074128,0.27905244063357054,0.12502632022555926
-5.740827609318853,-1.242100533052559,17.305708999830312,3.9590972668152307,2.756680998784213,-0.44420083426925394,1.6685663401155284,0.8237882670967789,-2.767574505877625,2.425099372200621,-0.7660253452672297,0.008003313991729863,0.3222845682766722,-4.093387200265229,0.070291789386493,-1.89990488757466,0.1685445398737342,2.586561056963567,-0.0006163182003565242,-0.46723343978578463,-0.41882532188618904,-0.717000273417792,0.08937151162510229,-2.3674413092255593,-0.4635289443891566,1.1560777923277685,0.2140005989161802,1.720194313485997,1.7446062718450581,0.10931713876051001,1.478774029040196,-0.9355733321669609,-0.05236191937252769,-1.0062647634037405,1.263136271443605,1.0799657295621095,-1.212314669070257,-0.656443524624302,-1.1375165565419765,0.2578833638657485,-0.4361461170817553,-0.2247290385074912,0.1976565306928298,0.23506647905841654,-1.2581944605987745,-7.467439236460738,1.2654034501837048,-0.19570469959048845,9.884062402137143,5.820474645604232,7.047503001094427,1.6204269204768011,2.2788288327411244,4.582144142618484,-3.117861533033016,9.763263607584333,-3.631186576294588,-0.4793033097760808,1.1400751823036503,-8.554034741026223,-1.986906692662175,-0.05614613131854497,4.0661179545996315,7.1403564177288095,-0.720815517243893,3.771083041661291,-7.562117437341166,-1.741016166554161,-0.5751267496734651,-9.326102811503791,2.488810501969493,-6.438805545712251,-7.287479995354186,6.029885805961937,5.324072086496042,-1.345449552359791,0.29148589854584067,-3.513560887583077,0.7789118077052378,4.995260061220084,1.1039407305697522,-6.508324742839514,-2.2747665198627223,-3.876255699600928,0.1823228202332548,-1.5140483537602498,-1.4482916978520548,0.05713475696619715,-0.46694340161302167,0.2743441537604591,-0.22387884924381926
-5.64339109796171,-1.1262874615911642,16.49527138069412,3.1296925905950936,0.8533262859121644,0.9542552666757748,1.4154277617905238,0.5668650156502016,-0.8184992283267423,1.660592886151127,1.1179973305248478,0.36070467102081144,0.16093047948379496,-1.6208732135620811,0.48880227920327163,-0.40834921880532865,-0.4144029182283877,1.8399002863229204,0.9994792668877154,-0.17728336293293795,-0.4230556841141828,-0.2271061131810236,0.4051831644313152,-1.7897963906550471,-0.8936779259292068,0.660566189758723,0.2661405704807955,0.14597657499593672,0.1478922249248459,0.21722366406158203,-0.680590113492439,-0.6683549557385787,-0.7249550927778552,-0.6553702355632942,0.7721500122020122,0.599681601803554,-0.25825007276502127,-0.29225650195032793,0.7220560622758325,0.13919566020619473,-0.0104839149576844,0.27804222486800634,2.4366253313125155,0.185724011224528,-1.12801308330958,5.593314890556422,5.572877342913208,-4.598962374467053,3.3359880617413116,-3.8055894512053063,14.021201459075135,-5.605447554171194,7.840656609082692,-1.0355174242540397,2.8915234950301514,-0.18247429212323812,-2.1418517583940755,4.721404383000606,-2.6435778109050703,6.921035715010862,-3.258308141234161,-1.4597177334248506,2.4522847634399847,2.4031796075147294,-0.33809906313697513,10.56497587564856,-2.6250068371997917,1.0534462081619538,-1.639510509727549,0.8079032422881578,2.858305284657167,2.190723249115691,11.886913991144114,-0.0005291995285471021,-4.0185080098948625,3.1095997015123635,5.972677074083358,3.5508342027565365,-8.381679906404827,1.5708382438677049,-0.4103451369915072,-3.812916637520889,-3.8680913022485437,0.5691217807801427,-0.7964942907437945,-1.7060509523592426,1.2002704881397275,-0.34222019343818577,0.7162548097276583,2.376620725417568,-1.5966942492869534
-6.2137257636842405,-1.4436206629147208,17.613603861714722,3.6963619928248606,1.1829012242211123,-1.0216469581092864,1.0185929529221183,0.9123986150078761,-2.034229838560467,1.1190349151217205,-1.1809395020923739,-0.23047303397307395,-0.11314938670719239,-2.325551896649959,0.6598240818978771,-0.963207303767898,-0.3772686652791253,2.565742438688892,-0.8670380925036878,-0.5703910786113872,-0.42760707620947436,0.006218398109655387,0.553775167627929,-1.4990481061335938,0.5374041384441899,1.7503827994887113,0.2054053039541886,-0.9303467860623702,1.804815936883405,0.25435416820138823,-0.16199361902287931,0.18741257910527898,-0.606632949043978,0.5574563037682577,0.18963631571146058,1.3704471293218858,-1.0105937739018513,1.1519585801133898,-0.18182070626620844,1.0747067592564785,-0.12623040321698012,-1.3632161748007972,0.5813323265928226,0.07773241797760688,-2.0052355391217147,2.5112064303577992,-4.430212654704124,6.110764410194793,3.3898048641264134,-7.306956354578111,-5.496746897012709,6.06900132913084,1.5012302906384989,7.2240757123690065,2.370128788409618,3.4295784486448584,-2.537064466285122,7.392730256473699,2.689173710879619,1.6685729782355478,-4.069238068527611,-0.6639071455136815,0.32452658497455505,-8.44532285911326,0.88938351774827,0.2556158758358537,4.081727424203578,-13.238116538751276,3.054754393171581,3.670297854914311,-0.20627878087585136,-4.671612707405144,0.5533212049613405,-4.752577100307458,1.109265248025627,5.903341974089703,2.2797935848464372,8.2342062490289,3.830010021317942,2.143378179441845,7.139414101243518,-3.947665079159912,1.4279951747264785,-2.201459702423003,0.8257002857448509,-0.503944764870251,-0.7332340202810449,2.019202713255343,2.4070187317891856,1.2741204757427527,2.673752363649689
-5.750819554827478,-1.9032227458084072,16.394616175495948,2.7057177497552747,2.2627278429634776,-1.0180295890225168,0.6139432461939545,-0.009467087040506656,-2.8963525678364794,2.5706810372654285,-0.307770438610339,0.8643781364357591,-0.18945452657003953,-2.587728367068664,-0.3922195587897063,-1.0622498293189668,-0.11176702109272955,2.3091189531387504,-0.10439295541233994,-0.09146070246479364,-0.2806518527809298,-0.825289064729383,1.0083701954219324,-1.6490078789082534,0.5932009600617771,1.4081432497409037,0.5710382680248629,0.9593297481366515,1.1061767382623258,0.26414728337879356,-0.4394436866630644,-0.7736554260224721,-0.4560528264447497,-0.24258702245361913,-0.27783954403883554,0.034447086647380214,0.7088640719882471,0.6566323442697535,0.9337117586437186,0.5011696844283324,1.258212792563407,0.18214843362222385,-0.20440199795115763,-0.5966671893296417,0.9020966536880485,-5.178041935311609,2.932873472249467,0.8031768510516304,-3.5588901882005475,-7.566101724009465,-3.7346539403716754,-8.192925701909372,-5.5211975877715975,-3.187762321290111,-2.2920545606410485,5.8243253136264315,4.7265050790317416,1.7612160104767283,11.4430328215471,4.914068795244993,-3.1166497382387726,1.8312748780225838,4.356439473649909,-7.3635878129287295,-1.7635882123732953,4.5860686667413955,-1.2236014777258792,-0.9988934667915089,-5.372139156405235,-14.23273784802252,-1.256836815001315,1.5201974463169412,-2.984466558988103,0.60301097131639,-2.143069000709728,2.8300408961050723,-3.150032859109026,-1.371026787142281,-5.672480987000719,-7.999882113888111,3.1033250148120155,3.0142380636313746,1.3978553763381278,0.30974439530733255,-0.9819737453798612,-1.1277804311189104,0.9724524513828277,3.0465279620785903,0.021314785694601494,0.8530363894949629,2.000254141617559
-5.900460184224335,-0.5665345523428117,16.703429993546802,4.483119446222977,0.05666488958097806,-0.8318224091287607,1.3554221664976578,1.390796277082265,-2.0360568059721675,1.874820582163427,-0.2083595881810183,0.15732856333028813,-1.5942652299216997,-3.49508231857417,1.179407493043108,-1.432452329526426,0.6707183827361644,1.9117444410394266,-0.3155587472737877,0.3655400016419589,1.1100046019516603,-0.3124446788706846,1.3380048033255354,-1.5427321546956532,0.04030985295475371,0.2231298959508117,0.5615605198971009,-0.5631798463120888,1.8272464663868193,0.08039530632941663,-0.04220817467097445,-0.6004727943076913,-0.18181386676582292,-0.36481335059355263,-0.11506808575722911,-0.2033209236526711,-1.0488791914793187,0.43394070244648963,0.7286219682127607,-0.6979466525793313,0.09888457778558735,-1.1971396662011602,0.15500404217187283,1.1840529390681085,-1.541330711697252,9.070250561672355,-9.396555895436183,8.031259004096501,4.808155509248941,-1.4478789889897816,-2.5600634750053852,6.147503055944924,-7.168392653867211,4.223751125110191,0.6200534499049569,5.469906793627503,-1.5333537058165096,-0.3882063049055742,3.2744367548467967,0.8064827588244706,-5.110231223698559,1.3849995102908217,0.29515332595795246,0.0411441900534979,1.319187387380225,8.124641313980312,-6.4953282147976665,4.107364432402565,-5.262366091416226,4.997292304934397,4.208861440503533,2.933802392592589,7.736084432293525,2.380700695721611,4.9826655218585625,-0.4749036113354051,1.9152411009138188,-4.0015539619638725,2.4238104141899384,-1.270076006217232,-3.8715800652613503,4.900916684136082,5.50194105712937,-1.4673882161053442,-6.513274113676926,4.772481924848138,2.4432042169500314,-1.4721289477901036,-3.3504605462058277,0.43434662633599114,1.7868947773802448
