0,1,2,3,4,5,6,7,8,9,10,11,12,13,14,15,16,17,18,19,20,21,22,23,24,25,26,27,28,29,30,31,32,33,34,35,36,37,38,39,40,41,42,43,44,45,46,47
-8.25436207851159,15.749657289478794,0.23064571447466478,-4.361385475243625,-0.9190312647724803,-1.4280152371284205,6.486298767056402,-6.508485240941713,-0.06202723016503093,-0.6964092145128705,2.658611348803999,-3.6184514548650415,-5.1566243606823585,1.637745805550943,-3.668419749951724,0.846090008175527,1.1653455504236716,-1.2082486653384714,0.8580673256329249,-3.904996144966879,-0.602432391500569,-0.5943441212630882,-3.4383584297209833,1.829702205631996,-0.5284970700863479,1.022645534624841,-0.9790502421072539,0.7464794379358209,-0.2324424055470645,3.917323093037436,0.9990258757471197,-1.4624257087342192,-2.496219888312229,-1.4615027028349297,-1.0525779191269757,-0.27108177455057025,2.5924724939558015,0.4143371045557252,0.9856500856116485,-2.589003110398053,-0.14933220821752657,2.404236958568532,-0.21385397666315742,2.3288465794197637,0.36468239812862024,-1.0357479789150077,0.3912826132027291,1.2362437257282335
-15.016537456602592,13.599559315634917,16.077018931770038,-1.7423103162356268,-0.07102977417503653,1.3009857837705976,6.0459354560383485,-7.875655349363862,2.090064492334783,3.3123147955224197,1.448760360089125,1.4897533221172545,-6.18419204668017,-0.8674742646216969,-4.172474744604574,0.5703397536519076,1.5854771929572047,4.090791778210656,0.3756672520615612,-1.0249001054662288,0.9651429795641018,1.5743005433167836,-1.3977093380940058,0.18312935072526762,0.13145287491390484,2.1590256384010753,0.011031597423659318,-0.20588278027299722,-3.252335470335994,0.5704472164527071,-1.8808683368410757,2.6113806338309438,-1.2455759611030053,1.9002271130186832,-1.8347042142838164,-2.9207885521832693,3.3108406062623286,2.11317708980933,1.341746550266644,-2.4375498349100626,-0.25028209816258795,2.721367120297638,-1.6394705246579302,0.3417550744989069,1.2968778526848164,1.715308184141202,0.34258089167796213,-0.5818360798994228
-30.416965188568625,-6.837905011382142,20.13782855894681,4.735135978655509,13.613732850451282,3.0017483170667347,-4.355147414032773,-5.805916400065924,-1.5890912938911994,2.986269553461329,6.058506444973844,-2.844288300382395,-7.864940991072462,1.674137679165798,0.36191996739668963,-0.9207062849805419,-1.5944877044590613,3.5741907704589195,-1.6021491794278608,-2.0340131640041017,-0.9339845133253083,0.07766700409872149,-4.867566929128602,0.1399341225234366,2.6925282955133816,-3.767608538447354,0.4441460536548589,-3.1330992848688806,3.990450551444882,2.0534033742434588,-3.652113137200903,2.0101385427069935,-5.005095199512478,1.705702389123822,-1.5641663332480253,0.21449774129762952,2.0119336939694072,-1.8708504590080406,-2.8701710209275264,-0.7996330550973876,0.40812020266754223,4.123442602209536,-0.06087976983174789,3.643111168979535,-1.0490927073963745,0.5339017564190814,0.02313038175892089,3.2417070779688615
-18.1962928428609,10.73259740655938,12.319247035535929,-0.975388696487301,9.5453711728877,3.8658851321462984,0.5276117063634714,-5.620972928194772,2.311519671531682,-1.2067945593727887,5.130300166137284,-1.325108636605643,-3.866011519924516,1.7120881869984292,-2.222876043778546,1.1602353441422837,-3.914323426760929,7.435950693765528,-2.7662968957155325,1.2146640714677848,-0.6416414843088828,-4.8614779044700445,-2.827367146076294,-1.803768027411845,4.001866572568948,-1.3099150529406458,0.4427659029019708,-0.8520727705368363,-0.5710054413851944,-1.7702433984988917,0.7995043832984607,2.159420666217677,0.8382168978858413,0.2923446902751201,-2.8431198523328916,0.27572910723743205,3.3376703442242275,-1.1618156082927436,-1.4911830066989635,0.6587493620426678,-2.9708479465300806,-0.474567458030355,1.3907084577573845,0.5839387449385914,0.4552634591315645,-0.584773102368029,-1.2944472137994656,1.4945750547243721
-14.582493711032953,12.275024207258015,8.20003693103326,-1.429308845525639,3.851692473565019,-0.08501798529284732,4.337973347699995,-8.169761431532445,-0.21481191810783115,-2.0438490869642627,6.586507010314469,-6.391675190392072,-0.4171352472311847,3.8656438346918702,-1.3920476367760832,0.20448002888170283,-4.1671366851214895,3.106022968286864,-1.4538092820020254,-0.4571693969693016,0.6229797655751098,-3.387028068498912,-4.317345658500768,-2.546348618687239,-0.2485817886340649,-1.8089111570634522,-0.16108476710811137,-0.28818343646258476,1.2532422817509743,-1.5764013754628081,0.1451715835784513,-1.2993959212340154,0.13725962156425425,1.2507224374969488,-1.9971271265988118,0.5192456059726327,2.7498432522376435,-0.9548401008838893,0.10699938190800884,1.3866734094888564,-3.751441077318111,1.2819222760849298,1.162039921386577,0.1928133641050863,2.8021938142468374,0.9030019778936216,-0.6380114773210569,1.8904295857817124
-18.347369156939862,6.653357978938991,-10.426990671285457,-15.63762171758918,-12.591793777821174,-1.9843843447610445,-0.40924706740061173,3.9563038325846254,-5.301455631551173,0.09991067052197763,-0.9151449266570433,-4.777597662831054,4.927791311641208,6.091318186936246,-0.17911456008258003,3.4548607357626637,0.8265575005237011,3.36600556356363,1.775568622099579,-1.5661225094759987,1.9809197333407365,-0.6424798383180647,-0.37174526182105255,-0.01465109727780411,-0.646854353523893,-1.0787419305671901,2.086104179972843,0.12428096591621218,2.041418365796806,2.6497628580922186,-1.8709452331402063,-0.33247458475252856,-0.3574433444975499,1.5346638866114384,-0.3422549398164094,-1.3065650334895729,2.1209962227578742,0.9814294536586955,2.027528161767044,0.764423451390329,-0.08660867932768,-0.2748222864043489,1.5666513205599155,-1.7871211277008046,-2.5551995745203997,-0.4714403480551592,0.6982650052070795,0.3071500325242791
-14.81513343949416,14.564416136809271,-5.656024617549754,-8.920935114959999,-10.447941444239547,0.1442717839398616,-2.4806760183293286,3.03392763159774,-5.9612055000029756,-1.671232881913027,3.5090049606959277,-6.127034793815259,6.108767649390584,4.57770605451802,5.422026934163112,-4.135199472337241,-1.063883807209721,3.0200245438583257,-0.9678223757765673,3.6397767422073035,-0.6780373761911495,2.1871606045232213,0.356688999359328,-0.29703549992757006,1.509339168665396,1.9805948123263748,0.09501376022690246,-1.6606987796671528,3.8903520067151,0.24737063926660005,-1.3547373593386594,-2.530350352474104,-0.7952408580889407,2.923622816157143,-1.484900526205747,-1.7102701452331797,0.6968271065586863,-1.5554546122783275,0.8754966469888646,2.0569999504029024,0.050231260042160185,-0.7466015505428693,-2.5543645142959037,-1.3255107024435304,-0.6040059226765518,-0.4418660459413814,-1.3844838228617582,-0.28087337518434996
-16.27418481866459,9.67808455413021,4.820859244580739,-13.164371433761069,-16.247398432629286,-0.5883340437440386,0.8848720294804072,-1.217160636175999,-5.375230178376478,4.650394860168001,5.843917180894891,-2.232328986684553,3.0512663513195895,9.703741810414101,2.2428252145963756,-1.2809608247270239,1.0723691361799585,2.3185213182156135,0.7776161587280167,1.9430431734845572,3.9255727882290925,0.4756180563267318,3.3487777221532204,-1.8773763195013993,2.618170234700905,1.235679945428627,0.1745568169065448,-1.1155635497628464,1.899522785897915,-2.488971870806137,-1.4722601132544504,1.5193954281044906,2.160489588726953,1.353122463862502,-1.4989193681600697,-2.863391422121928,1.7403580200859605,0.6998340063890262,-2.3107644809474253,2.2687763592149293,2.1837569536320904,0.08916132437971905,0.6909890027137537,1.70070718617876,1.7445107389741707,0.6798200538668296,0.5922264221406921,-1.2889678065267447
-16.27418481866459,9.67808455413021,4.820859244580739,-13.164371433761069,-16.247398432629286,-0.5883340437440354,0.8848720294804069,-1.2171606361759857,-5.375230178376481,4.650394860168005,5.843917180894898,-2.232328986684548,3.051266351319589,9.703741810414106,2.242825214596374,-1.2809608247270223,1.0723691361799614,2.3185213182156144,0.7776161587280171,1.9430431734845584,3.9255727882290934,0.4756180563267312,3.348777722153218,-1.8773763195013966,2.618170234700905,1.2356799454286236,0.17455681690654642,-1.1155635497628482,1.8995227858979156,-2.488971870806135,-1.472260113254449,1.519395428104489,2.160489588726952,1.3531224638625001,-1.498919368160068,-2.8633914221219245,1.7403580200859585,0.699834006389028,-2.3107644809474217,2.2687763592149293,2.183756953632092,0.08916132437972141,0.6909890027137507,1.7007071861787606,1.7445107389741707,0.6798200538668281,0.5922264221406937,-1.2889678065267443
-9.237875929885144,13.666686920985379,-8.18523677771347,-15.42478795482047,-13.18536454452126,-2.0312497717591675,-0.5593044186804618,2.0437799234770084,-1.5406643221417664,0.5330511332301049,0.17498440326420175,-5.371756032980344,3.5224225902612605,5.933982128220289,5.02052828232881,0.2206690835494298,-2.158747131114529,-0.11583242110843743,0.8166818411623278,-0.4824208213942469,-2.6161002128522557,0.8787872244398462,-0.8996480545423756,-2.1291033984484797,-2.798339128325117,2.619524743608204,3.359598746200315,0.9556839075587307,0.06604880265395534,3.085954621391798,-0.7132912403317941,-1.3489900293009591,-1.2338654867519412,0.6060210471104506,0.22090637620286943,-1.6412494808677651,1.4936854877596026,-0.0757623318811494,-1.3336941820516472,-0.8204313587559009,2.454230093641485,-1.6848972140069294,0.5247031919963042,-0.3825470824485834,-0.3749830785040773,1.4671483469722975,0.6947995965997752,-0.7497061078039311
-16.185027544870525,8.442433379744642,-14.457959856098647,-14.587925414544888,-12.552401206956887,1.7442793132966652,0.9332651515844278,2.546498285313075,-3.621253953646814,0.1037251672069478,-0.9864498899362777,-6.46634985548534,2.153709313856827,3.252600460391541,4.436104618798147,-1.5384202710411259,-1.634714759891574,2.1786338088999475,2.1163391295889773,0.6269895395684819,-1.6129075283869971,2.6097649159480003,-1.286537098235432,-0.9428661121741296,-0.6674048919660488,-1.1171482808939572,-0.24815661601004452,-0.6978633504253888,3.376366284136804,3.6942774112948875,-1.238947183026647,2.041692542309119,0.28762905496123337,1.5745505434099625,2.8030276163113985,-0.10955155037557063,1.4793605663900586,0.9019132452864463,-0.7189604519773029,-0.7910297235414678,-0.7885467141804002,0.5010303530385642,-1.4789324913282833,-1.079856472364519,-3.9018345233094216,1.159938086032962,1.079758909527376,-1.3873091733469944
-17.35871511856734,3.072533660098894,-7.240684972310206,-18.277670225177697,-13.287285717791883,0.6705794957143913,-0.049479811428458,-0.8962259900279759,1.5084619225208324,2.5187486646231667,-4.250389131306754,2.2538782176520784,-4.468190838409452,-0.3123560376456999,3.461119111471074,-0.6541951857435279,-1.8560852308127813,2.6581367897096073,0.052907032641241816,0.19158242980722623,-1.0333477196739251,-1.513348509109241,-5.884681912249136,0.6907679560905915,1.672296870293589,1.163886034610212,0.7251786849981957,0.33320852625590447,0.2600328235684984,1.1359205659505265,-1.2069647229228833,1.069646946095267,-1.174143925400364,-1.798815850699032,0.5410592739312575,-0.929277619238713,3.003182489072061,0.8493279808241443,0.7353670991987695,-0.49428424941755544,0.9444296318274327,-0.2651000476998137,0.36483462422737833,1.3545887578081406,-1.1026921274105779,2.9658430163499228,0.3033704413908402,0.5706718286200214
-10.97712338948062,14.723797834255782,-12.263580914430099,-12.880412974229202,-13.474740156033723,-1.4099769925580863,-0.51990807658001,3.5251662586094543,-2.703063084311439,0.9470458665195388,-0.15443078167824142,-3.345654689189544,-0.14577783886313572,8.439111299268793,2.183550029815973,-0.8195639197694524,2.9673026567592995,3.748201343231781,1.0760562389988853,-1.5518131865576361,-0.9846859237074105,1.7265110625965614,0.3392512860111795,-2.915030202348829,-1.4911826722318882,-1.2888108863539807,1.8901316490587527,-0.43959655791985924,2.1436263571358443,1.317688474312935,0.4762482886153081,0.7258743936768539,0.5556838646083303,-0.1868560850182055,-1.7112170528804078,-2.703424152890897,0.39719193982005285,-1.0246915551863591,0.8007483319227043,-0.4967788038636453,-1.464862746523546,-0.7631744440752145,1.6482424989763536,1.1118919629395445,0.7389851465251138,-2.889697714023644,-0.7489830344730318,0.21407252843526695
-7.468805243490718,19.23339121649415,2.9122527756795535,0.724657886297913,8.077838326777814,2.0375565892594807,3.0352990780087,-4.469939912752014,-0.7076748029794467,-1.810645121193156,1.0725873482831738,-3.048100857375933,-2.564639966956025,1.822432520041295,3.4833613913469113,-0.053771418542585415,0.835770355800589,3.0734676547894413,-3.2053065552031126,-0.8126950176745739,-2.1327744121754924,0.644733788393162,-4.378921090447359,-0.5938500107581499,4.327927804913276,0.724071287492648,-2.4380923536592665,2.577973581030303,0.9015480671052645,-0.1590335156672357,0.930684030046493,-3.4135936668095237,-2.071896739374711,0.6816853659815983,-0.8287464829850907,1.20495128416555,0.002097068833121212,-1.5188658770464116,0.8924662727338559,1.0213074944726024,-3.8318820951076726,0.2467697814508644,-2.184298054218017,0.39227473775829774,2.0782425419505834,-1.1750849252285056,0.430578960133994,0.49686388520973224
-16.095818574133546,7.703163183254415,-5.898168737806741,-0.10732738227287261,14.908851625470191,3.120462743306568,3.8635106304838094,-4.2524070171260115,-6.789267767728388,-3.692892169424012,3.7681763885099073,-7.179111661969508,1.6920424314270142,-2.7009069603087514,0.49917644851360926,-0.30930958410379294,1.0596330517684325,-0.4584059121492206,-3.7722085223999997,-2.143710713352136,-1.1644978985470236,-0.6292148438981225,-2.1678301245604414,2.2668666852182375,2.770392534246536,0.41919952927975845,2.122323306326332,2.551468038738241,1.1695563726991056,0.16788406981115037,-1.657088764040207,-2.332559738769827,-1.4133626960582961,0.8385148847230488,1.0995302426968316,1.6133257111300563,-2.360094686391349,-3.0015256140340245,-1.1479405290686413,1.5487922525185953,0.02716760124478092,1.6791024870713325,1.4900506495593937,1.0702455554732688,0.20634110368677633,-1.1334151207212813,0.8500667379159399,0.7928453034658243
-19.497617852173597,5.321416095025457,23.679699999198384,2.509676223329435,5.5135392577140525,-2.991461214912734,2.1784754999676057,-3.762034068178987,2.815065707329462,-0.5290190920839188,2.166782098240524,-3.177875224074193,-2.9657036233062164,4.23699847962892,-2.4225909052171426,0.7206027908741035,-1.144137887866705,2.7230176156668784,0.8986550419744036,0.3125948939051671,2.0002982327086407,-1.7396266261799378,-1.3373670284188146,-1.9232007119671035,-0.12368215412385405,-0.3818681506860542,1.0506964260596394,2.594595483189541,1.4765549505047757,-1.06290711518821,-1.980242375937434,2.671409032432906,3.3733343280090042,1.2026067828554252,-0.6534777431223322,1.4320807790492993,-0.5731105089286843,2.009633486404751,1.634799087736035,-1.49993016649303,1.7296427482270162,-0.0125762840041357,-0.9355715382446791,0.402199632469234,0.3292925744296507,4.403294388234054,1.748773504741822,-1.6523273561258027
-32.76557483849177,-9.916928103863338,-3.5762070477699015,-20.215596083834253,-8.124373414568188,2.9207137616531402,-2.589276152726929,0.16204397766522613,-5.840529876273746,2.956945725264108,2.02444721149334,0.45711825075215434,0.8725150224158458,0.9353744623471537,-1.1410655703793042,1.0860794681716148,3.1554265613882198,0.3390866617558944,-0.3595656016927165,-3.344878939721072,5.187272230074263,0.17557853380859023,-3.0078028112558197,3.684566760963398,1.9742136767789993,-3.2854668348148235,-1.5840118400976197,-0.6976982021708561,1.5213742779020256,-2.3906120341726567,-4.42736720706886,0.16055297023504284,-1.2210823233049168,1.1035240387384777,1.3017647844687898,3.1811071322217437,0.22893607249838765,-1.2094373127978093,-0.5465104318294856,-0.29320800013006343,-1.283650353582123,2.7798949737829286,1.5826761817503259,0.016842144299505514,-0.7815869041674209,0.6506600924618001,2.105647652500706,-2.1858905850191896
-17.67502681802228,4.777196892970961,-22.176868564994873,-13.764545198625422,-7.39796907305132,-1.481186918824718,-1.6186437443743995,4.674670725839353,-2.1071520772268393,-5.82374830684996,-1.912308446655517,-5.618015715847424,3.0927109983896295,-2.094290842708426,3.8776382172544603,-3.2480157910450314,-2.1707599076603623,-0.21086394762754065,-0.6235597371931774,-1.19050044755482,-0.33471144872416175,2.4163181873621014,-3.3892077814657213,0.07632513046351189,-0.27708541484022314,0.04304407339780215,-0.10018645341774055,1.7555824273027838,1.2882279479597445,2.2036005798035307,-5.630046317069571,-0.6215678872840658,0.9284393732626425,1.7071945447841943,3.623459402523417,3.4198486030372712,-0.9347693739875431,-2.4109719897787616,1.3425742800365146,0.4520591918061869,1.4003285130772558,2.1095081592760243,-0.10190221552861774,-1.6232910205290216,-1.918003499185384,-0.4552525484930782,0.7220117022960734,-0.8420003630369712
-13.18188286745408,13.526184517501639,-2.083776290782048,-3.866710357763428,-14.98367416849357,-4.447643381558827,-1.5508129450366657,4.211043203342263,-3.244874940755603,-1.0838258143250963,3.6583488275267397,-6.944323973706419,2.647750608533537,6.370832603917697,2.998779522743117,-3.754410973778302,-2.4175858734226234,-0.5725244917180043,-0.23496242489658056,1.0684840079717413,-0.9164091860012429,-0.2280791673909195,0.9756506390281652,-1.7604036076345753,-1.7892786894573807,0.7423903431980466,-0.32502983085701886,-2.1983626336546527,1.2571753925438398,-1.8183238565448354,0.10665209739141814,1.275581513668107,-0.3961853381388396,0.10040955327517133,0.4308184933383388,-0.6251148356396473,0.37573495249183647,0.23894865597817522,-2.612879456599213,-0.15324301446750246,0.057272183441307446,-0.37005405210387876,0.09747744542366767,0.07657785418466179,0.8474112748013246,2.3833017598409962,-0.905603056945536,-0.3489363321830602
-21.636044417693416,0.7147452332974382,-9.34099182167705,-16.222961681944305,-11.944458259478695,0.8384802494055988,-1.2161955006245413,1.1746225163058772,2.7503010226120432,0.958145887794936,2.189215839860498,1.722702886561021,1.2586073115988818,5.4672318463668095,-0.5094877775054346,-2.0495399083298516,0.09584857766598621,5.0869144263324735,0.5311193821049556,1.509137659817007,3.5774125218626867,1.0186132077127794,1.4171960177414724,-3.921534977436268,-2.14845525087323,-4.187592822615247,-1.302704266108843,-0.5501142880784664,1.2293482883530786,-2.943089721962552,-0.48745155581935673,1.4496268060170134,3.632793561549604,1.5003222423035036,0.6342982684429187,0.5645608750006839,-0.8035719885643254,-1.876000946952418,-1.9910107009855682,0.9043029895798026,-2.5634280788141104,-0.4278521566834722,-0.07974471868834329,0.2509362837776635,2.994123815773601,-1.549143141440557,-1.4315646460493272,-2.5997787746843866
-14.614234886398334,9.398661571671205,-4.384009744364843,1.6228338990610527,15.345610922605548,2.485929408523785,3.153007723470578,-2.3032051315600595,-4.5878124581378925,-3.3457442599572564,2.124202877528823,-9.626765613410834,2.962053601231681,-2.5325097047520315,1.065508827559458,0.03311845556774568,1.357045932207377,2.766084069602625,-4.821524869498138,-2.0342751817800746,-1.068720544830436,-1.0004162831187984,-1.6359906992596644,-1.470049552500106,3.5541818517360086,-3.1556856157851176,1.599096591185832,2.1662235585836993,-0.2374594719299932,-0.058191351027764855,1.9544148682491347,-1.6459269206666884,0.7023200728496309,-0.7921915659517565,-3.6975714762436533,1.739647726172245,-0.7323166945930524,-0.03178499487551145,1.3357452343944305,2.0451985863574396,-1.1982994678686154,1.299494365264165,-1.3638011663498029,-1.1227735308547049,0.011262207008939838,-1.1207575576737425,-0.7515799696137315,-2.3731716104938356
-23.275024314970818,0.7726344759509786,-10.133655401607164,-6.110444678009439,14.916747209448763,8.373174937392383,3.7525922109208834,-3.886227114139651,-7.012214246094721,-0.3978646269158906,-0.8381515224047854,-12.79081474297946,4.55714228244895,-5.002835454323092,1.4245651296269926,4.494908989834719,1.0759189209454376,2.5430116753964067,-1.8181072816728052,-4.357776035240021,0.7231727289970729,-0.4869641047608785,2.406719100694524,-1.8550907424719059,3.506874020928118,-4.554074335608681,5.416373823133041,1.864651285619417,-0.45267232516622036,8.18975790976063,2.1101850270134994,2.4870116574941714,0.29912601705974895,4.543810994544298,1.0056801143597334,-1.4093510498093884,-1.6667201780888088,1.1383474842734247,-1.023472238297212,0.4309170342854526,0.9384310934029245,0.20778365991447784,1.5525399136745175,-2.169001802358113,2.9210484187179224,-0.9593029292228992,-4.770317995380287,0.19153514246234393
-18.071136167131133,11.805032324664861,20.49402705111494,3.7832127700779448,4.363951667015573,-1.8104176856201661,2.65680642041095,-2.516348611936306,1.1930463427623264,-2.437078090760347,3.0972051043107327,-2.6879114584925565,-3.547803193089188,3.317235803930329,-1.6990604991260216,-0.09129251588171099,-1.7499118524168473,4.13494249471615,1.0231045621088466,2.3723406665116005,0.713971399985142,-1.8440371155275979,0.15902654667973146,-0.9723083951038449,2.38102631973983,-0.22230119190648934,-1.7607587800506714,2.386590351592347,0.41988357638389057,-1.2521487250248395,0.8130017867260989,1.9214527750958912,2.4112929764155524,-1.0686290908886347,2.1889891735202487,0.8825982756993473,-1.3552213793180747,-0.21683238204801886,0.3627271123010775,-1.4276893198913654,-0.06110298478185387,-1.0083779702184077,-0.5223901765283696,1.3866697648619986,-0.8954531929719518,0.5604071340367611,0.534625877769513,0.10922580114069083
-19.10608636331363,7.523500559656548,-3.0458622879246215,-0.039466538137651726,15.76696593762982,5.681269124403859,1.5515851628123656,-2.7765143119322313,-3.2091923434411735,-4.098734834112433,3.8080686982681846,-7.404928738146817,0.6096553241607248,-0.9863071384920218,1.123888255228136,0.6814598215460561,-2.9621582712623975,2.9233759583585517,-4.031591372804771,1.5925475860364515,-0.5795945339679265,-0.4944042029043422,0.8958095790188062,2.3901675388011547,4.839408969470965,-1.1620541079681945,-0.5249941467853246,1.2854242264293438,1.5755073144413534,-1.5919773315341454,0.7254276687636961,-0.8071521020439206,0.5334480310804661,1.5372875611859782,-1.929036578039547,0.4977302293933496,-2.373738293097347,-2.428300709980469,-0.33575172320126273,1.2002491341994659,-0.6033310317354309,0.3873224453930731,-1.4802276270486765,0.10156099310755032,-1.3263113540237068,-0.638512721877941,0.37024994957241175,0.38788547567553794
-27.187746331613635,-6.073709236471292,-9.920563250013306,-18.62783148329025,-7.067112635212923,1.5590460440369163,-1.6392169281540827,0.15344094590844834,-2.423436935663658,0.2257096749126953,-1.3693107715142365,0.30464732707952963,-0.9078173711266022,1.4259125492057705,2.5869579760767873,2.365144646094023,-1.9902089470872586,2.203009323890481,-1.0186888810217154,-1.2020459791261502,2.4972821988089415,0.5157891589242636,-2.4601897770777765,3.488157716534593,2.5455520494545465,-2.4862676680974483,-1.2561568225305906,1.2979198204513687,0.22694502402745106,-2.57519854578895,-3.5379234749496327,0.2565601438088176,0.6648285319475101,-0.27098728318843585,-0.20464130918012927,-0.8324102107185442,-1.4242042118089042,-0.6749541540678566,0.90870615876236,-0.5820616526821134,0.4977538147212515,-0.05591953975705521,-0.7323384706806463,0.4116269047639184,-1.0359281618105167,-0.5942734414537356,1.425605052620918,-1.2988812611605085
-26.32860148265396,-6.053993786530383,-18.114289909823725,-16.2081064926214,-1.6252955628094032,3.8683341254081176,-0.8284838842544539,0.6847595475183139,-4.598631005905944,-0.9215496052049938,-0.46241818515515576,-7.121715216116112,0.29244720287577286,-3.2259293554878057,2.576071420848548,3.568684834726817,-3.5140910006713058,1.8148080080847155,-3.686785796379255,-3.3362143494565495,1.5058504334082945,-3.8053555190204293,-2.2824879140282484,2.655173339690544,0.4706834837168282,-1.7757864851731702,-0.229026720558298,-1.229001701937519,-2.977567332434683,2.6865243913379424,1.4853930352293159,4.740598820724026,-0.9769920892621453,-1.6940198852365838,-0.6350092037152824,-0.35304064778544614,1.6986845967581812,2.6705034655263153,0.867809492629386,-4.053279079401485,0.6047701652409662,-0.6009528642074838,-0.2961759622300811,0.8012263916459871,-3.575360493553164,1.6289382192071,0.006412769891719148,-0.5339156586201085
-13.677652212135479,14.554374676769548,-7.384743136786031,-11.425531347890832,-13.452958782200584,0.8452898195775176,-1.0887057935825974,2.265608053772345,0.8893410936967958,-0.739475417906763,-0.5872328457451441,-2.1614947845910155,0.44430621264888737,3.229789633891997,2.7336926215552126,-3.858415768285556,-0.842587289833052,3.006911838131897,2.0534643169429057,1.9217179949431487,0.36043190686906124,1.5987528273545566,-0.1290915908320479,0.30339675235327623,0.06079707151373415,2.3250692139048676,-0.7905100126956027,-1.5987310312892091,2.5545364284395977,2.08181763476781,0.670561294459914,-1.4976625044233094,-3.1908585591459033,0.4157828055444128,-0.526802449376782,-0.6997228700592478,1.1869059778848972,-1.5097502752850087,-0.9151842249181036,2.432671237733498,0.4804756390104024,-0.6464613573509099,-0.38175901575514043,1.4706071708180102,0.14675496443229183,-0.17651101340800246,-0.9248130187283954,1.0483387243965092
-28.426071369693435,-11.38666689481791,-3.5135597888668513,-17.611890653541938,-3.5395266463272814,-0.6863588563764211,-3.4564150371428304,2.048483499496763,-4.488122340074262,-1.573795490527296,0.5171022087244892,3.1277659014294614,-0.046823795402755664,4.560941281037083,-0.3613145402546221,4.015665919186504,-1.2790825071652427,1.4767824943173535,2.924342189933899,-3.496908976091906,1.891511759959348,1.4542321371607936,-2.624921359782373,4.798880621801073,-2.146548639111249,-3.1213945439252315,0.7845714762398064,0.40512928968192724,-0.7290219270531273,-4.387800401949328,-2.6310222501064833,-1.2487566133337522,1.6688107178361808,-0.6140478471535727,-2.749217231027909,1.7797367480333044,-1.037912328508217,-1.721040573853202,-1.0398213966018195,0.9452387492449905,-1.5976396077785788,-2.3309779363019207,1.5010345541724934,1.3936762255008899,-0.3831326338784549,-1.5425094724587622,1.7715689299052328,-0.8650040462168245
-7.337956011150762,16.919064065234213,-0.9127099046712358,-2.354741839104463,8.849214299876515,1.901559293166165,3.2253574799732623,-4.050829338388877,-2.8886092516326376,-0.5975316140357738,0.17837551014750982,-5.3890946049878075,-0.474501519661954,-0.08695377545379447,1.951061263594064,2.2012241440671323,-3.4840508976699245,-2.664795027800737,-0.6988130680734527,-3.7144138732610283,-3.0892619461284747,0.17472068759493214,-4.521392409867727,-0.039034080931680266,-0.4022593200891576,1.9103313914669937,1.6752110513258378,1.9770143759775196,-1.0337373789739395,0.5997878701578971,-0.1465273996300161,-1.471868181900115,-0.20268701607556416,0.530710590440491,-1.2538491548919295,1.0728640733254853,0.2505363693019099,1.3259431824753674,-0.8389524688094425,-0.09051773655463956,-1.6916904920191749,-0.22190071492074342,-1.130746633317087,-1.453925787617958,3.439696291629666,-0.5560013145126781,0.41414603033625536,-0.1300606845043235
-11.849686852793338,12.764918618193581,-6.16344660382483,-8.292348259518372,7.416498869399666,3.393880745911923,5.3745849381272635,-4.672312517949817,-3.9394303716252232,1.3536989525260334,-1.7580158304781146,-4.780134300287642,-2.774059675824285,-0.025721028455065815,2.1550701992778514,2.7749612869094853,-0.9171942535210318,-1.0402452901316372,1.0489872849027222,-4.9957552833685535,-1.370922228210127,1.0642535898456404,-3.4765716136098,-0.8573894232947771,-1.8325406277003071,-1.4321101258717488,2.1731348656702325,2.3783972765591126,-1.9084966372172076,3.497151461910217,0.9381451451398264,0.09645251709197179,-0.009447732320684387,2.6579672864326147,-0.2032310150418899,-0.5076478157270322,1.751516049253234,1.3350383680610978,0.5169981607272491,-2.8705919146084256,-1.463883032567117,-0.8746855885552128,-1.4989249216535254,-0.9206586671077209,1.6552653371292727,-1.2628661276217503,-1.0780729682281756,1.4331742412952306
-24.814892543856597,0.9925444698237795,19.165855941962743,0.792639808733039,10.603822435119588,2.0704045261445057,-0.18710561039846546,-3.6390805402551387,-0.4837262856791742,1.4951921684462828,1.0376337124448403,-0.08005855791612547,-3.292805932942904,0.8573211781591171,0.8444861396195301,0.8472284614630182,-4.656121373286424,2.933972520695618,2.4056110017826615,0.5973381951382828,0.7317047713602396,-1.067344600575052,-1.3927396618832653,1.741807726138594,-0.657031895191402,-0.36804980352596556,1.4284540263648329,-0.009197420871464568,1.5225850834965813,-0.8428577569867504,-3.1445481813640894,0.6797338482385099,2.1143806005932033,2.15373246110801,-2.2370097432493217,0.3224870669571306,0.5112122710013902,0.8444212337229641,0.7292297040092945,-1.8848056697894098,0.840628118438763,-0.028506290446913076,-0.43959724274640155,0.0650092153573221,1.319348618686347,1.4522636525158157,1.3989247739048132,-1.3470717999424722
-6.263039003061273,18.921903848636095,-3.051350896544374,-3.261733162576854,6.959394565867205,0.2282308310106328,5.018339248669103,-2.749257605332387,-0.6532387641429341,-2.491312285357046,-0.1974309290049243,-1.532081758712976,-1.4450603187182336,0.025281230688607464,-3.846511551362061,4.361647492863001,0.8959704716450627,1.3845811544329336,-0.6993591052255306,-2.34242722845215,-1.805621222010783,-0.13372232824477742,-0.6677673856223872,1.8883611076525857,-0.9867341309631014,0.47310767289356387,1.031730173081288,0.5814040669100524,-3.1559901585179513,-1.0182112309002886,-0.34926849703193125,-0.06534476586466423,-0.16160144142244726,-1.2262276631630171,-2.7134683101702484,-0.11752165400032819,0.8714068105327768,0.5208579772937255,0.025984744388810634,-0.20026159007276367,-1.940252007915643,-0.6178443940944071,-1.3387332416674038,0.40788157370104783,0.9521065814997745,-2.1466339690423295,1.126568128634747,-1.066169697001619
-8.399461973185725,18.3943143884514,7.043388868050159,-7.542249944985626,2.455257894159574,4.2882488006934825,4.5482889678236855,-7.1124329298971185,0.6868003406283247,3.073184075324606,1.751484456418626,-2.878574184373901,-6.272723611903677,3.1562345356524295,-1.593345239643246,2.7591621309989955,-1.7821001768593163,-2.5787810837001484,2.5253681924437874,-2.899300371779845,-2.1398955459953823,1.5352589618096226,-0.6615762191625719,1.2800392283658746,-1.9044007294009004,4.9783537537913904,0.2597949881718958,-1.2732009061233178,-2.1418647029226308,2.083539568452909,3.9444049750351864,-0.010895050118058842,-2.1762601717590875,-1.491136733643435,-1.4147619385676473,0.16964093134068006,0.8850495182086906,1.9926418000286208,0.3167180769843684,-0.9716766161473134,-1.0486297587792155,0.11521200839963822,-0.4219317773840311,2.6482576485335643,1.6491768504661362,0.5152003971816136,0.9679742157494775,1.4286109674296896
-12.23029727001503,11.709708439211612,-2.8451897591857676,-6.96835707213421,7.318767945311228,2.125204811608076,3.837029559999538,-5.826101289416169,-3.5996742861914885,0.45473265134560265,0.5562423211831387,-5.476380075982593,-4.171061566928469,-0.0009768816513898643,0.49742098017840747,1.8421558193682528,-0.14052935485786308,-0.3480883572691786,-1.488001153534106,-3.384242104270632,-0.5375391100333079,-0.15787269286318178,-2.025995805497201,-0.3508214462056993,-1.376694912872886,-0.21254431786093705,0.6147333464179615,-0.4882222954340175,-1.1081347155402785,2.3265364925565613,2.505507699743284,-0.4655697419215629,-2.233110669933541,1.7067665292286307,-1.6171634532529917,-0.4757701493256495,1.0649655891967587,0.3262504613801745,-1.7764782402211619,-2.735465124661269,-2.470133789101093,-0.9236603789149347,0.9078321210162166,0.538347699413031,1.4641163606451095,-0.28668857955941923,0.7311818227095344,4.507354359338692
-0.9140420160928089,21.085629758032145,10.420345046469242,-5.82732363634407,4.192865220816022,-1.28864959834695,2.388524769433486,-1.4862714709718248,-0.7836013616700396,4.038112451294023,-3.975641203411683,1.8271568837901797,-3.1518705584604993,8.695175855205934,-0.03430306105950475,4.663908271169541,1.282784029420546,-0.43450296771725466,2.6092987292395486,-3.7639184786770072,-1.1604451256504427,2.013191244737371,-2.249324934864237,-2.523497450106017,-0.8062730051593369,1.9099539637680851,3.1827087275960895,2.6918858947156132,-2.898713433292076,0.8587148286967966,2.355531261519786,0.2992810905698231,1.0921373760242024,-0.14406557456154492,-1.7000423666537081,1.0745032006129906,0.0940133111947069,3.325034266183279,2.9087123277123754,0.3029051903723128,-2.066365785833641,-1.1501568046002013,2.1307936319138294,1.5231920847089029,-0.919150557504133,2.0625539589320407,-1.7281168246501282,-0.16715460830331855
-7.734478428185268,21.95916594408701,7.822080122795068,-4.456168638185529,4.097700446035487,0.8418278631824639,4.4612644738559935,-2.19480021916656,-3.962494434555882,-0.2356383987662937,1.2722753906312074,-2.999909450786079,0.36182116808525433,3.4110556317441696,-1.8177861927691752,1.8753927784735753,2.037480931339739,-0.09236829500460488,1.0712004967586635,-1.7080775719778614,-0.05543284120866753,0.1426167488373741,-0.05073636026626295,-1.8643115966113804,1.5983792106487027,4.105738107909853,0.5125947788592954,1.2133749223311616,-2.6433762848026827,-1.8467750830647123,0.13044363622599958,-1.4679261321087909,-1.0770415856446338,0.6794008821518,0.7862557973589833,2.426403914073666,-0.08923958132142427,-1.0421587831593433,1.6278156836628568,-0.3729132804264046,-0.45771658827553224,-1.7569999465401054,1.2349121885268421,0.7566841773762404,0.9427442300120441,-0.7580440144541917,-0.26242839038638016,-0.12849785578763653
-37.661529119264685,-16.46344657852939,4.917491232924675,-10.83792615903869,0.7658560628482741,4.893474155217206,-9.12391854190262,3.0136067870023493,-4.771826006620582,2.1988853125110808,5.126781293500712,3.3421450370170684,-3.166082435054319,1.3807433753752607,3.5958863390978295,1.7958079326422505,-3.25973214090538,1.908207952951694,-1.6410314431571962,-0.7872150760425617,1.7032180534584518,-0.7686992596473835,-0.6784610957044086,4.158898219270683,1.4275255616187157,-2.095256433424043,-2.241929856091214,-3.509128318591348,-1.3350521646477105,-4.137370999230479,-1.3311193704630961,1.2055583847453244,-2.758347082111137,0.1774324062635062,-0.7350696124250862,0.21822468186365454,0.4248293027068471,-0.22843480835203667,-3.4432825059488907,-1.1382584236081947,-1.4030250464693996,-1.5637994387090763,0.923220159674761,2.7604562169517886,0.11395314328273454,2.012422867256447,0.29766308694530236,0.4579514678797202
-16.954484631944684,3.68266513233786,-5.754303927366491,-16.074103038848765,-11.660772226816439,-2.68188508464965,0.43242881035936115,-1.3563718833376273,-1.638498460776267,0.9709350769238614,-0.24573713544792128,1.5681705226742286,-0.8509440048472612,9.359610906303654,2.9786932872154317,1.2394154880894785,2.7496725102436246,4.645158310334506,0.22231515030594465,0.04812923644955515,2.4758324312376816,1.7370143651303218,-3.202457956023066,0.1934683168345881,-0.12518474649437397,-2.147025403895527,-1.4036705345949927,1.6007642718212352,-0.9057335084660869,-1.203464877522756,-0.490060505713653,-2.0540974227589683,0.6891621977928776,-0.7843369945712201,0.11432819696172229,-3.2256016822411318,-3.2988998086381454,-0.9024877565639445,1.1683423297608124,-0.10728908692695788,-1.3888789246965545,-1.7387224249244482,1.092208750351031,0.8356523891711686,1.0223632346119726,-1.3145993478271107,0.7137395593543826,1.2150571256199216
-20.238485566514154,4.123510946480087,-12.79905999136823,-14.027579162014451,-7.470218619825694,-1.3434510216424682,-1.3133657466655921,4.451465807899238,-3.9200555148053087,-2.3507698132250168,-0.4373052454725205,-4.572287578075022,3.4894953615996864,2.339907281650006,2.2060579505736317,2.853362149418821,-4.165599207998966,2.8242424295806647,-1.0443371054534696,0.6916570209068669,0.7558588083246732,-2.1522562534637455,-1.6393830733610986,-0.7081845776619671,-2.543319022489946,-0.6515307402012945,-0.7020676252003082,0.30186952984586135,-2.4277958971029525,-1.3255105698497451,-1.674122718018373,1.4758342190046325,0.6841935523632736,0.6042739737223021,2.6989466139901914,0.13278263179445401,0.9246124124748366,0.5616860624029691,0.3279674703320757,-3.2339562050636648,-0.6122143177506122,-0.2512752273925251,1.3636155507162582,-0.8136677333767274,-0.8192494063992731,-1.2784647194505636,0.05327337923035571,-0.8336684211958774
-9.304354561401567,16.952560534839265,-3.762478701741237,-9.276125831735737,-12.22125763445575,-1.1142535329529506,-2.5972131268986445,8.876639216824906,-1.7199904012235008,1.1437277797914833,-4.86282110626883,-0.741583301074694,4.27366479895838,5.670018857790805,2.2586577503320964,0.4803955532697808,-1.365113660614115,1.4536495238156377,4.452674886492099,0.3178248788886504,-1.8581181130422515,1.4887796833181945,-3.14309352723542,-1.1684151435934653,-1.0494117263679759,3.744096333782467,2.276109930039345,1.3356974010824045,0.2641774273612863,3.909720102737419,-1.01264381107253,2.0025907414449016,0.294710637856423,0.42836419725837666,3.3836102905841243,-0.13062671038303403,0.7940987510143361,-2.3911359596772424,0.35213236840290835,-2.29196534363415,0.2588766014560132,-0.9756158746612287,0.32267419971275546,-2.701322865666637,-0.6235728983154132,2.357571406138925,-0.5198777724803356,0.30807089657882664
-15.254981940399324,7.9511044476338,14.007698275446735,4.778854402457304,10.082027546501845,-3.2049323597527772,-4.1292876296296015,0.6124641408819789,6.466238392350943,-3.1734429505561743,-2.587011921553523,2.2519044839792417,-2.470676192700054,4.019928495245056,3.1571332792272826,-1.5190268488544831,-3.549341894128973,1.3350031515883531,1.8349487247946712,3.919832667601674,1.658457177116192,-1.6652166240899342,-0.006972575162156868,2.7221709958556093,-2.525071136433908,-0.7187735208250849,-1.4149586895220574,-1.5181304102315978,1.235451915674155,-0.11414931874346401,0.7368207557283601,-3.2556458989656436,-1.1649325053746338,-2.963093057998158,0.554394672098392,0.8380655017717519,1.2262080905989323,-0.6374171532296962,0.6005530849538163,-1.9497303925338605,0.13662102607050983,0.6055805418568391,1.9805012609425874,0.9380742630253841,-2.4805083903226155,0.9666139358125366,0.834276580617195,0.37009995362500236
-1.811536060893539,25.88162508657271,-0.3785620671548693,5.450240571177981,0.5627744083422911,-1.1678835482437817,-0.15466803045923247,1.1953786218581128,9.514437555538787,-3.0541992959220523,-1.364017883966127,4.148174523205865,-2.243263865295921,1.0427159105848331,-0.07865525920900471,-2.851532349954428,5.675492295528701,-1.0205681449613593,-0.3840639599460538,-0.657430962755874,1.307644879198741,1.3275201544985469,2.1382687922115635,1.316300265330077,-0.3376346240959973,-1.8380592040231276,-4.141488819119377,-1.993030702011296,-1.2226803913176427,-0.8283831594741414,1.889371329125029,0.2872126579537601,-0.8696322844955787,-0.4912958832471174,-0.7618004155678767,-2.358595850198924,-1.0276285094489148,-0.3055054000133605,0.5522371598872112,1.1908507320701247,-0.7294452601964977,0.5290201974077718,-2.4905556984056196,-1.0181829943175862,-0.8167914264770845,-1.3342863111069292,-1.9842690117410204,-1.4488668993378684
-19.330114900170894,1.5281724731312853,-18.799599008969366,-8.467998638294569,12.861904627895477,8.51324765907948,-1.2696969538446985,-0.02263172507421148,4.466817823843315,-1.0724500209253351,-5.852626602107162,-3.720530329474875,-0.8469597930042906,-6.694432398136771,1.8164149012139585,4.150378274141541,-1.3329962735654284,0.8418001311916313,0.08490280049940871,0.6099156368487594,1.8169457465420227,0.7016476525349196,4.479083886664525,1.7729696148099054,-0.9446684067581146,-2.403446525247532,-0.5539749989596777,-2.3200283070645966,0.3790882318605083,2.0691409843864497,0.9559246805948657,4.6052237709672985,0.7647945576660649,0.38328348111185034,0.8770570926484687,0.15405729628149328,-0.2598590855732225,4.489124942505363,1.2870185520913422,-1.315491166263969,-0.33407540783232215,-1.361187201954501,-3.0373508375472054,0.2762137120566873,-1.3805576358275347,2.6675660780633494,0.1279484506741196,0.26822261122723823
-9.919260493346401,16.158488565598375,-1.4806719264444868,-3.617237973730041,2.0084896169811475,5.489653932960817,3.882058303322455,-3.5241076810055474,5.216162371487828,5.84696715442582,-2.9330250431217877,0.394344917740165,0.5466194956127021,3.0003310397885823,-1.5312641801395919,0.8423686176448455,1.7198807065007937,-0.15618652706636774,3.7857684861034553,0.49648799602475624,1.7359584268841153,2.8463761464544963,1.2901787689113728,-1.1085062347201344,-0.8299019935231292,-1.37177349013218,-0.7362809337641079,-1.7670067204820017,0.9971455562930468,2.9180243137615096,1.2857716320736516,1.8829912634203934,-1.26245353985338,-1.176508803295354,0.7275126769620964,-1.1272159954335617,-1.938798766297522,-0.6776465761325591,0.7669474591907159,-1.6014322181276677,-0.08879539731234043,0.537495032717898,-0.9158347036686061,0.1984454133157002,1.5870040559696426,0.24766430792517563,-1.0315364849119202,-0.5226145126181302
-8.94374940090809,22.265488826621954,13.354748818766518,1.9601800809864987,3.6037574290100345,-0.8772206174050391,-2.1569379562233775,1.3295174102206417,9.450557983731342,-1.1882873612450635,-3.8643375109652593,0.8227726816846443,-3.2556426039768156,1.739358509315524,3.176060278297814,-3.2845491815467964,0.40682833772169025,0.2359781878316578,5.09438930084338,-1.3975598677867347,3.2179361807118245,5.396738702127742,2.923191360679547,3.920578760060649,0.2748295471718133,0.34936951707303976,-2.09637602857899,-4.937462611797883,-0.3670818026599703,-1.4868651892279405,0.6986863647573863,-1.2926017581681548,-3.6004148237345825,0.34810628936221194,-1.87417672603334,-0.5145592376916661,-1.7165865193314902,0.3811158784534628,-0.5153189338004678,0.3553563009770214,1.4354665742508927,-0.859669906967436,-1.3662699229620656,-2.629590805429887,-1.0114590550702522,0.3369750747096193,0.05612201077846198,-1.029301098548592
-0.3627809930744808,22.22067277958246,-2.7006030571515414,2.6688833900590847,5.195150628917438,-0.4929709640452257,2.305025597561985,-0.5208048873739957,3.5608413205495184,2.668525319044238,-0.48908721530268845,2.5100375167687763,0.2901151350679272,5.426689281027566,3.4878825619636546,-1.1682583614752746,4.01814062667901,-4.0972903728544745,-3.5745096226843036,-0.47931322888203054,0.5526624788241231,-3.6728647181466596,1.482118664869846,-1.8176719854379582,0.19235131540454486,-0.033793210614100094,0.8288980142131264,0.703313949961453,0.8062346357926631,-1.0830486341157013,2.557205549936881,-2.5621144690663216,0.5436186444285336,-0.3234952004770581,0.9362958465846424,0.6453286751206719,-0.392993058850415,-0.5676806768873924,1.3992589870386363,1.2121966017950339,0.040011353611724046,-0.8530854015771717,0.962023903564359,-2.6545796983966565,-0.3349553908850098,-0.52284616483058,-0.35019925389418594,-2.046328970403961
2.5326469912715086,21.692022669567123,-9.659464055197047,3.4742561395352123,6.617668626919725,0.29120122812797844,-5.1766325299158185,4.109972292426082,9.010829503706509,-0.9584114520223419,-3.285585152986538,4.037690579520521,0.12608233818842673,-0.3862552858984575,5.9249811285453315,-2.2049426585566514,3.0119653485052047,-4.93390426164535,-3.4715017083699555,-1.1921954433536708,-2.4997091110480953,-0.9647740191785033,-0.8785998237210269,-2.4576961595243527,-0.3443365913425436,-0.013676937941781896,-6.702135580704367e-05,-0.30540067937390447,1.7065201231377847,-0.1678418844691627,1.1351173606534282,-3.942784625543794,-0.2816628675407933,1.5944158297714224,-1.1098007763029702,1.2406866221951245,1.831888850917393,-0.43077175674321233,0.576274824780914,2.2150404799420493,0.9163150419941558,0.014141893377033843,1.3802515331151168,-1.0805518220121129,-0.4169767431607404,1.2772135029875071,1.4449698969546303,-0.772044113734893
-10.812845302289592,4.0456309982752465,-23.687928905505053,-8.880457338100697,13.910325165997026,3.8645652937240946,2.494252602380528,-1.1771187863296568,3.2256145816266817,0.3226843636395854,-8.099183681781145,0.9912395676065013,-3.9729365443977276,-5.948898438619561,0.5406794908729237,-0.7568307052702575,1.9453432360800322,-3.1351938677125735,-1.7841152759089227,-0.5599978414487798,0.5190024161905155,1.5937234462540815,0.87214492170444,-1.8111441027586743,-0.19793157587426677,-3.1616588071104728,-0.5354684591596005,-0.43778546648626593,3.2546635343549553,1.7563577000870376,1.655091267819728,1.0344003993669766,2.692780674077819,0.29281543688116857,-1.0095185865604193,0.1662357450809642,2.2469191782516713,2.4983164004204657,0.6906946499523859,-0.7923784089735224,2.026919309626217,0.6612807050745418,-1.0009107032775661,1.7761148519653445,-0.7116211709190606,-0.15269749216887182,-1.140764135076446,0.03822561034316718
-2.168690533559419,20.04403552793839,8.496023984990334,5.584548738646763,-0.2129461152577288,-5.675277523538652,0.8983822023580701,-0.39516405680039446,6.985497694125252,1.0583979467262226,-2.9879165408922965,1.3827066189365675,-3.7979348863540054,6.476762779847628,0.46837590271627105,-0.698270350348876,2.277144908127952,-3.1826769600852813,-0.7777997962456428,-0.9680239878718262,-0.8229643013034209,0.8136268437807335,-0.6113958568716517,-1.8003525539124077,2.9241072793031724,-1.9017321707816195,-1.3689225526544202,-0.2874202856099479,1.521420598520319,-1.2449853874948176,1.2648475359181144,0.13817363312840122,1.199770622459694,-2.8140818337623514,0.048621101101513055,0.8256881984381174,-1.1035826045031663,-0.6048214146688417,0.6286135079346563,-1.0615170626755823,0.4750254182395159,3.4988126773088304,2.483521601284657,0.6966864905915283,-3.689344693465789,0.8674401452167841,-2.218333558172563,0.021951638795617033
-11.347182644334392,8.376726294282063,-0.34017961162651167,-1.2146846292159197,7.283415598467516,-1.7473298668478965,1.694648895002785,-1.9736851185460962,0.6776690504580526,0.7819570530136484,-3.6318193201973266,3.69249606966525,-3.6391020819309348,2.7111108575844107,1.498276472128333,1.4849934306235293,-1.1057608685245364,-0.31395591005191176,-0.09871202402649341,0.9100799001840518,-0.7419726394984786,-3.2173169622607687,-0.7074425354097005,1.4427888964069506,-0.21047786911030886,-1.002311936383527,1.9996115684104359,0.6996063197755188,1.4048522189099908,-2.0062411802325486,0.12802475943270805,-0.720998936251654,2.081748180920774,-3.6504538052107995,0.7529422788576308,1.9486689859808466,1.017675031511285,0.022280192905239728,1.9732375920125338,1.8145503225495447,1.000263466103567,-0.307789624999792,2.1849730302256747,-0.25459514532439176,-0.21378161068036589,-3.417601967898848,-0.1821206437716589,-1.1954411435860792
5.898255771140429,21.939103435114095,-6.2644899536922765,2.123346904082553,5.602186168977286,-3.437905562146473,-3.3883150641618394,4.005854213461356,6.756080587332948,-0.7965598877434249,-5.834087806762379,6.281877345739649,-1.9770965953596833,2.3128192047549776,3.325216246229735,1.942132390689948,2.976040944138177,-3.6073884157865153,-2.346094087427844,-2.1285389066996983,-2.871972385651215,0.15228611246726706,-4.009445679634243,-1.0720500658053782,-0.0012727133846229853,0.22283067504193654,0.8242408365945236,2.292520795124865,-0.8787268714447743,-0.40316420744552117,-1.0824266105084537,-1.7575321939261455,-0.03811945218408736,-0.23570790110363582,-0.10472713166694667,-0.9730364786493881,0.6961895220962553,-0.8696148800085938,2.444672815560695,1.6818762643516094,1.9189898265842278,1.754558873737561,-0.12403646136920435,-1.9034700436052185,1.1070662948194212,-1.645955632053685,0.16190950005605578,-1.1378019343599592
-7.297323201537871,15.33461480497744,-6.937270829717967,6.201694314816331,9.937858542484282,-1.7616795620141277,-2.184445326276382,2.6643499269951736,1.74487643672158,-4.856956209399189,-1.5352559530145398,-2.087335869164841,-1.7706766690657993,-1.30948779216921,3.0986694551803162,-1.4430270522928286,1.2125957886176868,-3.095890066662151,-4.845661777472592,0.03607123380087244,-0.3212683054821217,-1.5639764842342703,0.21340387765531038,0.36101946988031536,0.08065142627526817,-0.58199303866064,1.095233861118792,-0.15455590354095464,2.3959113282849303,-4.195788600840886,0.009690755045342763,-1.3311442796461326,0.10028863902923775,-1.447374268011583,-1.9582910934659907,0.349040643148865,0.3307651254752756,-0.8273920250259865,-1.1416265249502466,2.024312212893438,0.6402093161793919,-0.48408564410901084,0.3133757898644466,1.8989756282896422,0.7602093266468101,1.7270588599129877,2.3310355276331776,0.7522756486465297
-13.953661377919824,14.292245763920597,12.473369999163712,-0.3518991462996937,4.948892900189852,0.16472148353721852,1.621164823675342,-0.9563012281055808,2.5930311411768723,1.7643233197915988,-5.037859064780015,2.3491463865418445,-3.6960232234789845,-0.15295173598846168,1.6332394193492767,1.1669143031997686,-0.928037485545747,-0.09480309871789151,5.798421079702701,-1.1471422738941155,1.8839771554377693,3.4345843035418873,2.042140188231579,3.260161045195404,-0.1993901240932688,0.14346006927968322,1.123845067800504,-2.2530250611206237,-0.06801052325717351,0.1681675805320713,-3.101908271165993,0.14234141876894107,-1.7376450107801045,-2.6088864875451723,-0.10661632028959288,-0.3262860183991231,0.1875940821790437,1.5145721192113861,1.273944839794257,2.0136223735961383,1.3154663824473427,-0.47060366414247645,-0.35436635370742375,0.8543503579296589,0.8262765056697089,-2.1680915223687034,-0.7267973579923928,-1.4534248968341015
-12.903631049058895,10.653704689743071,-11.184707584328859,-2.2372746572351083,13.834601627062701,1.4601355786266639,2.9276021558206957,-0.5464577704413767,-2.443197700188959,-1.6313036399502014,-3.9836083894691012,-3.9653491144869757,-0.6162854390111315,-1.3553835955147289,-1.2163587618479612,5.234471771694482,1.6281577633191409,-1.9709429573049932,-1.735386047999374,-1.421538993822861,0.22879404130821382,-2.6827870941811707,2.42637601938596,0.9520543180729218,-2.2439341123034895,-2.841438323462632,2.7879792362144435,-0.8321931226132467,-1.9670499033134423,-0.046653958284638655,1.0061071738161624,0.5670758695650491,0.07079668537122605,-2.0885971988658185,-2.133629749586007,-0.6006642354583839,1.0779462073922614,2.3044411400943097,-0.42927490776057053,-1.1040180251956693,0.961986631523343,-3.132825057751197,-0.8710859979323768,0.00024175531133698984,-1.2015289791294397,0.10113288229635413,2.225821164934172,1.2606899871340802
-8.689439756935906,12.312027735950718,-2.1773948002682038,-2.004051650041892,7.621579031091948,0.9638420633726974,2.9669052945585213,-4.078463397118939,6.164548684602436,-0.004545878129947576,-2.542070125974451,0.6353395203549876,2.1006130739872946,1.4843661974617168,1.3665922195605846,0.8054577322161496,-4.122723849694296,-4.136970347963826,1.8686003875864108,1.199469247589171,1.6251590745151183,-0.4387323835553616,-0.46601203366082344,-0.5397949814840759,-1.8351430614620283,-2.7627840949835374,-1.4432374600102162,-0.48101985675302944,2.367307095310815,-1.0943174511939782,0.7040403979287528,-1.1144490823763573,2.6734460643062583,-0.4495547631944856,0.6433062435666486,-0.8536549850122092,-0.8665135220853124,0.4014296882122651,-0.43463024171355824,0.18052670177241611,-1.262482837311262,0.5521863820775537,0.2101633158713454,-0.196840278723235,1.2710345195679014,0.5447926310296363,-1.3382727604805345,1.362975903831615
-9.08610098930362,6.918894085051331,-18.512963761262522,-10.644226451558714,13.540102592367727,4.002481948893154,3.2154361105173797,-0.9178076677012412,6.990114197823806,-0.7232056439932277,-7.8015674706046365,-1.2775287732325735,3.458485301109878,-2.192858387338318,2.711900752808204,1.4148387802463174,1.591374325338616,-3.580824933848153,1.685688798816593,-1.0742824787161638,4.223017880735483,2.279307617001479,5.505095930566256,-0.9793901347830838,-0.7321347109898559,-5.071601284977148,0.49305192582558166,-0.46532115029985616,0.8390506854304255,4.248847479253734,0.4957840987567648,1.6294847800383745,2.0876179438098554,-0.2513706447046556,3.031123979195987,-1.0085522347598317,-0.760305799463371,1.7656169529215382,-1.8105659560346934,-2.8100090834828686,-0.20740297958516815,-2.5005127935046385,0.003045551430836478,0.2534477800309412,1.4151506335432191,0.40150914618441413,-0.984357042230652,1.6815319204597343
-4.97711074006324,17.825978221884764,-1.648513094782158,-2.1177396671799613,0.49922102415653774,1.235149667826029,4.1463196194658325,-3.964165972351062,3.9343832891418216,2.497294554836982,-2.4727439865305416,2.964768455801694,-0.18156371981860284,0.3331089859325567,-2.139086232144172,-0.8727960065603605,2.642734525674465,-4.921917451761312,2.710820991326466,-2.4142300361003857,1.71892499811106,5.322089596161324,0.9709447983614042,0.14431678696103398,-0.8158343118468085,0.7308178986767533,-0.21490510275573446,-0.4996365378397501,-2.840943042770242,0.5582129551197208,-1.4213938002339397,0.8815690418982104,1.4689132603810826,-0.3510194402168836,0.7913536458099063,-0.8600023395003258,-1.0548751667486513,0.33879204891052356,-2.162537637958301,0.18591492719083358,2.020985611583528,2.5404886259089934,1.1063487324623436,2.9589960292509647,0.9918004323556148,-1.3831314313750198,-0.6851135223157926,-2.00404177201578
-12.886522017510956,13.300192813635235,-0.5112204988066302,-2.3468714178690506,7.269942549918753,2.46327146774921,5.700143096306548,-2.781664844486142,-0.8814059095122379,0.7734346315179831,-2.216608352569807,-1.7024468470780105,2.4575184307756173,-0.7541700694390514,0.516535782283655,2.9626273771460365,-1.2317173875331504,-3.4527206091127,-0.55718738593311,-1.2493514476584313,1.7707370363260426,-2.9155666761272867,0.3878703512459255,0.02418404433425772,1.2739299993599438,0.938385239560467,2.4418676577625984,0.22428609562825783,-1.1998296703972429,-0.7260916422195032,-1.9118456774684167,-0.13680182322803544,0.46573114233724594,-0.18375408792726694,1.7536784793972948,-0.9763352649825043,-0.08413785449079028,-1.2142184935052869,-1.7132507445461445,-0.1242416467718943,0.5486936259024432,-2.756801327939686,-0.32829617100438147,-2.297384903098177,0.8888980167219911,-1.4858756087252143,-0.03872841629521732,0.3737902261305271
-7.981462518647435,12.296442417711118,-6.911902290115763,-4.367502913393107,7.598971157625045,2.8609302936106515,6.7995945770664825,-5.895330014949989,2.563306971144106,1.7422814357544623,-2.5547308273725293,0.7347527492227699,2.7677876638562866,-1.025389182682491,-1.1218521828011927,-1.605719925244165,-1.8812049439064231,-4.880128327707288,1.0459148648993464,1.7205897884558394,2.664741753971293,1.1536185149868479,0.04740300186652683,-0.13828262911184883,-1.6845047706395837,1.3809995039382188,-2.5837572749853273,1.9062309836536413,1.7421807911603733,0.341762052391348,0.5029650397974107,-2.4834583283156757,1.2316628568638515,-1.4734853156175827,2.4407444605603774,0.39534615660167527,-1.3838262129215757,-1.3373980406053962,-0.11392627269685726,0.6123996220054426,0.4725686644510531,0.6956573343128828,-1.3791530553646285,1.5497207481991595,1.16117922391093,-0.20106738933654578,0.27199267619127115,-0.38920552900156724
-12.762286366579076,12.741992946090756,-9.652418777519523,-6.004773617545921,9.764209504844182,6.153137348748371,1.2736613062695152,-0.16145622013530336,3.2847172192421294,-0.08402477072355724,-2.5946545494533124,-4.973216600231523,5.349445762802782,-1.3826125336741304,1.990346920815489,0.1218194366606046,-1.307467849341091,-5.465473334214539,1.5140942737424337,0.6909083594798638,0.5380427694957417,1.7592971130033994,4.802652700996093,-1.660780320871193,-2.451912900541541,-1.1195475043688088,0.2736850079459022,-1.2956709546202951,0.9929437315490405,-1.2040341231152616,-0.759468650368894,2.531233653529226,1.0660566479817941,3.9058447600336805,4.9461898602260606,1.9489603939790852,-1.0486929637423943,0.3934958642395212,-1.8332802592859028,-0.369127027243485,0.7114103471922223,1.7021021081109151,4.130167297252415,0.2283834205521755,2.464211989592663,1.154716329093353,0.002034075118858109,0.7697109395009029
-8.767972039362093,23.213004927669207,16.102683262147476,8.779189981413376,1.1672977628464083,-3.031486799927039,-4.1006305369186675,7.259881720624836,8.549713081418254,-2.125113132034392,-4.582579728183146,2.0517691405076346,-3.974163864266771,1.3454971789050747,2.0802652313565337,1.0624953199812142,-1.6383862708452408,2.643791115937927,0.2157779371316272,0.9577151810277451,0.3673114081130128,-2.536345684214879,1.022932966023529,-2.1919313952770545,3.6346818044337503,1.4999709901276057,-1.8318444836123435,-1.4110611851026662,-0.44622369120216065,-2.8969304938231586,1.4729441234041156,2.615404361000377,0.05057079917455851,0.4072741755473811,0.16445817999016324,-0.10369926591158433,-0.18706459477788223,0.4075284324165456,0.7952724778201385,1.183376461622466,1.1578064992747263,0.7655180425147984,2.318820944401774,-1.2749736645107572,-0.9575042618377947,-1.4875501239511772,-0.9363092841830359,1.3747021556894758
-1.5379623150011659,19.485493266101393,-11.22264217083619,-1.7731677799449448,7.503329652388529,2.3492868135853824,-1.9267616038155855,3.1695620132060713,6.811244584593593,0.4126884935341013,-4.602393423210739,2.291487053387106,-1.962143813742946,1.24078365552191,2.3328740537476382,0.2306644294440478,1.470021639704182,-4.344376661969057,-1.8973632414561756,-0.4750288102482273,-2.223105752942839,-0.019263368438507605,3.1749115807286636,-1.538944343766841,-2.5363475189466067,0.9129926773612567,2.898395390590277,-1.986560944224833,1.0689029383199247,-1.134863514274112,3.265576171844522,0.30767984142850324,1.8509004094854897,1.905963972758301,-1.738762224559304,0.729475958252348,0.2451717451252702,1.6391056004960884,-2.1598318491903186,0.13516148335331435,0.3265198014836232,-1.384133925936437,1.0204084777440385,-0.018688631263579614,-1.4023196760014984,1.9101750273106957,2.287920745705173,-0.32142943368212334
-12.415418355982432,15.425736066189405,10.257063368019466,5.042781960320929,4.891296061535266,-3.198462132260087,-0.6464252989578121,0.9854204258789636,5.1304586246167,-1.9845352814214312,-2.604535762437258,2.9179508936805028,-3.782356372218276,2.2408474087189503,1.602685614858061,-1.4127339626174826,-2.3791250680148037,1.7314223625043628,-0.40068996893426784,1.2781067598563847,1.5670484383846317,-4.985834257351317,-1.036911241345179,0.48818047545294263,-2.86933238827228,0.3469819681291769,-0.4524761883319838,0.17378550339135657,-0.639582678614347,-2.058406251633415,-0.1021527578088973,-2.085486285805587,0.8520733109283178,-0.7445510563252921,1.2086812735634613,1.2548008345953476,1.1270226738956877,-0.5552580654714655,2.163745827682257,0.20705229901708336,-0.465933972601504,-0.8118360965629685,1.5080844135296478,-1.6602485592388838,-2.0442600916804903,0.4599123860868031,-1.0314740644903166,-1.8053462855809603
-5.890649287681737,15.981854545121433,-6.269483632006412,-0.7813023833637187,5.776092822105325,-0.7298875846235056,1.9983246770500362,-1.8932919952054557,3.8637121581972567,-0.29647015979391056,-2.843047306324818,0.03759461186491516,-1.70664164628161,4.332515625267773,2.6978748105804664,-2.65012173762343,0.8955698593243687,-0.5429017633061033,-0.5379510547009382,0.311020525671815,2.3488174816688905,0.5190287624851817,-1.0851142173089645,0.6337714859773326,-3.194485166665538,-3.187311161175524,-1.6475379353750212,1.1503151507011748,2.237487623262485,-0.8024771323481881,2.482903330636333,-2.7305014121103044,-0.33967066079080616,1.295049848671229,-0.1730437858964371,0.9086037600078254,-0.8523354949006011,-2.435251274758124,1.2286517972118887,-0.06527769968458678,-1.5576580353659415,0.12359818693835095,-1.1132982558573186,-2.2650642721323204,-1.089758533221655,0.6293809827969097,-0.6617142649903781,1.2548077677127067
5.390268016851665,23.43150810165708,-7.76984777327864,1.9539173262939113,2.7209612681045408,-0.4173339578749063,-1.1759747158922318,0.9239839251601306,9.871932958153028,0.620931649269503,-2.7126620139706903,6.279249490786962,1.3118847747927183,3.09759685694703,0.9443509029478371,0.030325212276101073,3.781279465694379,-3.879622239513834,-3.3850639805021148,-0.25367569260512396,-2.3601364896914374,0.933030171748574,-3.489974396705517,-1.3543002167954614,2.911681526097701,-0.2778217635698925,-0.811113842683103,1.844309060590841,0.5078289207195937,-0.07269679251592695,-0.1516190668102218,-1.9007518015161404,0.475077169191498,0.16848299598434355,-1.1574579082629992,-1.3424065665820222,-0.22477814158267953,-3.3388440130864665,1.6652536410296623,1.2511702429878784,1.5710308713995556,1.1789309896371778,-1.185496885846243,-0.79893129086593,-0.313662305397646,-0.8242643190676494,-0.37817830131323715,-0.07200419882563552
-22.286989224461802,4.597226982001045,10.234448260505316,0.7166778736718858,8.42403993057568,1.9686148932371197,-0.16471309598849593,1.3989731906753207,1.8811762408323678,0.9493927771728309,-5.233390775501847,3.1735031093231445,-1.8569895783335746,0.8036043679022531,1.580423853194713,2.299337877762398,-2.0679587112979627,3.967109242601162,3.594616825931685,0.8134850092107985,2.740687347653705,-1.651229570804125,0.09215964500828824,0.6634191052708666,0.5274894729176707,-3.1328315687053307,-0.5156828945373948,-1.917430366750062,3.1991501183858366,0.34381228735611846,-1.55202007667176,1.4359559466224234,1.3052651380604756,-0.1079917428013992,0.09619926945619421,-0.4993909372755549,-0.22256256185830062,0.3166991669223025,3.2831779389096143,-1.1816783219553504,0.08830075291211219,-0.1294739505643141,0.9079264011953471,-1.0356261803029203,-0.31825691614189866,-3.1444181047301365,-1.386198303020521,1.1657983058719414
-16.123673546259177,10.758868506501425,10.42811165259363,6.20283140354359,8.407104852381652,1.5235093217901394,-2.2551317184487574,1.5212755302862646,3.5544291212150343,-1.06032592417724,-4.959547889516268,1.3217271808621458,-4.915333824833961,-1.0539203018003394,4.555015165645796,3.1287564629250246,-2.9263776515141617,3.555994194098658,0.6938262728839519,1.3625546167831608,0.3607841060239588,-2.8933494752863584,1.9729367780382807,2.8113229350277047,3.2981035413269564,0.16224659690403676,-1.2609671222699912,-3.5142666743691824,4.133104954084393,-1.9532510079570735,-1.3539057888753492,0.5437605798014208,1.1920833135357833,-0.6365256203929633,-1.4882139615147238,-0.8074703839582884,0.9642950455739798,1.4498673832466011,1.785665557627279,1.1563024467536112,0.9068041550074212,-0.4301171805108111,1.2215693917181414,-2.102165169776457,-1.9137464249485094,-1.5518179127937897,-0.5643001138587052,-0.7219784551698049
-7.243191950432251,22.422310680955142,6.621862370723128,11.510468398250973,3.068674432994228,-3.275538028271368,-1.6102704922121216,1.8686540799098457,7.234118934241604,-3.78926443032617,0.8028633896563674,-2.225042530159308,-2.9877316605041306,2.6876786710503926,4.7247451810952965,-2.42509764687442,0.7213277908591219,1.2419991911815997,-4.247847503137315,1.0646729587906387,3.1799576043638798,-3.030469905983434,0.029458149236764892,-1.4525950145896596,3.5233335144837876,-0.6384324949515096,-4.1909450128574655,-0.1419024330690926,1.5665109173580676,-1.4852869376703663,-0.3394584278347136,-0.43600041485853225,0.9654805887629044,0.4740519632748112,1.9581414194690794,-0.2841826475010893,-0.44473091822480193,-0.31669764742453577,1.3302079898982804,1.4045201065142945,-3.41519944828301,0.7357217520866244,-0.04703733252899796,-2.709749409132007,-2.4687564466842056,2.559510797175404,-0.37431393277189534,0.30759910865711104
-11.139221741579151,15.099887036620837,21.88599324060577,3.566943238968778,0.7080117280210704,-2.6225890412558797,2.9061067817965602,-3.777113078250843,4.456078222614946,2.425079004556426,-1.9206883627939602,1.490260242129919,-5.984283919791937,2.8686574557121616,1.7930813592632104,-1.9361136863109265,0.03666096236073263,0.18655686320089468,4.297890855365551,-2.1794463421904564,3.980548429961142,1.911844549979409,-0.8705378609997554,-0.5710210702017904,2.948488480845249,-0.8397694018603121,-2.9555643413564154,-0.670873061833441,0.7871723616036371,0.9615822960522347,-0.18148336219415762,1.0611968281113993,-0.3615231496854405,-2.595238230525405,0.961347564255904,0.36696592624395763,1.233032169873565,1.397902975369319,1.7837736261289983,-1.189534759644123,3.0442195258177502,2.627977424059733,0.7189507424443079,0.6665300870477593,-2.5905514339844258,-0.6775925242137243,-0.6813960374696729,0.28455999992395614
-8.298516749678564,15.302090797145953,11.117475081011344,-1.8774468665320334,-0.25510043470003296,-2.3881110526285947,5.737287511840922,-5.901116045084514,3.2391862905250703,2.6028402502614787,0.02444067787104504,2.704834555598046,-2.6942845052748052,3.6241857077872686,-0.6823143177653697,-1.4982985159283844,2.009088930023342,-1.4981024426129879,1.6826117073227187,-1.5064201998956663,4.0977970823015895,-0.1778607646875548,-0.015128490870493427,1.664446208405079,2.6235646882433197,-2.1000039053806563,0.10089715416020847,0.6385920078853093,-1.9524753642689565,0.24652039106597518,0.4558179308293471,1.5009297285718968,0.08656722343133698,-2.4242248232078705,0.7922997720805086,-2.3840456090018,-1.120550553261409,-1.4718466828636396,-1.3693871067639223,-1.1433987597684394,2.593764328086869,1.0720091808130607,0.004611438524970167,-0.8670691030455768,-1.391514493257883,-1.6202559459589039,-2.9979451622580244,1.628302057938045
4.193418492338408,24.03717846269734,0.22220212390732966,-3.1251372088702922,2.8155855832723202,-0.6112843877956433,-0.06657202300370157,-1.3493539170291806,3.7433259520316673,2.944202689263828,-0.21452768679575615,2.927002837140726,0.4376020001383907,4.515100019681338,-0.6132499539528258,0.03250347753693753,3.17789430212229,-5.909585801862567,1.1393062976144357,-1.7490333228893544,1.4457497061984264,1.5272581356042054,0.4033003326301071,0.6799954379543738,1.65868425614611,0.8646572056827816,-1.6331566498061363,-1.7428601073848062,-1.5032399467269517,0.5366441199152331,0.1843794680183019,0.6846061350068471,-2.5091140573463138,-3.65817524156585,0.3617249791467543,1.5205913993878728,0.04533889668470769,-0.12141057527509824,-0.5580328181849709,0.6710546554284424,1.464807073541875,1.2651588998315697,-0.6002137799217572,0.7172272661420186,-0.7521402896508713,1.4508620605838036,-1.9478713307015176,-0.37570532755696273
4.86871548788238,22.487281278766936,-2.145153929780578,-5.824933296921441,6.158578352171321,1.8465742490259136,1.5681750945606556,-2.574410661022747,1.7949590139177996,3.1640039039877466,-0.8714616336402222,1.8778178751575234,5.2046171171313835,-0.007608300101354219,-1.3880045106610783,-2.4147619459277467,4.276041712197834,-6.230903555916638,2.3421953205464217,-1.7971003921924293,2.170023756190226,2.61792136364829,1.4372847429090632,0.645555669118908,0.7648545553371714,2.2981041713097423,-0.02558608114192769,-2.166730994168312,0.16858397720914334,0.8811183635170023,-1.7514038342571987,0.9517823628691837,-0.7526050172008482,-1.5965014673527844,0.48283132519003374,0.529029087377625,-0.5045103346042881,-0.716238610808992,-1.843996105322197,0.10970427537282702,1.891841115151669,0.9817047105780649,0.9496721201093191,0.28126471644999723,-0.5064946105183704,1.1661685286132408,-0.22344161747105604,-2.261195936774096
-1.2127320163009505,16.5227761785282,-3.664565993049406,-7.69005940007701,2.9859525996589475,-0.1407964077192116,5.344510074203466,-4.790713532475916,2.5175319793317863,1.6663944434704105,-1.280246143592505,1.8746670411810271,1.286640292181333,-0.48212107494898865,-2.341985667651211,1.1902450988897322,-0.00663692007003613,-6.644455680067176,3.323655385581625,-1.6394981361970464,1.3187893779777211,3.3449306297385712,0.968198048207586,-0.5709629260080762,-3.5824455205445225,2.0068937386350503,0.8098178091555914,0.9000927781071171,-2.0757540475995913,0.7022853543510152,-0.5922269489591417,-1.6212111122034998,-0.5304347425287916,-3.753665557274358,0.6306872305196598,-0.9594394290908488,-0.07646503712224105,0.020099136647057175,-2.2518017005531883,0.3280192004131454,0.002656488791704391,-1.439531285015822,-0.8403990427081647,2.4076795797039865,2.986062673161994,1.1981448347174484,1.581790732005687,0.29389487154852045
-6.791297955418774,20.599609755434315,-9.586216901862477,2.721767729324692,9.10120350813049,3.7566536123770455,2.5297548690197096,0.9701360362924139,6.1540872340703725,-1.1873701399441847,-3.471702343360279,1.5168930240600262,-0.36670459179502896,-0.28362674506813995,-1.965055814517372,1.7342101133934493,4.046838640736606,-0.831513761594482,-5.721483631854489,0.6796754722164257,0.6486277432389491,-2.8958131458788405,3.4935336303563234,-2.0544981565179943,0.6671723312939303,0.013339695742376128,0.8155646558240984,-1.1333036465544495,-0.7045486210462073,-2.420869668291088,2.2287254206024665,-1.5128079269910184,0.9478292338077992,-1.2821356983477696,-3.666968845875769,-0.4039680064159495,0.706120067217894,1.0677424539851548,-1.0597323664942806,1.7778510562627663,1.0674447732805954,-2.401785962309893,-1.0184471331899347,2.436331339387187,-1.3150798285493444,-0.24616105666919183,3.2683930438239077,-1.1362264571480964
-12.751023384755264,8.469297986673011,-8.959221215786814,-3.2347566983101017,10.599790721053541,0.5104055319409548,4.858607599837424,-2.302004013969755,1.6537987477243823,-2.7460298316514287,-4.674800262123464,0.0037605301867456513,-1.485097859193185,-0.49764472098998225,-0.6290264591149323,1.47165089547285,1.3634064628507179,-1.8813620409557208,-1.6312353158094965,-0.15418080518542662,2.528660746454666,-3.1008148523689836,0.18942059186741714,1.907508108505045,-1.0207910609128303,-1.703382677022678,-0.04554177481797181,1.2340396605184158,1.2385811678313832,0.5817488443686599,1.4431355391601968,-1.7794434151663159,0.7888193837879224,-3.4018567525856303,0.2943398523342717,-0.467341502598659,-1.1811623828527154,-0.6944654358581506,-2.3543459125520996,-2.895306846617238,-0.27838701141282834,-2.370851100838179,-0.4178531682738824,-0.6333236369162323,-1.30605628594052,0.8144544300700585,4.069309667321442,3.1943761728076825
-6.267843629130692,10.080702051699088,-18.72712860128121,-4.5870376043279295,11.640104921584948,0.11629712729350833,1.0228319108806299,1.3472807275197212,1.3527901634352733,-1.9485955155245096,-4.234441673935733,-1.4995613521584665,2.288767604082044,0.6352576479786536,2.1946614802738753,0.9240578791489124,2.236095855187988,-3.7476761153331384,-4.333944939007966,1.698095482800207,0.4231228291412683,-1.7397496318717616,-0.3035635869791548,-3.1137779467124176,-0.28935633131695393,-0.3429509994178755,0.4904189051327186,1.3330050569831668,0.8020358821169813,0.9498896149272711,-0.29125276533128064,-2.60800800320048,0.8082531180552123,-0.014284084815804683,1.6933232690406712,1.6765590245325699,0.204200263307829,0.8720237185288907,-0.19918150359991574,-0.8562819500640996,1.946535297413106,-0.9933617022694796,-0.026342305909850924,0.9020261167216244,-1.3785598323199142,2.224651700721131,1.5711819030683072,1.744664843993511
-1.4498034260954604,22.41739506634668,-1.8416779712763136,8.589274522959531,6.907711263375911,-0.9788128987211963,-0.053742851518346645,1.0054108169781573,5.109929626735686,-0.871473132222952,0.6536261677236663,-0.20351198925805764,1.652025697304151,0.5430868197489827,3.8646631829000406,-2.193476743183144,1.4545818259887324,-5.714654200102023,-5.092917738810526,0.49689566061170914,0.4257627195485277,-3.1781237796050696,2.1053747953261768,-1.7040524125059948,1.0785530772361336,1.2869493816457582,-0.3691264811611141,-0.5275957217905953,1.017140406961919,-4.638550094809991,-0.8199204660911164,-1.6614241052026264,-0.46900523219566076,1.4992855515824073,0.21777958369819067,0.6589434361598231,1.423190023768647,-1.5287789208413407,-0.6244682191329112,2.8074442569802223,0.16764076971677835,-0.01045053923105486,1.3550851824590076,-0.3143173317604891,-0.045488576518074295,2.4187232075779304,0.9029988445981896,-0.45950479115880555
-10.4355093202617,15.267329248039248,-2.396972115357581,4.595339125513021,6.362053335238269,-2.105080532324546,3.0770561338465408,-1.3287693833278889,-0.5944496554095331,-3.0880733551091453,0.3920238099912253,-3.1334427514768928,-0.9926214670510852,1.2667949054576453,3.7296618326901956,-2.6360189272190127,-0.838839113940749,-2.4425281057371633,-2.794563097134382,0.2881921724299375,1.3385800406130401,-3.4166608876806692,-1.272452809165021,0.9148818456155918,-2.1615873175089613,0.4785102908995729,-0.6465937624419782,1.5975775243364132,0.9968066867086655,-2.93527521256591,-0.09787458056446062,-4.027625084617245,0.15567599069380125,1.5055290547134588,1.7590560876924812,0.455500850997499,-1.8376151287643308,-2.8233133395089234,1.3960564609248476,0.5113587289299005,-0.6449253539186804,-0.2216260531556344,-1.5919710227105128,-0.8235995117778296,-0.33461810641205736,0.4352713711184803,-0.8504518372121469,0.7091623359387424
-0.47252458985357204,24.000118108480688,-0.8045893112102143,0.1686303438629778,-2.1730392386307447,1.1142986712678968,-0.6170841308722825,-0.40415740164778047,10.238071738985727,1.2437429120008658,-1.3280171689210472,3.463154974719145,3.2661001773423175,1.5589335434370384,0.2033371513548938,-1.95506014493222,2.747851924185986,-3.9715330838013325,2.6408143220929237,-0.7585707570246637,1.2169711200847622,4.833042115928957,-2.16383861620383,-1.3144629298390569,1.9869475666065102,0.4961838923818678,-4.193844700193654,-1.2528797834755712,-2.0121901960601765,1.0464677757414567,-0.9067344365153133,1.3059734254727746,-2.1809448822087383,0.028804948662975796,1.0255995238857931,-0.45456936374230184,0.3855738304316994,-1.649720903317234,-0.6329114863977856,1.248928583371364,1.3391203752628091,3.0889687212041976,-1.4496494878875683,1.0732426179253451,1.2517587983310519,-0.8828243120051266,-2.5424219103981374,-0.8005342398914431
-10.964931072259605,15.49056505753875,-11.440619994502516,1.5887324515206582,8.101997917444331,0.37736788967660384,1.637626698984215,0.879290021227267,2.3513423425035445,-5.234671345509804,-3.789901338032893,-1.9555325611505319,1.7207400097730732,-4.076967507998242,-1.3508860056633474,-2.016206765831019,4.4605370710283845,-0.03483060579521545,-0.616409361777531,0.3485492576942083,2.2731598136659494,1.8125601657282497,1.4462996858367267,2.7697202106506364,-1.333311901751367,-1.4533736756894047,0.8683834174221887,-2.013220075636741,-1.6568531248391298,0.14950125324867403,-2.7510465771191526,-1.5136547144489578,-2.6200237964653907,-1.849082634165278,-0.04891490133240991,1.906837760301751,-1.5484161054715109,0.5588940679203236,0.22623512024976128,2.703425754591106,1.4019318940875765,0.7314788456460218,-0.008430344947175612,0.8787484249630405,-0.37001266782115666,-0.390034641980552,0.8165286901988211,-1.703003548986837
15.128924376324415,11.055451141070828,5.526893755099117,-4.396616501872686,0.8414646146451377,13.525905504944822,-8.713568130505504,-4.257223743244488,2.3743972669937485,-3.8612555872544974,-2.5773979400950346,2.793568162132334,14.32390671064255,-8.230424529878011,-5.6736994030524475,-15.21267422682893,3.4480935658107486,5.458847159182905,5.419321960654818,-11.2956873192584,-1.9620706669726296,-0.061402182033475555,-3.986667495558878,-1.2972733093530198,-2.0206052691058467,-0.532407837517652,2.5257138832993213,-3.976764962701101,-1.1737765906263202,-6.461246130967939,4.937359052669799,-2.293398610472628,0.21236034447136873,1.5798996005654256,4.345836008922542,-3.599139450623207,1.8624712441713802,-1.0133555048973404,1.9881398878229661,-0.5171861041808068,0.42766427526139844,0.30686922692034185,-0.8666373994339,0.7095169187920858,-3.7175156239298337,-1.080625091426175,1.4089588832390343,1.8968192606123229
10.598072581631852,-16.36327325609329,13.48332970976141,-22.029819354590234,12.43534212645964,-3.7870916281262503,-3.8173117681818316,-12.571857148916838,15.935104755443385,0.3489832733836622,-1.5325793180615566,3.595626713310666,22.25266362531502,-0.6009565658668709,5.076263366963906,-12.839836041192417,-5.639826037804907,8.973020294733917,8.639382864360506,-0.42310152180547134,-3.1985065239817803,-6.269610190846292,-1.903311980321348,2.0822145661024045,1.6673957391451608,-4.331853449377253,9.573177008192678,-3.1140315581023534,-3.9205093602951746,-2.8849428418506378,5.015251791345443,3.3222898459889296,1.355117291488943,-7.294734303143007,-3.5525384288043336,5.434387631868511,-3.499224445296367,2.3571446458664593,1.5565990791780704,-2.613280651215972,-0.38278375247671786,4.191173879566533,-0.3079074627236334,-0.050852285489999136,3.6446432031713294,-2.3440832505371976,-0.1707844499963074,3.4546768039105546
19.42614027598805,10.196063944103694,-2.818188811462941,-2.8701141561823604,3.103288224105371,8.993576378475858,-11.490841501429266,-5.6431940352640595,-1.97693769406797,-6.438442366605594,2.5676375514969974,6.9133553972384805,5.513193940277942,-4.409466645774617,-4.949393189255612,-9.334406702308009,7.399016241416889,7.136495053501137,1.5532203882280404,-4.75902428457236,0.8735603771313434,0.8973264970551165,-3.6625401889379003,-3.1832657220375844,0.642309449242848,0.9436763986994205,4.523867452722435,-1.781578919601295,-0.9931771319277367,-2.689737197257259,2.3441526058367192,-0.5942872490980071,4.919827595287454,-0.7639095611829648,3.1595077835313212,-1.6943333058942744,4.5604087680315635,-0.14586988467384274,-1.408948006623454,4.1947898512198645,-2.546906182124122,1.376478047434425,-6.060047719198565,2.473749396168769,-2.977432358952606,1.5549662276010316,3.4094630872913028,0.21216716099478164
20.69335187173762,12.626111247896844,-1.1239657325837378,-3.6234203127459845,5.428642511149963,1.7684973533784705,-7.667639820046773,-1.8872516800389212,-8.3869969608245,-0.0008472807560170737,8.365894082377046,5.640013610188836,-3.372411239991551,-0.7672741056989199,0.6717145808635046,2.304360340354579,5.741775870355991,-2.1359989038151204,-1.7289597598414965,0.19206491471761594,-6.405536547239412,-3.2029801824776345,-0.44724903158226376,0.5813519242015083,-0.3756396945282846,3.9931157768176133,-3.8096228704761197,-3.111238386334601,3.886730368559081,-2.9575622506710535,1.9563618331075345,3.6490867862398146,-0.4202287464851814,-1.197975165786736,1.9060659126745563,-0.4789506241709094,6.003442397553641,-0.879825209513559,1.6260027310268614,-2.066809121569344,2.5790447931633818,-2.3801042000386814,0.7115990128973158,-0.6255127136738811,2.284107576343268,-0.6687202887553441,0.024299841545819396,-2.295909290589716
27.662683336255984,-5.405523942848531,6.605821882377787,-13.074282543914299,3.774774442776547,11.078325580585737,-9.600201992430886,-8.832273484862174,-6.713860706276041,-1.4976655642951984,0.6761689684052208,0.2134090700727314,2.6228230053338124,5.893721983419815,-1.3599859362675948,-0.40536256922240704,-3.3622045666460068,4.2008374077025055,-8.20676919576873,-1.8830076411761159,-9.00594249208294,5.247966245465645,4.010645647499447,-4.019141710742205,-0.2644312627717657,0.11954919175744688,-4.81104106387594,-0.4749606521009136,1.4741451518063864,2.0195637121868786,0.8747258067323875,-2.703229459005239,-2.9399537978990566,-4.563622013464747,2.0792715453472517,0.4741792906360561,5.651314616495859,6.703139052281469,6.5771360543716915,1.698897967650635,3.8019866128314077,-2.4245790557400984,-2.5398685075021903,-4.090379386103445,5.131725232952177,-1.3989219073625747,-1.891569166297272,1.659672844434178
14.051487358664938,6.994478482282257,-3.9034665675130924,-6.351577749258425,5.946100218380142,-3.7469472702679356,3.2916054274052744,-3.769882598341019,-4.672960578334636,-3.7315995660771177,9.748668888810332,0.6787742487242455,4.057873532858175,-5.304010667719221,-2.636911027170211,-0.3029214814314702,2.3110286479068987,-3.184275684315728,5.122640215736642,-0.3961578439684312,-0.4558139903191626,0.015933567433169562,0.7785752639199205,-1.3287214043859015,-0.64616158565707,-3.0284944133275076,-0.6487737243718333,-0.802069125488906,0.010232130302256951,-5.1313744537112616,-1.7262656492466422,-1.325132516840783,-1.5634384878998508,0.6343434922837531,2.3794568489459484,-0.07068175262467641,0.29878943087021426,1.0054664593619782,1.1919661981707899,-1.282645230944636,-0.580704941270078,-1.7247526751280244,-1.4264114254544948,1.3757308256432226,1.713126206989724,-0.2197584415027808,-2.383150914358527,1.4520348544012112
22.825778141486722,6.663684820034469,-11.214956183512548,-9.924780290609043,9.719304153810779,-11.921449158737028,-6.7475913095532,-1.3333297088423546,-4.844300422924317,-1.9843009540291323,8.294223503352711,10.68763947693132,-1.9513269613869326,5.708019392629935,-2.5573579256315027,-5.615554033113053,2.5634514200929357,5.6737039673685095,-2.718401203740759,0.6984871727298615,-3.036453649287947,-6.811029886792095,-0.8085594188120045,6.305289075992331,-2.3494696090760967,-1.7361648892545032,1.1514172844636386,-2.370557468292494,0.45266865134261725,5.033710427443674,-1.7626558437130284,3.827544084956841,-1.5680820238074213,0.10792738587602736,0.6029890205904214,1.0677717360478867,-2.0530860335853185,0.8698578908407986,-2.2649451763906234,1.2460502762563055,2.3903337060149576,1.784663904739671,0.08058554255494275,-0.7487074011419351,-2.3903900361393235,1.8497542378205316,1.8172034158980623,-0.7686257388975543
23.16696424348351,5.428904315168074,-6.936087783102094,-14.231979737894557,4.275975159052951,-13.139311055996933,-2.6922279304215464,-5.148909785670282,-7.535046426864901,-0.16210726770177963,11.245694374077065,6.46510722102515,2.9449897449275912,5.359802992727265,-4.2751203161771185,-4.03677663511848,-0.3819862507692191,-4.3883808487440765,-0.5880119923663267,-0.07597255911124633,-3.144528023714124,-3.9763526495667683,1.742552643930619,3.567645280934671,0.14041565289607102,-0.22253373227008733,2.784662247295459,-2.3779928328897766,3.0916995920242716,4.776737613450825,-1.8491365944081952,1.2708966663696555,-0.6881360030611248,-1.649326579872453,-0.843689457857869,3.5973475942830078,-2.1828675686609187,2.025639382618466,-1.7765353746040562,3.0080635812928365,2.508548757925038,4.126857021678586,1.6988317515916787,-1.1479726428656314,-0.8112081972753725,0.5999934243060082,-2.0239530801306973,2.621363934300313
20.363005241008906,0.2365381166441504,-2.535297465474783,-7.501862064999005,3.5253359994317464,0.19815955620378622,7.688810483961704,3.1354137140203364,0.4640049772200515,-12.756232104940057,16.269050788220927,2.52430318281415,1.2514155778278344,-0.8945304392561461,2.0890846106671637,-0.7892707139088804,2.6134340399804006,2.1184661746236295,-1.2082840738152036,4.8380823151974015,3.7653430309561027,-1.4322538664630458,1.3955379427371106,3.8471234801586007,-2.4420076143144263,-2.3273666376566284,-2.233604268852019,-4.6922673055543465,0.6379483099002083,-0.01787670162407976,-0.6226710478404754,-4.769650871448549,-0.5448233611977114,-0.7939252799199281,1.3039947132295737,0.35558151199493687,0.20050762393043248,-0.5034696421757385,1.7197207859857881,-1.970919425411362,3.1772399250846357,-2.5604048282513885,-1.1192894530542674,-1.7864215155791774,-0.43872081977031,4.7812056995584165,-1.185712239543356,1.4948558471055917
27.295839219176703,-0.32690558226001376,-3.228176578045335,-13.932185140954992,-1.6251367544986304,3.691840237764566,-5.855853016578428,-10.775135987597562,-2.421792312856791,-5.665697681992712,7.949018564217847,5.6258518771704065,-1.0122415351363807,7.215112815979525,-1.6074178042492595,2.377595801332933,3.7894015205223703,2.821661301060235,-4.559622987427054,3.7770868871231045,-0.22766634743815464,-2.323566316982844,6.301774455955815,-3.512387485255226,-2.968340776013893,-0.37757684736794356,0.7301686130356209,-1.1898106970730928,-0.7454918076201029,5.8814519998872665,-2.433600511639792,-2.8170977941297735,1.7083514814050185,-0.7672783957578518,0.8845016720818402,0.42015910325908573,-0.06183608193330408,1.4769028173496417,1.6983448815782891,1.5885913394392752,1.48991906577727,2.080308162538706,2.384851448104175,0.21112648272107584,-2.3190934583869587,-0.39995787189407134,-1.7761535430747155,1.446171408135178
30.909426519845006,4.338213170688122,-5.271493453934805,-6.253353265749613,-2.6846773545268405,-4.704106076543063,-12.19633159898422,1.2414119882294492,7.330584680601099,7.210195801990431,8.096249205761737,2.0943945935750365,-3.8546102020141917,1.120946852599491,-6.726247015343768,3.0170541905355956,-1.3839920983762488,0.5009408051635866,-2.494408948866619,-1.514481032746223,1.1071432896240363,-1.8932685829617149,2.2858864186132504,0.22849575706046713,-6.038807868061435,-0.13363646895840528,1.2562272459336379,-4.296367343096177,1.5209494275470545,3.8056566806295105,-1.8096598540984883,1.8446418386875134,-2.7327252105379642,0.09399461543812,2.3208735090866335,3.4767399433217796,-1.036939686300258,-0.5297027779568456,3.145297441696325,1.8258647861705908,-2.8899056072342417,-0.744444882050274,-0.7125104324661345,1.0729843462377078,1.9971466719468725,-0.7609556417881473,1.2306318010089023,0.27048317588344134
27.819839187131805,1.4592606357983633,8.000570753431287,-5.109765957248835,-5.2015995606051275,1.7944129254910346,-6.511718268610798,-3.6244420005229094,2.1832360109823967,-3.81229719166367,8.49977669582199,-0.02299679113594415,-0.009194504392739033,3.171308119926843,-0.6235820997476486,0.6940097688863737,-4.026331423575427,-5.501611783015537,-3.16421351799123,4.1905061938175905,6.5248879187023485,-2.6140095574483073,1.0925690066330884,-0.3278683988923978,-1.5219551302590615,-0.5161662922440806,3.4852206623235347,2.7325425075490632,-1.5239366805865182,-1.0985662511659093,1.5470714601162783,0.4445757376001798,0.14754143820402502,-0.2563725027783332,0.4925739118855202,2.4755907975271136,0.007996348026173515,-0.5371062998100458,-0.9282313917550301,0.21610964200850957,-2.243190727840995,-0.05086245090425699,-2.4987770006792442,-1.2599423225162651,-1.4404505866819226,2.0142334920524623,-4.111908299646562,0.9782101195612162
31.63028857584238,-0.5304361747603095,-1.531392921287858,-10.969677964616288,-1.1584045626662318,3.4246989238818557,2.9416538940894306,6.94995972025076,6.560962744989038,1.369539985603101,7.57269506009643,0.7278434211044994,-4.1063665651147385,1.4762947730699043,-5.558258012036952,-3.589544611710382,-2.420465283160891,-2.372580824247587,-5.379629824696288,4.882971106810362,8.07308416388481,-2.795427041313664,-1.6659263895728944,-4.066599726490055,-3.271632341935806,-1.2391755432634017,5.328876770625482,1.1766560446137286,-6.959047965798089,0.6680715405619481,-2.811326338878361,-3.9563723945836036,-0.9141587976720085,-0.971489812343401,-1.1534629258738387,-0.0001042151252564306,-1.241630219046023,0.3691679673955242,-1.1170469557267306,-0.1868823860568687,4.126316832330587,-3.6619242027172207,-0.112474472013657,1.2049493481423472,0.5235217490633644,-1.8509082008811626,-1.5906818021318676,0.8146903825358661
27.950066800130905,2.8089642486353257,8.215191970602628,-0.40746488480463744,-4.4075299472749885,-1.2841888361392346,-7.4801264692102105,8.18408560283969,2.1406221564329586,8.435709852966076,8.613855878374562,-9.838931005169389,-0.27257128550727383,-2.954449473437116,0.11668777256575946,-2.223554205475367,-1.0146757291504027,-2.0182202552756907,-0.8032523266458622,-2.7487352404908374,9.148438628053569,0.5894092695173373,-0.8747439798856829,-1.9522490742788827,-0.9541747821574453,-0.43736476229705196,1.3355015699503296,1.2133398820939836,2.4241100365435235,0.09205551172981606,-1.6242944754580573,-0.4144806462124638,-4.993307918687891,-2.3701554829490066,1.5921048476926545,3.954621188028705,-2.4858247653117003,4.515626770721767,6.028861538091346,-0.48312590143644296,0.0625155677249502,-4.313925016769377,-1.8739292458400796,4.557631005384494,-0.2919301950969401,0.7104997005543436,3.793305812723033,-0.5810912829718113
25.24593024580857,9.443678786625181,0.0009405227414195196,-3.549674128928046,3.683749066762593,4.514141380183909,-8.38071876329343,0.9822789948473911,-7.992630624847063,3.7316902902993747,3.3333546803663934,0.2540317276552331,-2.4649606417418752,-2.371364657303822,-1.7000508546419146,-2.9291742587189233,5.002611541353215,-1.7516847020263757,2.0037044367271535,-0.05526645660553578,1.1342692636893663,2.0020608194595875,-4.458237160001718,0.37276327070766857,3.506700255955541,-0.15311383168439682,-1.3006537007971979,0.8395298187537831,2.1460320250562503,0.6099050325745491,2.242293956590013,4.477901160646338,0.1855617361909243,-0.8124481720628502,0.916942671655056,1.8218677631082305,-0.9096330016778484,1.5390247836237292,-0.02601859487366226,-0.4052198893480886,0.7634382922369979,-0.31961334466568625,0.5004290098992266,-1.1911277473061965,0.6932765733947456,0.14625375430880236,0.28691350674831634,-2.329549307783969
23.398790994340096,7.834861980264198,12.936686810183595,-4.489378239763654,-3.801153445430453,2.1191496317084324,-0.44163624524731254,1.432362880182976,-0.042229495888504165,-2.568161319271761,4.8527488785058335,-1.4318662881175022,-3.56762957612741,-6.3893874271831,-3.5064014313082907,-2.6757568401150866,3.7618067313523413,-3.4569684586971023,1.4550416817759897,1.6228972632294025,4.980125795182498,4.025883104183922,-2.150334802412236,0.5543039341375733,-0.7407582374470963,-2.481015465836945,-0.14307228150235396,2.239527287174941,-3.320895518902498,0.6759603725138442,-0.7602598797785867,-0.054982762001987096,-0.32652087421167036,-1.2235523231841452,-0.37533914378353234,0.3300574293337145,1.6483149247065063,1.703435408457511,2.3208071767026364,-0.4987261769513355,-4.877218287722051,-2.6172096154931297,1.4638632305997603,-1.672054160049296,-0.9385209621738541,1.859815244361084,-4.287765362290934,-1.3053763673505605
20.949014014451134,7.869871180385368,7.173679497921676,-4.288224967812044,-1.9914264067586356,-1.102058423645224,-6.644671733023144,-8.499152908794334,-8.301862260282043,-3.003473231116185,6.286563924348129,1.3268361462620755,-0.6284177949753534,-2.4507710794775615,-0.11375685851837707,1.6110578052294393,4.471053330072556,-1.7207934734399883,-1.397566195273878,-0.6320455893184989,-4.052229575877505,1.776363676094712,-0.8731347927291169,-0.3479669428096774,1.3122045599813883,2.8269404181680544,-2.9018219652814143,1.9965199812493122,1.8143509184862234,0.5066852865974192,0.6309239889513187,0.2699811793411059,2.48116019237358,-0.8162393603102915,3.481917754766666,2.4555608411337118,0.5299431926220263,-0.9933227702792253,1.338150145586507,-2.8541353623994445,-1.6257627283230278,1.3796950538050514,0.9684965401145833,0.5293519480127243,1.8571943194048455,0.1479030561423169,-1.9681429086684732,-2.180277337066216
16.68821463889938,7.997938488862839,0.5322980399500393,-1.3276757056409572,3.970425593524217,0.8621216831403812,-2.7863918456595926,-2.5607519936212904,-8.577965219908773,-5.40598275654178,4.828209376865531,1.9740247546868461,-2.3919927178197473,-0.6297651976152283,2.0677525197234177,-1.3126951301296708,5.63654394743853,3.3542367683307135,3.482693144027239,1.5404763361685847,0.7017185822202743,0.05229955239334613,-2.4364860713709358,0.07901834880953923,1.57640490992823,-0.9816307344309109,-0.8988462834294769,-0.6919161652728316,-1.628594964263479,0.019374427152392702,0.7843192320463535,-0.45074434546215314,1.278862978690395,0.38185069274638983,-0.3349757899666754,1.590483044015276,-1.4134605770232938,-1.04031103785037,-2.299619423909522,-0.9307984762870042,-1.485054472018517,-0.6991700594240701,-0.12054358702219527,-0.8423464123078228,1.1454883476404396,0.25747803848042516,-1.46212686538826,-2.299823616701157
15.978797433173046,5.075116936456984,-9.040242037269135,-8.574286867413635,14.065227607301416,-1.3170528676377329,-0.38508360039979556,-0.7356054351181941,-8.361786959677605,-1.5268858198725797,6.004628062918628,3.4632361711625625,-3.572162809908844,-3.1103743538222295,-2.001354424597965,-1.8785260543834004,4.269010303366449,0.20441549482941673,1.690857394466943,2.6551062881869405,-4.211744924675316,3.4492810962648734,-1.690071698932139,-1.9815412249427402,3.1264177121958747,0.2965938329673682,-0.3395148787771595,-1.0379167411966024,0.37183197482341923,-2.349529689237395,1.2466845495466585,1.9519132120325347,2.9007853025141075,0.41730255986892073,0.8128822669676556,1.5808593914634084,1.702948256276618,-1.265001763684146,-2.838813570169232,-0.24102602505280576,1.8761683818359416,-1.5158670979345112,-0.25045257845726193,0.3448557530776415,1.408621374536422,-0.9370580681766882,3.354800380798825,0.045639778357822146
18.634591204116035,4.4330484448422,-3.2757800442793497,-1.0492262563915986,3.6950010375280287,1.5799713397958555,-10.30747725818585,-5.02056163489524,-7.269109501096791,-7.847801045314054,2.9044423862745905,-1.310193570293348,-3.1797064226431035,0.16733795238334753,-3.2940896648737334,1.5186431924968298,4.995038943271173,5.274947849712868,-1.6217650883133041,0.11138713851260516,0.9435798912151843,3.3667956302350897,0.2694000284835206,2.5607372587126864,-1.9545364682048174,0.8963179798647809,-4.130091032293245,0.4073215473736494,-0.08859368484186533,-0.12407293303674063,-0.8433505275640406,-0.7999860474565907,4.109656184098823,0.5740862101755467,-0.6131395474229099,3.721415021832757,-2.5469516809218384,0.9711495480220058,-2.5736259581875873,-2.6964358524461147,4.006938907536898,1.5363579467084165,-0.548349979772269,-2.4525020702150906,1.1202885536279694,-1.4995406138185288,-0.2505183812519627,1.1340627094746472
25.156148134769335,-3.333700083980325,1.472500086800135,-9.918538273675592,6.375795988344132,4.709848518197766,0.775352576837848,9.193901835679295,-2.1171275501734037,11.0715892575439,6.019999433042369,-8.21557756897021,-5.6899559584549575,-3.94743600780588,-2.1148344440603646,-8.730731011009114,-0.5351375543622842,-0.7565669782508064,2.1108972618708965,-1.5615558164184709,-3.4150796515074147,-0.7635109837551749,-0.9464155181602004,6.454250067455156,-1.3690831362294207,-0.46260040906635674,-0.3945436292473282,0.6060472052928165,-1.560623045738832,-1.2738107270707129,-0.6421682629938598,-1.8091280810703885,1.5833359706086865,-1.6193172942897116,-1.417745638105241,-1.8321277508856513,-0.3212637876167418,0.30772276728728265,-0.4507321060692378,-1.710496738024827,1.3384663881155576,-0.6445179478388553,-1.0872331172411367,0.2578197840686161,0.32673611100634686,-0.08513175861897934,-1.1901178090355844,-1.931978127542931
26.379536240472117,-3.176385354415792,3.5160565371157055,-5.997899524740821,4.222392745515788,4.335583246481094,-0.19452806883856053,-0.09833163295073442,-0.4458820785497105,8.71196687002654,4.037905393109947,-3.045187865877161,-3.0680536903983575,0.6747225147891254,0.2581457737048804,-2.6978155049034362,0.22209558479681832,1.8488440872485319,-4.930566960640473,4.1743955931654,-2.839320912178705,2.0687344348510277,-5.321442922525113,3.569433886303896,-3.627864382331412,-1.2426008325990963,-2.985563945629323,2.563620503267426,-3.5281664458409905,-0.152450620120925,3.3021445998982313,0.0841733785634781,2.114613154583578,1.9361256552946513,-1.5472691307429056,-0.2575327334837411,-0.5449302832334294,-3.135280536355143,-1.8833884761636734,0.7777957440184362,-0.05567923081105681,-2.4646600665839276,-0.8541179549277021,-2.7881653795491252,0.08974574936035645,2.6756561421673073,-3.213634924869135,-1.4140552960203823
11.445136225313762,1.6990146923822382,8.098338401087293,-5.338466952987621,1.9073728078300944,4.582182504116494,-3.4248013945162343,-13.25682657553206,-7.666977666946028,3.6412965946172795,4.684201387671842,-5.239982354019257,2.956612229362614,-2.358358806196673,-0.3769659819355919,1.6082049647694892,-1.4532447034853404,-1.3938419488357,-3.286221231464968,-0.4058828531135049,-0.8762677571249141,0.04749497174752923,1.016344764576495,4.137967683788762,-1.5972827537344438,4.688259429406373,0.9372203126937111,1.704976367926944,-0.07090652488246843,-4.400596601701759,2.038522773070834,1.1555862503361898,4.022301023576284,2.140770325096561,0.4147799067927387,-0.289581142655577,-2.9510616799985026,0.772028199987016,-2.9891135295667324,0.005795983554135698,-1.0710689189839107,-0.6195011249797341,-1.2430811611414323,-0.4907543042429917,-1.1219429208555216,-1.0849321195446036,-2.3803493108292733,-1.2830231858886025
23.338840730757056,1.7417509552582051,7.753146434455558,-11.798539367927168,-3.254619632293378,0.8315986156829926,-8.636186662765368,-11.485877871666409,8.466772080704484,-0.9354005524281607,3.5401260974501607,0.31701873013040255,0.8322731703338486,-6.656386942480238,1.9174530290765017,1.7908194782733886,-4.437715959895762,-0.8293861964939926,-3.536949545500022,1.577614437900083,2.991770470835198,0.09059473625348582,2.9080258749597245,1.0611112446645892,-1.3634742103871167,0.6900991907280172,2.5648768679025395,-1.010481070697285,-0.6433208159774435,2.4791090647906597,-4.245606128474812,-2.6649710180613577,0.5563198641040187,-2.536953827293439,-5.360493870196012,-1.8437196659691164,2.068521377244788,-2.7729434762926255,0.36802958540918973,0.9520223846928304,-0.9046046345250018,-1.505369384889546,-1.1606628506797265,1.4329063512196611,-0.7451646676425461,-0.11426297527755008,-1.6853359421729879,0.5706349431545353
28.66420295824721,2.6732670249045447,4.193875570049936,-9.054066996878712,-2.3443609930211378,2.832014140636029,-9.022278918639573,3.618871518157113,0.5129994025209126,6.258387617217013,5.019430438983976,-1.1835857888915666,-8.41367226356057,-2.728640397090328,0.8609229668898609,-4.8384469383373,-1.9516112692893124,-2.23314526536503,-4.73314801055039,0.46290652164731727,2.9837693273874644,-0.8378568611718459,-0.7211079269842431,0.5585788122099205,1.711964456016212,-1.0004518454399787,4.183394783069003,0.9900906575877081,-0.29846373215097216,-1.507388183381425,-0.5496585488992741,2.402133733763628,-2.9704366436023526,1.5401663235778211,-0.42899205941158597,-2.178699484307277,-2.1617584832527204,-0.7495055005351599,2.074071836597889,-1.6056815827172974,2.10022689748825,-3.075142417186606,1.3655193096482965,-1.88960479265123,0.18346167570375627,-4.265501069066395,1.0734709532255742,-1.4185154526142858
26.019906804356488,4.481495379793906,5.466244210551922,-7.514635801712896,-7.793773291835145,2.796751093914822,-5.278004412143377,-0.13502450762640578,3.745803056142412,-0.9325444586405586,5.268220406322376,-1.347224554029083,2.2978021807118068,-4.250510357421539,-0.8378661500332976,-4.303557011630836,0.6034739547841204,-3.579365492973197,1.4245142875452141,4.043893737186345,4.7123096299126965,-2.1983359907564304,-0.08234059533845169,-2.3677153006481664,-0.04811782676280681,-1.8634532922182303,3.7295687066222074,4.908888845449937,1.600144779169605,2.408104118513714,-0.883002103834325,2.033829703727281,-2.1573936962985036,-1.4154602169407995,0.33800162185989946,-0.5747319124017978,2.7819009863024866,-0.9160889381039639,-0.33942528880130357,0.39825888321084757,-2.0873625380236374,-0.6347289393187091,0.370741366756954,-0.6356013043164961,1.7701447675011155,-0.49445962936439775,-2.334959493442845,-0.9026303038462982
27.753196085788336,7.674073517338985,6.525235308032209,-3.2315780444660813,-4.106779601905046,8.323640096688054,-17.856911279326088,8.978153098609484,3.5498436958700434,7.046139598801655,-1.7740107155463076,-2.584302690928126,-5.563227748246849,-0.31491437700824854,3.073187108916189,8.35920281326617,1.8327596265691193,1.988359033132795,4.792541351920978,-4.797213207577845,0.17954585501742412,-1.4730577195059533,2.620916830731633,2.439562439240758,1.4447094932541082,3.8018895978587093,-1.4060142681144066,-0.4390480318617209,2.825122506318063,1.6254511279755723,0.8370545373837146,3.9322780634742247,0.32319538994249375,-0.26574178433769907,0.6049477405759781,3.8396602908669246,-3.977198092840255,-2.5080163684993004,2.1156966680550084,5.0193989570182875,-0.5884317399556488,1.4731121485245295,-3.1443756197789225,-0.7762334509439724,5.0338480768343485,-1.56558348669702,0.49080664127689017,2.096104897777199
31.298467221249687,3.4853967549014957,9.669971624212243,-1.4689609754105664,-2.561407378053674,7.795064845823605,-3.0040593555823243,22.913415699922922,3.8301670020692593,5.661404312398227,3.305506067813229,-3.735912182524999,-1.2139743087523562,-3.788472280075223,3.4459910856434006,2.3014947166150055,1.2623502732543335,-0.9908460627317965,0.36440760481770973,-4.661259082336937,0.49549520571016775,-6.853672660693719,-1.0113324943238886,-0.9599529019784462,5.118308213322784,-1.0453745611875294,-3.2610583054934974,1.7691120374163136,-1.0336603534860553,-1.1559802079023433,-0.6580546469511209,1.33256984526122,-0.7282965318377029,-1.1162709670741777,2.8117042034812743,4.1961670988933495,2.2811113801147154,-1.6925322285986655,-0.024122860580328774,1.002868921394876,2.4395574661300867,-1.8637050046890047,2.735161452103025,2.2053087450050546,1.5258236425343707,-0.4595084890130872,2.5853454044106936,-1.02071240623884
30.783641666366204,1.5801065201736488,4.224247428085048,-3.769718330386358,-2.308134730343619,1.7724954164065139,-0.4733263564974137,21.060283607510286,8.35986426673648,14.138785159240877,1.8541081265561536,-8.705181017507186,-2.1808624209696443,-3.5468036491115558,-0.10628481909632408,-2.6058426489541393,2.225851689959181,0.8812866476474923,-4.2620343020848495,-5.880833118385555,2.0581240261157134,-6.160840763138957,1.059925869840715,1.227440387146166,-1.003228990508614,-2.261057074633944,-0.3603973270435902,-0.9702604630861547,-2.3220490142970065,-1.527403015941214,-5.470605758770329,-2.4364818340645633,2.1660736442872053,-0.7408455577439255,0.4038308833668097,-4.052885021330324,1.3178998808298095,-1.2756981897184088,0.5862722668923047,-2.976150389617803,2.791492358090806,0.8299483014494591,-2.7235584571638216,0.7636733371564575,-0.956915715272805,-2.4126978988633416,0.03241274891446546,-0.09276465856919523
20.67332475584676,-3.816725845593847,-9.572628700882387,-8.158102599124328,5.3875018434446975,0.8632109864650995,-5.670983624517227,2.957580515002182,-7.797040771708878,-9.228806151562592,-2.839780900311755,0.31446957003628484,-4.379323859736341,6.999284106508737,-2.7578581102495976,0.7479564092789193,-0.5386661449800446,1.061765975282219,4.108602255005689,3.3882634728916483,-4.623517645918388,-5.431060935937483,-1.0005716375356792,-1.7319432433289905,-1.4914083070483315,-0.3620798779437002,-4.646012955671044,4.122880870139975,-0.4768130147631261,3.1635783520612155,3.224272949977308,-0.6067987262299147,-0.7039531731930049,0.1783893712165353,0.43565389970608054,1.9491347911029089,-0.9649421900854015,-0.38636236058628454,0.01586092192620568,-3.2769942969337094,3.239382844529023,1.2562080612279949,-3.2451736056531786,-0.6426346094593159,4.4326613050845705,0.15660571595099204,3.0996731769324053,-3.3840697721636093
19.50998790953115,-5.171798416567268,15.379344658829062,-10.88577995354826,-3.0186239883058295,-0.04747495706804967,12.306320586137954,5.075715722223111,3.5900326228154604,-11.308814057397981,4.5891068326522575,2.66504242808434,3.4399309981750332,-6.510472587000829,7.2116338612523245,0.6489468583466834,-1.1414009532694966,4.132687831493544,-3.1819335387070464,-2.3879514358034175,1.4072965669581592,3.235197618934293,0.8034936855297732,-1.6113595903069775,-0.7400280228007655,0.3276391823728471,-2.2621908527955306,4.461062681968172,2.0162670234907214,-1.0736146226095966,0.013163098549261822,1.1502646254248603,-5.258790338251129,-1.3244754315457816,-0.7784146341494962,-2.8196427568173332,0.13211563881039962,-3.418809964472749,1.1970684176653397,-3.1005534573985964,2.5209248567323623,2.935870655013149,0.8723988706236792,-1.3528691169844085,-0.09495980380039495,0.8098984558790705,0.5751681898479926,0.14924249726883726
22.769201996852942,1.3304610524405647,-4.122789062411168,-11.154923728878448,5.910592329078938,-9.140851521817334,3.033761347757963,3.4092396538435947,0.7062002811441432,-2.8929356149850562,6.070473461321122,1.9552729384765934,1.7098489535232864,-3.1546832869913635,-3.271976213857126,6.463702792526524,-2.5782270497197928,1.0471206853353765,4.379795282688523,2.255565693201279,-4.313853679642455,-0.873403317902542,0.6594642663942847,-4.975378717132804,1.014375937580966,-2.7500354251704566,-2.1705709317208917,-0.01903364956935557,-0.27896689670416214,-3.7175787569309535,-3.0013069390857243,-3.853629174046098,-2.526507103624712,3.5893519580531827,3.755435554813258,-4.406614763333495,-2.0924443400656405,-0.8457023766483621,1.2929502303881584,-5.318410683641587,-0.5217866899352551,-1.2882381116634036,-1.3569434939156235,2.6800438976307612,-0.8843594340729216,1.209856670490142,-0.2130570010663475,2.7033475140437453
23.202291363496187,12.459131709600301,-1.9663407341861516,0.932303543810222,2.207007556233578,0.4777799880748293,-11.251998139585272,1.7901700692338847,0.8849914418181674,-4.311383791935459,1.39687748159678,5.91734691118932,3.4183265258253575,-3.1207852480828437,-5.102949653282299,7.147431979026295,4.912155357936093,2.708750132721056,0.41240109500280525,2.36924594162099,0.8105227730604946,-1.236178771055456,-5.08622847733849,-2.392730494675351,0.17894211978416474,1.469029905206602,-1.1561637043476323,2.8593833011632968,-1.6199814630103748,-1.5996951539565893,-3.3512461297495046,2.067206758719716,2.1930667559433963,2.2715934821495583,-0.10082424053227036,-1.1107321318222032,0.7427220106191372,0.5847218293224498,3.7783040271031103,-0.3992022546338226,-1.1886552338749021,1.975097006255854,1.3620777279202034,0.22263473160091038,0.5696121272767005,1.8297708119597575,1.3511758803036749,0.13589111314085467
13.444258279375866,3.7420539363601506,20.207556353500195,-7.812969159593943,-5.199883523363907,-3.8161747763485834,-6.008239437980096,-11.559751395704462,-2.709397769525422,-4.046335915584512,-1.0016565752603421,-0.6953178194780247,-4.279416985549883,-7.000184606091168,7.281738413260812,1.5277492144399576,-0.04331175200559125,0.4134049630980939,-2.7589337661557756,1.4032241621345767,0.05053623327940302,5.493797901137075,3.344741837296972,2.360071261532499,1.9992120974392387,2.5131323241392973,1.3500990673815778,3.9135837521028893,-2.5397899874144314,1.7055890290223121,1.6741060867310986,-1.2949722008570494,3.338515721723534,0.44945524161490846,-1.0706963056533172,-1.8593224345992752,1.7227958987774035,1.3866041779117912,0.7340387998632733,-2.1522534531084796,-1.4196387991809356,-0.7291745038645855,0.0850496239828149,-1.6117997514045928,-2.808391482510525,-0.8054312173432292,1.917381516049968,-0.6037271975959633
22.331435481715193,6.549479195565858,-1.1753410938651434,-7.276015710137435,2.292875836864993,4.769897101121393,-15.04622612454205,0.8227040376862734,-3.3021312528418045,-7.475851053127424,2.5335078475054464,3.274416155262926,-1.4010767466829854,0.9055796975960951,-1.4531168380201036,2.840910558691145,1.4666511765320338,1.7703458659997395,0.7528738707574998,3.5010236699140216,0.9644395007327343,-1.959488632418259,1.8241058849291307,-0.5489912069899103,-0.4816891688062555,3.62914410399128,4.091778746697981,4.651632260003185,-0.7701138610547499,-2.934306802672643,-0.02253441218853697,0.055227694432118425,-0.23337933361596,2.3651142060162167,0.612448241589163,0.12597959528861932,0.38128206043758844,0.9693306594554678,0.43646392736660955,-1.212679584913824,-2.663908108163258,-1.0621213318413203,0.21939969394071057,0.36538160993303764,-2.3162873848196277,-2.0885242969722317,2.372435133627146,-0.45179553351216717
14.072061777921817,-20.58961315576691,22.054690768534563,-21.43658624894921,2.9724779445130025,-1.72728070604479,11.565823400252079,0.18018856979293993,2.125288569950092,-7.851879243093918,4.5602227202320185,3.9301714877751075,-2.691695196343306,-6.331277956820428,13.157264992507164,1.8173275220697644,-5.390661407483194,-1.9095225068554216,-1.7837962721864533,2.902971523861954,-1.9663416016216293,5.887487427835529,7.497313622676243,-3.057857852484807,2.9219763808917634,2.095104679087681,8.632250918630827,-1.1309283272010424,-0.10526075790595502,-3.4165672186623004,-0.142204928706603,2.3124985102192803,1.1193751822569715,-2.5813128656911513,-0.4382535914099736,0.3048016392330644,1.7901357932239317,-3.0676920342043474,3.7575457982372784,-0.5218503311086203,0.700775215326718,2.9552732971842146,2.8376112016480124,-3.6949789333726426,0.7458051474622522,-1.0487106139345166,4.339772869130983,-1.2342359282516975
21.264074713661056,9.907469259946385,7.123346891288325,-2.5824995362668304,-6.858222189734323,-4.590928549555095,-4.103243213187596,0.1587174384885312,3.3119029007411838,-1.246652695063023,4.089578144409509,3.15035594905497,6.191857663591668,-5.637438747755377,8.300419584458188,-3.672035664280164,1.2947309928618338,-1.3975182426704045,2.1528720577128406,-0.44681162991425366,2.9525894284732916,-1.040175016461341,-3.712293623185901,-1.0690870402873096,4.554969941357595,-0.44735252359087085,-2.8346474338779264,3.3686777130434162,1.4516487129589979,5.094842322497047,0.28391800918948334,-2.2893907268206277,-1.0344873638416374,-0.28000196160183993,0.5159292117935793,-0.5191057295652957,-0.7481556508494039,-0.7854915140896614,-1.1039528712622846,1.3358222124674768,-0.7997273217473597,-1.0928489793268135,-0.8836385127145528,1.9047762927813756,-0.3409212637363019,-0.19983910828654605,0.7902714342242971,2.9871092102504098
23.966554316613653,10.492424322522206,7.615050756818396,-3.261774855110935,-5.393246952910062,3.593759044031486,-3.3958415407484113,5.393648521892885,-1.56983710219216,0.29398466780491006,0.7981207885380732,3.798304291521456,2.250596448955981,-6.4893983943438345,7.712416274557573,-2.6973192757442246,-0.3014326917002092,-2.8893416578767273,3.0034367987143265,-4.91904603219023,0.5267044871631571,-2.2227566755828616,-1.4770836977682766,-4.255558043997867,2.5039294737935727,-0.7189996658018103,-0.7395219621750111,-0.15555800086120786,-0.25274215261792954,1.5586141924711683,1.941906865378022,2.8040863637460456,-3.824971654447911,1.9201784648945313,-2.908556102994685,-3.0056911893021945,0.5685655981506166,-0.14162024533356093,-1.6864577484869732,0.07528328742243161,-1.4188959685242382,-1.0496415419569298,0.798029036917799,3.7314928571129524,1.6169993365933668,0.14478700731487795,-0.5287799524316866,-0.3231892517453211
14.907504934549896,-2.961589235371883,5.893346267710138,-13.6544655539851,1.854786218685259,-10.808250255716489,2.7304770358709143,-9.769489561525646,1.5912350423214674,0.5210128096555019,0.0631433470421917,5.394344999362059,-1.3243180773831094,-5.781478267354618,3.80859747901078,1.3361575940603105,-4.556969647838273,-3.4799477192683543,0.6591966846972999,0.08839718938863046,-1.5134210480436905,-1.7240721059447355,0.16201558769452182,2.197677707770585,1.7861307205476422,0.9548173908229332,1.797861006301334,-0.9344677795147939,0.14306361570731316,0.34707904365391834,-3.0736420700000058,0.42378001399314796,0.13142779929854176,1.3794282208712474,0.16546695479257015,-4.887470537601767,-0.05580807778658485,-0.8244435439532466,1.2833400796675012,-1.3920041549172988,0.5148565017600693,1.260572211218038,-1.3306240606745399,-1.8155151691587061,-0.178494280416198,0.01816845685040385,-0.10219413708616018,1.417476575914663
13.015992733483891,-7.2176572978384845,15.515670753446278,-11.79107422250959,-4.2200492973852315,-1.7491478444101263,-6.186897850508825,-12.06732782118934,3.014841139186537,-9.092402278867784,-4.060312929539235,-1.249867243288676,-2.4630836492423245,-6.447201760408282,7.437359886519249,1.4386072886484627,-4.243828526930763,-1.6823435301561818,2.2180965220144557,0.03174767878871919,-0.6313141937371536,2.204272830023543,1.772516951871457,2.0062955709830237,-1.0513099172483038,4.815880980681754,1.771555622093336,-2.9084585156019775,2.0677930046901682,3.436732527636028,-7.332396970598923,-2.542992619038652,2.326886549554401,-1.7982682855233556,0.5622452895382594,2.665624853829705,0.9279582280754176,-1.0906261674451154,-0.16325749541283066,1.2608449100731467,-2.4792156800418717,-0.9621536559215736,1.0331003876843163,-1.034292576920758,0.09358222295703121,2.604413159385769,0.2672321526951969,-0.08480693698600839
14.681225632102974,-1.9286447850572384,-14.289530379788367,-6.29251416895344,4.707293879502835,2.9126616856688297,-1.4070851825423203,6.651052266169213,-4.419966302657834,-4.175198524770559,-2.7130476765313505,1.0269985898284417,0.15877302650010874,-4.319340798436507,1.1133779978454588,6.552060403418724,1.6165334752506093,-1.756172435443421,1.9793649299388643,6.658072647883073,-2.463128178770506,-5.983719215909683,-1.700973509979729,-3.101821472807058,-0.974421588794224,0.7931916017222044,-0.47955178413016053,-3.7019653653117053,1.1692271872086992,-0.6158091567363003,-1.1515171394130719,2.3429670873189736,2.7719610979951903,2.9761034164377147,-2.900136240935479,-3.54217673544222,3.2393259531398266,-2.059908111906605,-1.8985207053625417,1.9575013073868766,2.5019130493019253,0.8220882918150227,-0.9035956631287007,1.9452554757594958,1.025985452163862,-0.24680396633615248,-0.03633955049139442,0.5332616966060639
24.884180595451166,0.5411613304299491,6.905466736411405,-3.1380773900828025,-4.312142608179387,10.958505910782328,-3.83392558319729,-0.014075022765796226,-6.333099811397946,-7.67129003461279,-7.792303760101114,-1.8732961217762838,1.5995336581113957,1.6068774197987639,-5.699013572234117,-1.0266409110096877,-2.347099557310613,-3.945040167464472,2.4201429419903207,-1.16732627213094,-0.9676427681147727,-5.966318251430556,4.652353654854962,0.12305738756574255,-0.36899042500799784,-1.0616951321687655,-4.146784307214047,0.11332505693932401,1.012264731704081,3.3054011785436215,2.2508096935858424,-1.3944837967605064,-1.0501812530927563,-0.5408002934591495,-3.371750799719729,0.2942553883116751,-2.3761272341320585,-2.758615812585884,-1.0471748964404448,0.23683689440627187,-0.7500000211713576,0.27553952432124923,4.894292580141587,-0.33297362264018554,-1.1947299205805242,1.1067272460158772,1.7671386947966383,0.9609415349029424
25.52228403675992,-0.4533596130511073,2.0904655644334618,0.8865739142637604,-6.228665396467004,8.22475215231836,-7.676635723749103,7.894568694596086,-7.985594599491551,-10.75845379641204,-5.725676244578901,2.19817281711436,-7.791381098767652,4.023707063975141,-3.16092004873416,-1.9897450927215325,-0.24326699959420842,-4.613743665085275,3.063639164698248,-4.64186430444658,5.444399550955792,-6.616306570558999,2.4920176733665955,0.7476466844834493,-0.09803753196121863,0.04042619070244233,3.461773339789458,-2.9574858407763718,-0.44793716114356624,2.5783882553906574,-1.034975180814455,-0.12137048968193792,-1.2451663174052399,-0.2063825671971259,-1.6446913569316186,-2.765056195892586,-1.179300896761745,3.1225752252756656,-3.238407572862397,-2.5066747271937992,-3.302069210022602,3.298426167382073,-1.4066365505393599,-3.640118731615633,-1.5140684444274388,-2.4289772868151687,1.2032044179047992,0.47564745969014205
27.110537865904195,-12.069720020964644,-0.47090329402011716,-12.279489306230031,7.4971520879471285,-5.5385837544182035,3.9072987989103884,17.107856893763884,-3.194853339401481,13.206794443039602,-0.24804062507174995,-9.485148026162593,-12.390156012828813,1.9300663944681609,-4.625429297995637,-5.4402470628538735,-2.0732195921705565,0.10112994567782851,0.8554899013037565,0.14560576458597507,-0.3423786779129865,1.1772872525186113,2.509596633741119,3.8794276040536753,4.1159283002228335,0.16062827347810477,6.471921296974313,-7.31079400927822,-1.8098163767924298,2.8394009702157748,3.4855217180745286,-3.0227852394284374,7.014699740981444,4.776982104285565,6.957151191665197,-5.687486843877569,-1.2423931705184594,2.0406839656853295,2.7895834113032327,3.701008745372725,-2.9721187188448086,4.162978914128742,0.2713188410096878,0.29741019335011626,1.536604865849833,1.0740886897755233,2.7009721345400917,-0.5781961822242024
22.09194634762086,2.9400497311047658,8.025515489899629,-9.256023740087883,-0.9602678558508065,0.47665575312322916,-0.6289267882288196,-2.240390998428447,-7.479600782401373,0.5862078707201706,0.4491269610174963,5.5060831906156755,-1.0733800822671677,-1.0861877773431545,5.9890661876901925,-3.602075979999564,-2.5671226388049213,-1.4033329441667937,-0.8681940105570645,-0.8766425988914746,-0.7457610233775968,3.3038355780392457,1.9973672109672733,-1.713792903503007,0.6308892960633476,1.7704891399820712,-0.8537039563982115,4.217323200830039,-3.217779949415549,0.7702772846710034,2.7177533601559083,0.8988251681177124,-3.8241832934020876,3.0028674267194058,1.399359819368594,-0.30221054932560454,-1.43962042123921,-0.32120057351464226,-0.911580482859936,0.18914330141753127,2.897619414406213,0.2279039612938472,2.965007088561032,-0.6003604504428699,-0.4555454054815229,0.3070944462658439,1.4912593415640623,-0.8150338042219608
22.894880883753046,1.8225765572485813,5.032049308209522,-6.725100589224158,0.4413135363769855,1.450279825818798,-3.721020451519352,-1.5755020732136853,-2.7534084106303838,-1.889811074608934,-5.493529851363159,0.596453372623479,-3.5654685146930527,-5.319012868984987,-2.8588537525596,-1.125467045880349,-1.8270863994073117,-2.568792815833474,0.07746806739312903,0.5443289557793778,1.9922737831970907,2.9606195983141252,-4.352633698001158,0.7676318029465555,-1.4805303012618252,-0.5022200959044835,-0.02124314887077858,-4.043657861963781,0.6045934508159116,-1.3089258696792805,-2.340123516686954,1.3394848777251451,0.1841443461173458,1.3427916731905438,1.6145304334537927,-2.1356431318584015,1.0886828314722796,-1.856255012099007,1.0370977819204794,-0.15578292574357938,-1.1380109920165757,0.007529358519396595,2.565862194166366,-4.182714606840402,0.3249135893342198,0.7356800601272879,-1.7899697513559956,1.030228966172548
27.35162917562765,4.6625317746516775,3.7057139168133313,-5.798736642259686,-1.6654767785024103,16.948527999115612,-3.7952310282594532,7.9756364189939175,-7.679495970304479,-7.273732340703695,-7.748318832800916,2.641857518950561,1.7082424317719598,1.7847781020113822,-7.838729280013045,-0.2139705441073732,1.1851846270708928,-4.000936706085082,10.048038304977526,2.1459032404034986,-3.004768452712826,-1.4882828744272711,0.8400528093012747,-4.515850788329202,-1.0242376488921734,-0.784384938613691,-0.6052754765772693,0.2812951880225522,-1.9830858429259108,1.2151328885988393,-0.4213419156546693,0.8769029140637046,0.8535397272718508,1.135773894013782,-0.07267252576988757,0.15592512763819671,-1.3635576305764863,-2.596237719064509,3.3731233154723954,-0.18542135617393707,-6.044829673072301,-1.2151160508316796,5.74515410783881,0.8661975234529032,-2.567503142587722,-0.31278177437625115,1.4593120123211074,-1.1144710628903993
29.783834790104876,-4.587165091505232,6.7248379009936015,-5.47259974721031,4.001815950869196,12.66366804186421,-1.0791333228802444,5.107857066802506,-6.711998999142119,2.428364822208696,-6.051144512311855,-1.7149190022824377,-5.292901307692863,2.000032665837734,-3.5881997105946555,-12.662995872396998,-6.884059229052259,-1.7927489902624822,-3.874445529060623,-4.088249524948146,-4.282661359679772,2.0874095657469236,1.491308768546574,3.155259128199725,1.712313517104864,-4.5567076161127105,-4.714486280143648,-0.39583173945095723,-0.4108023535308972,1.9209359503652115,1.017730749703337,3.250741137376855,1.3641679016742252,3.0905874012417907,-2.5138876044935055,-1.5307981359922493,-5.355084955021475,-2.2576352277946423,1.530157071299214,-1.8329595828233398,1.4240736457396967,-2.4473250785310707,2.6411326461568883,-2.3346217097351136,-2.658980908555682,1.341862450129294,1.5287037535797712,-2.635616994093666
19.511685503948335,0.9643350672897364,-6.987424538766174,-5.210147306839212,6.8756170610863965,-13.81599485635541,-1.9545018353661143,2.8449602055069207,-3.5506552649538157,-0.34281974050554875,2.1246722555296467,3.0803451040388037,-2.499969492465469,0.4303587397589448,-3.242580904911624,-0.7528261767125165,-2.486133162286465,0.9244428625138355,3.5502573480583384,-1.6174746379604237,-5.387577554215767,0.25077409000534334,0.05355948085593243,0.7285817098370143,0.32427782070665645,-1.956957983297561,-2.1784549466045475,-2.738303214847491,5.0301573634401535,1.4989374336925532,2.198892004872058,-1.3076456615995715,-2.3734819012813637,0.03367150180653448,-0.1320303357655411,1.0676009894229508,0.33164406184094525,2.8027067307601805,-1.5379991129936026,0.9790966374505355,-2.136446687105482,-0.6326256026402973,-0.31420605330696083,-0.10949390601814157,-1.322461305152832,-1.3155996712493274,1.3626964602446072,-1.8636962245149815
18.992974460451077,-7.17636812740674,-2.6881307128233107,-6.713495876256194,11.781158020869592,-15.54159099112367,0.7647030385480375,-2.282066593329513,-2.0728440966915858,1.773438383106404,-0.7518727660741124,-0.5615469688681002,-2.0342833089304437,1.4748060977922617,-2.338245828900778,-6.865510040869536,-5.005116207431025,-0.12039708262437422,-3.664771161281781,0.9232995866780046,-1.8616096698213835,3.03841111851359,1.7513850627649103,-4.41887276187462,1.1868722649579087,1.2563699815718923,-3.4536694481020986,-2.317445723027778,3.1253988179752032,-0.31481043046117296,-1.1604992477506033,-1.1985911406196195,-0.39243057499928424,-3.1632368886707765,-0.8528906241062377,-1.3245259272791874,-2.056718657287636,1.5497146334704706,-5.758659778442829,0.1530239370481392,-2.932982492337395,0.52881459086528,2.0056912735295622,-0.44453093594516174,-2.3527078290794585,-0.8496773868539872,0.2158760094969215,1.173792348862509
19.901357029026414,-6.4673469901631595,-7.457461942121853,-6.580553165409675,8.04591493552457,-11.512252334313532,1.9098779600958407,-1.4491358057657704,-4.341744677916723,1.170872949444307,-1.0382118460174234,-1.6331131378444375,-0.15902302620438274,-3.680820712895876,-6.262153521006445,-4.189081390348964,-4.409846319519279,-1.1023832471024422,-2.1826849325562825,-0.015978079734335883,-0.36943985711451605,1.4225811421329464,-1.2711539358264017,-7.225416680501439,2.4145719396234506,2.7044742419813033,-7.319974593553372,-2.439108791343066,2.7205024313578567,2.212046822667463,-4.369962379409378,-0.5919498048218464,3.8457036708780628,-2.7683053380796196,-2.44594190184463,-0.6519176292465895,-0.4292468848711608,3.506405968099255,-4.836093413153485,-1.199560670263081,-1.3062399109419218,0.9207258328640798,-0.1116561028883047,0.746186448357081,0.656783503372439,-1.1319315843728421,3.0199172600725745,1.372730268131753
13.527564070458718,-15.018367125286264,1.3817110269771924,-1.8913838478127463,2.05913439767426,-24.545941157829432,3.7155347825650518,-4.7773476545039415,3.685676815214229,1.4340121428686987,-5.065373951156808,-1.3772676706331153,2.3650914058630526,3.2778691094832464,-0.5816620968318549,2.1386072022642337,-4.110468249655922,-0.6500157837173833,-5.421480846661825,-1.5660876384399447,4.174962838844334,-4.583811962443318,2.121441985587808,-6.046165660434186,1.222612107357232,0.22659189430978632,-5.440212773109118,3.2315524174688988,-1.3734217980517032,1.017192885593401,-1.256512476395162,0.3535681282027804,-0.3087032375686194,-1.2859214483313226,-0.6991450511542551,-3.749688190780423,-0.8633717624827465,3.8106173219624986,-1.294435451630499,0.36046585049712565,-3.0105891773878697,-0.5507722895278043,-3.3651870237599346,-0.30709900594637574,2.1288871346582896,-1.165621645558352,1.7967909311046517,-1.9802073157878373
10.579352985744478,-25.30138500706141,6.285790670233786,-14.853311802205226,7.601674239673534,-9.08567057925248,5.115009862821708,5.279153034003863,9.68058387552114,-3.340067541478597,-12.960607569466989,5.927947311469797,9.083742483733086,1.6257957478670055,-1.7031527082976379,2.129637300003674,-1.708365221834371,3.110612609469541,-4.6629334700592775,3.8431164321189923,2.416537120047176,-6.339421654768474,-0.9945576228859943,-2.7764360554920486,1.544151416441144,5.992987635435833,-2.2505936526214154,-0.26992687388344416,2.6303829915014254,-1.2629361907891195,2.686423082076452,1.787441251399169,-4.800229537368094,3.9829428515633127,2.7099123832656438,-1.8438227214889344,0.3795669344981284,0.4317010141028572,-1.27403736012627,-1.8231641837146848,0.7160739598457138,1.0446172392978206,-1.0575750905288086,1.4507370356953202,2.6479375881037357,0.7449080191685215,-1.5265089022482152,-0.9491652539097862
24.59308922760653,2.0038982789040043,7.182002218318589,3.0610426662808368,-0.7576794229623883,-4.9078468436145934,-7.796415630679242,12.058955789566914,2.506357634105859,-3.979104155901437,-3.757400386979616,-3.429293394039934,2.6889831088706675,-2.2978372420439577,-2.385745762001681,5.750725868516558,1.243947894658047,-2.081078453858817,0.2647209486923016,4.217787419473787,6.5912374234556195,0.8219933285093771,-2.2331554031309686,1.2885366633686262,-0.6034081171341112,-0.5491117666396031,-3.413717323859896,-0.21355073166899635,-1.423531109087667,1.0101559998951704,-1.4887740077196072,0.07506302354933475,3.157886245475706,0.44939049147568855,-2.3161074988602666,1.8549733732000382,-1.6481783469220086,2.0204915411201037,0.9062201168535973,1.5294025881229263,0.6877369881125047,1.5437873547781003,2.522097245402109,0.31664503556171647,2.01639481964961,-1.2952913856014627,1.0713148372392771,6.25327569921896
17.99519140870629,5.965480866584115,4.581646289207605,6.953596886753611,-8.507087282754995,-8.131635223805588,-10.745043231796675,-1.2643761709322718,1.3406270954577921,-8.5757404398161,-2.6902677074594035,-1.6797371013339055,-2.1732220020139126,-2.059689368972262,3.3508403734012036,5.263487560822052,-0.85157615603405,-0.42882157524912773,-3.0192530043039763,-5.760511600827873,3.0194530705355107,-1.363493042462916,1.3244094665126989,0.6378888756427401,-1.1515838956995965,1.0249340534707998,0.40317697939814695,-0.09658869447508005,-0.30969640271868054,0.7850613616495347,1.5978537173099376,-0.46059125405367246,1.3005892516003918,0.2536908048843464,-2.000034371292987,0.14282610311798083,1.3215923107081893,1.751523946900512,-3.4536994456929313,-0.5030988720035173,3.550881513982836,0.09532742548556176,1.5932815780267546,0.8612026701370593,0.8265235021780319,-1.7645653741653526,-0.5711418398704824,-0.8370493976950361
18.77661165090431,-5.907269939683526,6.264954305795051,-0.6637450372143847,2.214482121333624,-10.855886871016269,0.029161419048722652,5.35162534946533,-2.3390768103963264,-1.8262957043582022,-0.5770022625712422,-0.1664333864214905,3.6678173582619613,-0.45301128775329325,6.747888932706352,3.2938222777795643,-7.615423299909251,-0.949000481995304,-0.06530469516788927,-1.4802289433218703,2.028067848793267,-2.4634152702777863,-2.1353163804279993,1.2748212789226985,-0.8379438654902875,-3.0189406326555113,-2.5307313328351375,1.2314990985778056,0.31060690777554806,-0.19867663396269222,4.300753440123249,3.2378263896062522,-0.27103673212714674,0.5318642860949117,-1.9830163340933173,-1.988989409067195,-0.6576866482323285,2.5510743018330935,-3.790127293796393,3.1413802596843285,3.146401522992445,2.571453663321122,-4.028433417155746,-2.444350432558783,0.05589123220261437,2.828672425710089,0.04358195523468002,-3.679782905410016
15.359959973030607,5.250247379312965,10.622435401574423,6.458732387267029,-11.140151412175891,0.041968740181051,-7.098778852743728,-3.306133873832902,-4.091127772399998,-4.260545316787525,-4.17162399612999,-0.4826434863058681,-1.5976329399429912,-4.130967770826092,2.7597710160720497,4.657352801300725,2.0153085925382213,0.5083065464924085,0.38452415054587974,-2.5196895215163115,1.2927617786780208,-0.6927419138163597,0.7465118465961793,2.2094179586539293,-0.5466451568058842,1.9438729452045902,1.0781393865987856,-0.7783690728722169,-0.3591989790924613,5.093012879671779,2.7133196666876627,-1.4988508758379258,0.622063337980339,0.5471044571805735,-3.638984892386595,-0.5855116284815438,1.4314427145235626,1.0056928182381326,-5.445237052616431,2.5839866477766447,-1.3937764156447692,0.847693979187553,1.9688362842194345,0.7213807843764495,-0.9941396394550349,-0.7412997004791196,0.18975640208693328,1.9214226827211314
24.155789666314362,-0.9937783350364486,9.56384607531184,0.43121609224204205,-4.795326047602809,-5.576986738017836,-10.249954345787465,-0.8744326759617617,-3.5726949244909423,7.5927721320667585,-7.68016536714634,-3.1509806939431377,4.429714551751596,0.4507634755303317,0.18351906765134135,2.516030089152952,-1.0403881301776052,1.2554968998782776,-6.318541462608419,-1.2159114342858874,1.468809886441462,0.7136101179157261,-4.624863756674967,-0.8769969166977529,-0.9293113741829255,-0.5248012824042311,0.770869432040482,-4.493102037839175,-3.1473802956900365,0.36628628045549794,1.6692299218870559,0.6430498726958153,-2.45464716802629,2.7373182769482245,-0.8040393992839464,2.922167114222275,-0.05796880325474338,-3.6250329129461796,-1.7988907673878485,1.5136815443794411,0.5825714983814364,0.8375163735469732,1.2623225308204749,-0.463505410987228,-0.6934228783420406,1.4089142957433198,-2.1820676067882094,1.4490323840698724
10.074681933333675,-33.809625600310156,-3.6396699008443965,-3.459191115626579,20.045145159976176,-11.697392402579492,-3.406099527809792,15.823743320827008,7.332305911969827,3.234814564535151,-4.4854252869685025,-13.803421065136556,-4.706201246457767,8.459392036826543,-4.477292412478441,-3.8151743851958724,6.566761510956932,5.9628011339558675,2.080368745903384,3.8755441086120537,0.506052517047089,-0.19704690627995575,1.3416544035834894,1.6059887984359267,2.18728305563179,3.073916609680543,1.3123506882388074,0.8949019631273478,-6.14744097714017,1.6026382880786305,2.8088210469959836,-0.8759201157237138,4.542683487634245,-6.060583788448515,0.5796749780878198,-6.089582017838054,7.84812916290955,-4.96826008318719,0.6624942180725074,0.8802112861184023,0.8459033637053048,0.2670406485027718,1.0612772030912987,-0.4168545294514753,3.135907618657424,2.3639369682684572,1.6490994268924455,1.316298870004575
22.83664139675017,-19.38886341938782,10.551777654362004,-13.945330735453966,-3.8850979780088575,-13.110358177734733,0.9649763213917255,3.1649904804603537,10.445964888611838,9.46544560698624,-7.709412731936069,-9.941261274715304,1.5595699521386266,1.0333691976235615,-0.10895044308230474,1.1142723643869823,0.6532892884086672,0.15930787849725472,2.5068968963237706,-1.2126592056217376,-2.1744255847433336,1.106974305498759,9.85429494613869,3.8091791379900397,-2.3388780257853714,-2.7168017736460963,-3.0342735816181374,5.957503350775393,-3.683033875748123,1.1007014186791266,-1.4918569648317699,-0.3944654121758145,-1.6892385014672096,5.0330525939296935,-0.1668782336659138,5.827661086621345,5.051928626606566,-5.408689498590759,0.8815403341486692,2.5021326745889962,-1.8361029727089058,5.5893552691437165,-6.145628675144146,4.295078611733136,-2.1070922046222664,0.8281133409746948,-0.11891277473371996,1.424641735590989
10.385741031022203,-4.350002490227822,4.2354343373856205,1.5214769048340895,1.0795153751622917,-1.6977978191775054,0.6355511392750787,0.4615129246235416,-9.897360441610994,-6.6014376528247345,-0.06525605357806763,-7.544350787853959,-2.858913293661779,-2.737482107322445,-0.24129406888790375,0.1814122205735523,0.6644130267892936,-2.143091888843226,4.947869561679677,3.2204590448534294,1.6068485369273595,3.961535293769942,-4.413470356401393,5.009229569149954,0.36419439982263696,-0.028217076947089064,-2.0775460015963887,0.28148695698236653,1.5029142027262479,-0.7236789740939442,1.368982962573388,-0.7709887699255594,2.697435903056705,-1.7359422477286983,-3.7289320448067054,0.5288561482836193,-1.5537378716730164,0.5865287662848723,0.1594434750564418,2.2369407470256397,2.7113694262040955,1.9065488903714778,-2.472766240207504,-0.2912925975708231,0.4701599087275449,-1.3537964423231854,-0.5268902949536087,0.9888390504320783
-1.06431828667046,-9.820900430561277,10.177720324986666,-11.660439280957972,-7.153109156629613,1.2410103819536042,5.045372636538773,-9.733474034434481,-7.552312645262005,2.1290460829468256,-7.6661990622423195,0.8670694250810039,-2.1549532706677885,-6.310135879660766,-1.4301586025283555,1.086763853767921,13.849035117056664,0.20395132365538154,2.012880658678318,4.894271868878732,3.723891587229685,1.382255295078109,-1.1309145186151055,2.5519813120650725,-1.178104761458599,1.4317445930794133,1.9652244971086288,5.121839881227554,1.421827898181763,-2.9047765500662783,2.1798350860972517,0.5649107684753264,-1.5833670158777997,4.881022994897702,-1.0668643877512256,-2.9746007074369305,-2.3622444127013913,4.241878381584177,-0.6666011229096139,5.469777954417001,0.6019472800473543,-0.8456909356333916,3.009090279760481,0.06972394316227924,1.1633334973712819,4.3045294165184105,2.5070346480290597,4.1837809464078894
21.558589031484786,-0.046917610836753824,14.46140580530512,1.6460234584450675,-2.0170777816078984,-5.63171747725607,-8.187442822578593,-4.77790558410123,-3.326723811447908,-6.3291890857318345,-7.064068954763245,-1.6128176968910115,5.194360473731898,1.1215558101552934,-6.01133614056201,5.990607376508153,-2.219958205737743,2.027800997044486,0.08255227888360506,-4.620136615793664,3.3425065485716963,3.9621860557965154,-0.7033366754952824,-1.2732841154332264,2.3771074810452726,-1.9948332942574367,-1.9100119680656995,1.25009545716859,1.1648652742506764,-0.9722719559824536,-0.6816374557072055,-0.8989539972854894,4.683118446932157,-1.397955152494799,1.8590244736217822,2.0210583432198894,-0.9111199803901686,3.6473511522000672,2.990452167333753,1.0843232992066107,-0.6407725208410495,-1.5447253995266181,0.2981841912216163,0.504247675372051,-0.06076038506075861,2.9146165939318953,-1.3706244989418161,-3.016599533866411
15.453672712757797,-4.319383154034531,3.613540357037885,-2.4085255661256904,2.007244475621141,-12.703475591452266,3.926848042710936,11.47083639131905,-6.919348877005079,-2.875778273876474,-1.1820312866821654,0.2921621654041349,-3.3431401806081094,-2.8228958942592706,3.2300522410065318,0.7188283814242662,-1.6395430524654482,1.4789421884317961,6.245683295932314,-3.821200738945353,-1.0441642436694087,1.5591981326075692,2.9624406607635927,-0.05302308196817643,-0.4205431452344472,-1.5070751030749283,0.7844297109873657,-0.4837993238395594,5.931103203171798,-1.5799007703042982,2.691143786161814,-4.667588809059846,-6.155532521666442,1.4101048970325676,-0.6558550111104596,2.1190157486131143,0.3877054987587174,0.9644893399230171,-3.348374503272624,0.6636944125797266,-1.116870548771614,-3.621003471208927,1.1892412989516195,2.5649045068467786,1.1569315102822237,-1.2896395596511494,-2.40048718268863,-1.624397909335141
22.19747181753804,4.3137002539793095,6.785571010445888,-3.801397784645086,-2.1681535659854108,-13.776956552646332,-0.2139026164116348,-1.2961255807792436,-9.84865463068358,3.670157505792951,3.782518905918291,1.7651524703028378,1.9393423828028462,-2.916366081256686,2.4363039190603812,3.3411782285934204,-2.819800785351159,-6.733915579717742,-0.03371309471810647,-1.0336892350775895,-1.3587383165823523,0.02206256803975504,4.500586165479955,-1.4809197071507332,9.183467813594623,-0.046173728102448526,0.021289056598876158,1.4009136958011723,0.6209922054252905,-0.09666411771334907,1.3560879111415596,1.7474454722201727,0.5191483119687686,0.6181358749076468,0.145896569182232,-1.6298969233301526,-0.44836747705535296,-1.52689319749893,2.450674073879015,-1.4297929836271974,-1.1674858112397606,-1.5381633355547015,-2.400919249803655,1.4108446999719226,-0.9131462293594514,-1.9690512067404629,-0.846346692342758,1.323886572430768
17.071282917893928,3.432053259127729,4.704369772003701,1.4768517959657024,-5.176639525944887,-5.3295951591823645,-7.416180214694052,-1.0559920265184675,-11.047118387076296,-4.272421463103969,1.4928991666398856,-1.3181655501986365,4.035395424932705,1.761501445613723,-1.7330113117464228,7.3812151565388335,1.2046284211966864,-3.6293297132693105,-1.105802160321786,0.46570983766460966,-0.6852182518964717,-3.969879568366858,2.1077826861423024,2.158294569665997,-2.3119160752415375,5.172352666180292,-0.6158184558634299,-2.6965520968218706,1.866442609682971,-1.9144067938180855,4.085337140752996,0.820630678879648,1.2264839418911762,1.685263252362737,0.9156299190885577,-0.5018256720855659,-1.3627028079830406,-1.7176868429090062,1.19385087958898,-4.002183152650065,1.4170128152591588,2.3164313886133403,-0.9512472923553356,0.03359400083865642,-3.4694141246784733,-2.4372190814046197,-1.0814865687692252,3.038323852264553
1.897737163233722,-39.65974708708244,20.122825162372287,-12.067024189350546,1.7696211554730765,-7.9056468109092615,3.428980479882813,1.6971566132591358,14.62535174244787,-4.6184682088293005,-10.050997343329085,-10.252264699161346,5.4276963444290285,5.065417031111346,1.8693649942236958,-9.897332566400474,15.96788122931468,-7.860962612747796,-6.159810669457455,10.092784356798878,-3.024620142343075,-2.7481655898603896,-3.2169232782816737,6.968801116347825,5.497397198849001,7.200003145322664,2.392564262265299,-4.530811794613904,3.4289206850246905,3.1459080113792517,-1.7282679813086201,-2.8475576695503824,-1.0682459431709277,7.834663218014418,-3.3609883023878497,5.9902499869933425,1.7839720035996862,5.241670725195429,1.032850244345417,-6.491792812590304,-2.3736949844617183,-1.6760844627343525,-0.8074211605807373,3.3561361929611486,1.1158863430742512,-1.8616828084359731,-2.610328454500096,-3.635642094020063
16.821289257886953,-13.967736224784524,12.24929133558997,-15.589453060873637,-0.9150260985726568,5.4717454142359205,-0.24465696986454383,-9.925816771849203,-2.3169189146067506,5.064546360372419,-13.971562564921628,-1.0392288171494064,1.9507849905823837,-1.1381462927582318,-3.55962987014492,-5.304650445361007,-4.05500347728862,1.9236371919449426,-6.327977648694584,-1.9375760742005612,-5.450200637512629,0.5755059862305358,2.8297071174788235,2.314494498193995,-4.215022989217125,-1.5253538131451014,-2.3656486164501276,6.930945891877927,-2.4156353375684296,-2.8800820516795067,0.3902834503447353,-0.8876278369062948,-3.3691202299701923,3.2760705937940426,-1.8764535434851695,0.07494805196193578,0.021092413676636248,-1.9581961041997133,1.1599639112143745,2.875803855416959,2.755075905230328,-0.506923432260095,4.1995326252220275,3.4761057054530524,-1.2015023370243036,2.5403184016161164,-1.5617828416946666,-0.4544093117058587
9.996811875857764,-22.216825084655873,10.684112252901635,-4.993399872090848,7.168607381048266,-2.8349350420782846,-2.04721101728642,-8.146487586290684,7.134021086052704,1.3483327794677915,-14.11281391055099,-6.535753797855993,1.2418874321546747,0.7552128541643797,-1.0174669516663157,-2.339328880387367,4.749009260749899,3.8063214091597626,-4.281914336978219,2.7277274698346887,-0.801616856639389,1.5178036224134117,0.15475230540362994,-1.5907354740754343,-1.367633680608331,0.28535030961026,1.4518325833038301,0.9937717686453182,0.8395665623901172,-4.488986051354292,-3.5503419302230483,0.23591832757932404,-0.5149694104397384,-0.9478107284812283,1.59728497712555,-1.8001134916198245,-0.3719526783807405,-3.391046748823367,-2.963252973571759,-1.5592586928930898,-0.39942579871751877,-1.1311500944794253,3.0106569452856817,-2.1788623281618498,-1.7462450787916262,-0.9580113334999829,0.5827879595522438,-1.7238524993519266
7.172035775343874,-22.782751312101677,-6.334198302517666,4.649017308168383,14.871468369135938,-14.776046827885335,-8.684170095365795,4.464200179469372,2.8975650766157797,-10.747888310814671,-1.1417535447047404,-11.346251902410472,-2.8427601108108145,9.36598292019194,-6.480969428132086,1.2004517382539042,2.995847250703957,3.9356066080525545,3.792657456542194,1.2035547601732741,2.9200678358544363,4.921458778150048,-3.4858954960231987,0.8053605099082782,-2.4131243843835573,4.591101729527753,0.1627681433085717,4.316631185566859,1.5172405958706061,-3.767295505911057,3.8367773851408127,3.3337398303238954,-3.112249537337987,-0.8372108391704858,1.8830332261100264,-1.5398403531367688,-2.752364691716886,-0.9245900447316108,-1.7903368720367843,-0.8332253712980452,2.2514598235926333,-0.9811465984383424,0.6861968134802447,0.035103901419996995,1.7293151619287306,-1.0172303742480129,1.5102486271672806,1.5430962429600772
10.706105788264278,-5.71903732135286,12.232687687898109,-2.868912872365519,0.9439025007453967,-4.787862772622167,-1.0762801258894545,-12.0982436021468,-1.026477375000268,-0.32966099442123425,-7.162150031919888,-0.01978653284367941,0.04893305432954328,-1.502946326510253,-0.27522153237082864,4.104673529918082,1.9906209107254507,3.0761309329440545,-2.140988529297078,0.6903725221870688,1.8602098565516079,3.043899797967135,-1.7112049577693735,-0.6739065097897522,-4.539784264733151,-1.8754538095030442,-0.5483156804468156,2.4703586587032254,-4.146960809946025,0.22952172091988893,-0.4385122661915097,0.5053083786096917,3.081772425201978,-3.0329947290115506,2.2630709674133613,-0.8893852774442937,0.7306541120343066,1.3898702841761081,-0.9743703227009929,0.8187199459371494,3.361109006390887,-1.2143090486036325,2.276338462399119,0.690352543676276,-0.42938963311518036,-0.2317490790629323,1.2123531294192478,0.5034533604201383
18.570219102276035,-6.665060821172628,7.295775631513148,-3.26389956961786,0.19438553172619405,-0.3002930092339729,1.4842765396253454,-2.653163546186829,-3.539013767472569,-0.8031253011808802,-5.822953104569069,-4.173439231924716,-0.5215440741204235,-1.6637420299967667,-5.6586300662472135,-0.2761648088295784,-3.6662542888285112,-3.8680649225361043,0.7263112582495628,2.827365520116476,2.1866817670603846,-0.4844937076121814,-4.51020404151384,-1.1582738835759185,-4.085881994248667,0.7731768784308168,0.4847835150726312,3.4203141974186697,-0.41937881047600983,-1.6749313969873059,1.7081452127921464,1.8173157265647346,-2.2473872821056524,0.17108937729098977,0.14567463118383894,-0.1757728711844655,-1.20395658639705,0.19378161017539286,-2.1127034072497186,-1.1012392075082993,-2.8778429341306593,-1.0242105674536213,-0.011714695321131155,-0.22465963798246646,-2.568184314058217,-2.3406454654425644,0.36583273051186355,-0.9325191167069732
8.569069844778836,-20.244386369263893,18.111392288173704,-10.613527760215687,-0.14403122090528236,3.751201781509426,13.974484318691571,2.176235457997852,-2.6446778552103956,-7.183778758146074,-4.929892486463063,0.6453038070675319,-1.013559042596179,2.2216050888131513,1.0255765523715699,-2.3418732498879846,1.9749875465132989,-1.371988258722773,0.5113408465574747,-0.6318273696564513,-2.3928951735097233,-3.476030095537608,-0.6480357665768625,2.800606540859741,-4.210271116846384,-2.079508058441899,-2.2389268459637313,3.755682369136756,1.0282916899953576,0.08609705773854379,0.11400694390778404,3.506610443911501,1.1170883032518852,-5.6752085943897725,-0.9791592792449453,1.1395447069805227,-3.234796074855005,-3.974184196840942,-1.8913267845711985,-0.5610129015036407,-0.48711104458020243,-1.3598686777102778,-2.7491200690278186,1.9049197620531257,2.186457219674287,-1.1390041746509965,-0.49855689084156435,-2.2857112681789378
14.77778542940623,1.5896972915084222,2.9611128201476538,-5.235482075620292,5.201651520179086,-8.025699830924724,4.692919481688163,4.629718551212199,-6.375518683553071,-3.4972889764052195,-0.716137814214864,1.0891513021591372,-0.28789872151016543,-2.364017251218521,0.0224227737747983,4.820352961793026,-1.2457506175945405,3.924226185016708,2.6784446415034093,3.977537849785084,-3.279921991108791,3.3533456847119565,-2.047748584513602,0.8297610061013716,-3.845845685370403,-2.6360691124054805,-2.0573418321338544,-6.296678760297001,-2.188957274779321,-4.818681691629383,-1.7050494553247029,-1.2820539126957102,-3.4806598932581685,3.0177450612517056,1.18211624048082,-2.6377603947662687,-2.3105040686030707,3.398379698377182,0.4364217489813469,1.8811277782828761,0.6040129532667979,0.7388938494082901,0.41279998947973984,-0.4130239617109716,-0.8697966967018148,0.6926886208555159,-3.188607858446753,1.400189567861543
18.115117441072726,0.5971725459367504,-0.8961370243716265,-6.986532231889532,2.601730110527639,-0.23338910997877707,7.028871946840952,3.4498270485903264,-4.516270875706249,-4.093884174421188,-5.467827395609973,3.6290995985916306,-4.593925940175049,-6.264299982406674,0.6501799833873262,0.2357481041215745,2.2985354069451773,3.2451185633599904,6.963040613542747,3.3098442050570505,-2.4973710771835065,7.431103033184069,-2.193336172618123,-1.7432506149876619,2.0724246442231364,-6.778739537197729,-3.5137114212922365,-1.3243765068929487,-1.1670816369082397,1.6528806728784142,-1.419974997184096,-1.3674572495375026,0.8851469542795188,1.9949470620376113,-4.143495928347025,-4.914905088988747,-2.2638797192118663,-0.46130237894156345,1.4644737788603353,0.513447845853874,0.9146055036032469,0.6986729722607559,-1.0015161955920404,2.9100557167156347,-0.8824412494988022,-0.2442071478976061,-3.8249453315858393,-2.028310762080245
15.931071741609415,-6.510745784131529,-1.345092055399416,-6.858608787631368,11.041242821025742,-9.318911363661913,9.98984769376715,7.007291095060878,-2.455739656640309,-6.440739905369918,2.987654850001561,2.436065629823902,-0.8275217062217229,-0.4957349810127019,-0.5277976982962074,2.884354402010736,-3.76808692438085,2.9657027051800684,1.6905588610788895,3.9452291033111546,-0.25905004320710123,4.010595432741631,-0.626675683105323,-1.2914534378036182,-0.26206769546784536,-2.0336231569294445,-1.8418416718237214,-4.011749377329629,-2.367446951306851,-1.1956132811625262,-0.07075586246402732,-5.687377018564519,1.2150007831319998,-1.777607972258591,3.231113970284154,0.7134647194214748,-1.7458374202189408,-0.5332289092689727,-2.290116605776425,1.4795032976527027,-1.1932098266154578,-1.201015151900311,-1.036981872992707,0.23869650594637196,2.470234812672792,0.9131151389823481,-3.6602328756388194,1.465966921368483
17.91292597773872,-1.4186344036495813,4.947042086142133,-2.119319851029684,-2.491506656048092,-14.568025611913297,3.0599755144897878,11.312915401356546,-0.8901271955256652,1.3239139999901601,-2.609748708191444,-1.8868739405943862,-1.8653092762477357,-0.9036105234023448,-0.17102425373626953,6.677988420219111,0.9669427096056242,1.6739698714542537,2.593153223454069,-0.10299838613694866,2.646867141292879,-0.855806831271332,2.4381791778502704,0.4189106776540069,-2.3898289070804726,-2.245974385312673,0.8495800539024034,-0.4254840875416662,-0.8040095092648246,-2.5755571850424173,1.2096205100490143,2.9239277467551616,-1.8174514252853569,0.1718936824778332,5.411436976424534,2.017711736376292,4.325999785729673,-1.5254344924409118,-3.324045692355825,4.045807925904134,-1.6814949945670332,3.3936790972255713,-2.3767581105837174,-2.9764556743504413,-2.743661095091149,-2.359441092832153,-0.5132173684480311,0.7973977977891534
18.35749424636776,-5.214730394418568,15.240178262960516,7.836174662121737,-8.118893967449798,-6.212352011264582,-7.277904892296479,-3.3885042893046275,-3.1991150589302255,6.195292980795544,-7.436742094151778,-6.930174667971934,2.680128352658029,-1.0136595066587817,-2.344614689740331,5.788372961068813,-1.460730638953808,1.614900044953558,-6.65376486671991,-6.219777090506318,2.765691492008302,0.264347490479675,0.6177772814520259,-1.8097992044565467,-0.8800370802804971,-1.3670182498187204,-2.703567066026514,-2.425437307949182,0.1566034767827884,0.9124414350727168,0.1865451155895824,0.11075515199284351,-0.32162923274165256,-2.5421056454362514,3.3738341314379245,1.1557916205857455,-3.656680098682206,-0.2683480159918431,1.563033728131814,1.6428059680862834,-0.011789492655578633,-2.110807692528567,-3.2516564965281307,4.235142818016138,-2.0492627243417685,1.437087960173713,-0.1495504343616049,-1.457199522154182
12.8390054846617,-8.7017720573057,10.231716996212883,-2.0441430332353,-2.0293831879158946,0.8837788196077957,18.47963362343686,15.535750866271798,-4.383382783832801,-7.288221853507944,-3.760085841504358,3.890941167568569,3.113945519001488,-6.820013518445858,4.574506204615634,4.697764657885959,-0.9612709211074519,4.188185989086344,-0.8645329848731225,-1.3597059730794276,3.0428766567652383,-2.2010904590463283,-2.836562714199966,-1.1003326488056413,-4.8620768074008165,3.041336926246469,0.6641651079797786,-0.817876968235447,3.5788030004666767,2.4747432681392953,5.062358412741833,0.1696616960534913,-2.795601016429805,-1.0198764634680213,-0.7542973500053176,-0.8555548686181786,3.1901903013888195,-0.3841246840576377,-0.4509626712132151,1.8267258512283724,-0.42309659224834356,0.8092611022558412,0.9541724548721306,-1.3595456285788659,-0.01722437635307922,1.5523346523274186,1.5379513298342171,-1.810046772864269
3.3625104600808022,-16.708719435654682,14.833348801155063,-4.369240097987367,4.391066628507278,-13.676709392788265,11.52843715182444,2.1868989137024797,-5.776242463891987,-5.364923005572747,-7.495458379983164,-2.138827105651945,4.387477189694004,-0.6030066019058247,4.504295105026772,6.522292097407238,1.2512271042852705,-2.4945658600226044,2.726090106225236,4.014271652423935,-2.7770749766773544,0.5430549512010582,0.42816639202046564,-1.398838243251546,1.8237763567377252,-3.736435525353563,1.8345163340254758,-3.036308187875698,2.626030791083006,-2.6977001488738965,0.26771194498048195,-1.8861041089215271,3.3887359088950637,1.129786910945559,1.2619503962620067,0.009591994028553381,-3.433556762936697,0.25746496112118405,2.5166071009576014,1.815624492157551,-0.38775590685295697,-1.2847395304050142,-1.4276517212064437,0.3547065449309355,-0.001266408588597945,-1.655312125753064,2.5003161920696204,0.34851978581300996
8.36084426135223,-16.156768679703745,-6.258905489154757,4.342032532982259,1.0654265619999177,11.561042582513549,6.6188929585282725,-4.101777581457617,6.555261201610435,14.46702305745604,2.022429731497549,-5.0067747284497495,-0.8481812933958027,-1.2710013658265171,2.7045096816123904,0.32416204833745055,-1.599103808430313,-3.401504564326183,3.606898621766344,5.110267665264386,0.41210268995436633,3.292038949423616,-3.0836941820469734,-3.2322848189965554,-0.8127197574990853,0.5145357364537102,-3.3480503753878397,-0.9532295338194722,4.844714614149012,0.2663410370192922,4.383636356817983,1.1571372387864702,1.1773511903822451,-2.828922853468814,-0.8951815005161521,1.861533605137269,-2.9975576397575763,2.2169030686887816,1.3631595797633869,2.0598940744388567,-0.9062603468633362,-0.6763946807657283,-0.10030885166485018,0.17280811337276794,-1.4814684719100555,0.23073475238554397,3.532081139724307,1.4800803139161427
15.653248508543209,-6.507310689518198,-6.1127675242155055,-1.3942893936771557,-1.874753286775206,14.263610172284936,10.187842686112717,0.8094648226101733,2.4808711835867503,14.454217580888269,3.3576989598596865,-6.422284097367109,1.6826743839411966,-3.385048701347276,2.612744381743036,1.124993681993177,-0.039637479065626584,0.20232761647786215,5.526929003297522,6.947264239115164,-5.200917338426019,-4.686922257731266,-0.12552561232883758,-0.10184563723672789,-3.8427486791453362,-1.633174033524795,-6.701670036450321,-1.7765304254224636,1.226408412431631,0.9217510641957087,-0.2205254221088366,-0.4304775538115092,0.6321966141626363,-3.0509293817861383,-1.8244576057344226,-0.052430558479059426,1.5489198151416363,-4.644031292932932,1.5707795946943954,1.848412744766676,-0.8550869575285182,-1.1600204305901876,3.7264063056540477,0.3665378251942458,-0.4021820831587183,-2.2410937399863413,0.2983690018978955,0.8704783727255032
-5.349865327753559,-25.11711692816712,7.770930333056971,14.316933699334704,4.1841197130718255,5.275336149469016,-1.5735075675982897,2.761987197296372,4.05989288157991,3.6352056833024102,9.117201147146774,-11.286025614239442,9.315485644707683,0.9725367075487535,4.009169637208274,2.4432968539009465,-0.6269464170146667,-4.4495977789356065,1.8589195594952914,0.713128974900612,-3.3315042268582093,0.008742264284881713,-7.616694375400201,4.140185174966984,2.2062945505087206,3.630763067087676,-1.2826249253084678,-1.2944974270314817,1.3067217656573606,0.9746633502063944,0.9941500240523962,-1.0341030569762593,-2.663890562206233,-4.7136505957740855,6.749157150586772,-4.1147022285842505,1.1219059851048372,4.625185358259239,-2.295416587324235,4.257786438997018,1.5538697328228437,-2.0412836339134257,4.156691520361008,0.8077014638078043,-3.392689832482553,-4.566575127961034,-1.0358174412441858,-0.47147793290802437
23.431053416014397,6.212855255813316,3.2539541821644558,0.49468548769668785,2.451351207489215,18.764997551681848,0.09986086115991609,16.343515795207647,11.173880500064213,20.97171856841992,4.689920373429746,-4.241309295795401,4.243765739768962,-2.57927821840586,6.171858259401323,9.010047947791955,7.966901407795899,7.3643036417904915,6.993934160649077,-8.51741085225645,-10.13427234501647,-4.271860672688088,5.790365457590637,1.4469802341069906,-0.1261659406958599,3.5514572870922962,-0.7080336754944514,8.42873460646114,1.7137471185949875,-4.598285178695146,-6.697454191982511,-7.647616675486878,3.4097051356231085,-2.569111392840526,-1.3469988441955052,-0.8560178178963628,-4.261948409546229,6.184087582279791,-5.925445011362436,-4.452242635262215,-1.0483812737373324,3.2140629465513744,0.8272564557356415,-4.019560698515232,-0.7739631808937664,3.8220759186410334,-3.6688832422610176,1.3227354063273926
22.194810835072914,2.4184372783852206,-12.181728127832686,1.4452953623747575,3.504528966224423,10.615799352527457,-8.535228365850983,-5.121169483349488,13.600310120766816,7.037961096441733,4.172892497283458,8.388476091627137,2.119576275839714,3.4382452572748825,-0.8608021541133708,4.577729695401026,-0.888568887792872,3.3211078748316765,-1.4426925350840694,4.824077731873639,0.17880708272800627,4.952174681373019,0.4814179674091959,-1.6849505142611245,0.8905841906050372,-1.652078053798948,2.1339337986431284,3.4449528599664574,1.5947840761144778,0.7616181210497787,-1.472009360895203,4.89261735323204,-0.08345143466106097,2.1844810504818555,-0.0017027194580710179,-0.13389307377889653,-1.8019897091646395,-0.8756422459676865,-3.295901342351249,-0.71054949887428,0.701770899072713,-1.1877253312860165,-2.4328536540788037,0.7073719733289667,-2.5611262503504975,-1.6119659983562256,1.1850340927707752,0.2640918867805362
14.40683731050655,-1.0975160732171836,-12.47864706071288,3.1399090675067436,2.486668608475354,18.47930542525612,-7.904912714197618,2.3915372744660766,7.561443781934021,2.299540979822665,4.621169866778785,0.24670328319282867,-2.683185001900848,3.205873068427018,6.483682238391002,0.3636169530461803,-2.00176954811276,2.1606219560678777,3.764952966243823,5.986837439226235,1.0800709052446198,2.2709834534735642,-1.5821223632444559,-0.5432220851764669,-3.6431179588894516,0.7564545925156192,2.8072907869401935,4.261471506039253,3.4618545557784373,-3.1883247351653443,1.8975465454946192,3.815018840385684,-2.827794124847402,1.8346460629824106,-2.630222301113736,2.784307916534466,0.28353025652938346,4.5049841106316055,-0.4383406098846281,2.513022291961279,-0.6529670543206482,0.04960809592223143,-2.1866395345232448,-0.4377748087271999,-2.82921720733893,-2.0410630110351695,0.9613073705431797,0.21658794051500413
13.283323123118006,-0.005357765654259076,-1.3377409715486515,2.8175893457282513,-3.837032411916518,21.342673291062287,2.8357921488648206,-4.366217582680878,2.1053153731801886,-3.9195453581105952,-4.244643843204261,3.1563287277874723,3.5402974344450864,2.251957773689479,-5.382464606451156,2.124616053571356,-1.8040442151230167,0.41354424169125326,0.06863787136435891,5.625380939074969,0.6620783466218209,-1.9431483922915098,-3.147477337051698,-0.3991785594575297,-0.5182159561980878,-0.5034994442688028,-1.477836609404704,4.161417830894614,-0.8924769654123376,-0.18782216213225086,-2.7071366585745276,1.239076839097175,-0.3761751796714744,-2.317340252634408,-0.7878193142362573,-1.4398389484152834,0.30158546712960765,-1.6479782006916215,-2.428773207321495,2.0775432272363856,-1.7967746857599873,0.7596978919621928,-2.0930041059164637,-0.9314569776174677,-0.5199586464744406,-3.720201410288802,-1.9593247615834128,-1.377079816835706
20.89084484825997,-8.203713610461485,4.346660829959956,-5.663381463200064,7.354258728227673,29.04303621513075,31.72841906467725,25.444446842256436,6.081932648489928,-4.485380535772117,6.049754274028679,17.090564898666262,5.421552242270311,3.4761218496255695,-0.21342302435116184,0.988789927942985,-5.103868357531731,5.683124288942555,-13.782254222059814,-4.12662152867959,4.2011440929037995,7.621985220655644,-3.0161553116832778,3.6861998762997157,-2.3057792359702582,11.500676746866,1.0097017426966537,-2.2347584756120127,2.4642210959180475,5.121103979512678,1.2709106878644394,1.7073456223571115,6.906796132723156,0.9214846613401257,0.525767535409534,0.33134361146558744,-4.2283896427763015,-0.8655687847760691,0.33751181619351955,0.5332505365026744,-2.4205840000539345,1.0318562775853906,-0.44890606178324693,5.620400207702794,-0.49885924024005385,-0.10716083199064959,-0.6319459778107857,1.9612622784324854
7.6517144776481745,-13.290548305426475,7.0631506890370614,2.6518527939622776,-6.3604243546660255,7.112582253352178,-3.87118532148054,-12.262032704790425,13.318419700331658,2.8210773636664253,-1.1801567862291455,-0.6554424211824441,0.975562149330722,-1.7489849170231149,4.653125845495203,5.179232035732074,-0.015077889799610753,4.360900311616027,-2.4690717859018423,4.149962935227516,-6.590754947693088,3.1786251407049484,0.23730982105718293,0.8390119138162159,2.6115253827733844,1.3424693904246467,-0.2249222350697116,-3.5613206007728677,1.037216853073798,2.6366541503835528,-4.575931731127938,3.9514685459159775,-0.30564385177861103,-3.687174328110022,3.12256700820358,0.23759852289623357,-1.1691044213188875,0.5055652107143326,-2.4652379832176767,-0.3712073291031393,-2.2865138635524853,-0.5925286193925766,2.3605734549969104,-0.43394034166047807,-0.4226881394936744,0.2601837609314983,3.6052711758012745,-2.625793764689012
-0.5839892945264419,-9.260139991722525,-5.279843381362813,17.321275728267338,4.519801176288227,-11.636132985994836,-3.7132406173540318,-0.8204166894941061,7.771348855664599,-8.062677513252881,9.633346675867678,-1.4992660649119445,1.8202963776114012,3.6117037143353294,2.9334828546226817,-0.1458659561457266,-2.6183901152701767,-0.6489494605712488,0.30310398553415235,-3.364823571088459,-5.5312441622247945,0.2657801846612794,-3.4732177357274314,6.645811007610083,-2.7078603528378657,-2.424641474138209,1.5723043158500625,3.6289577038562233,-0.6742142639009548,0.6965072943229281,1.3114515568535174,1.086336609647093,0.20340009193341813,1.049719023167432,0.003750185131260496,-6.6373536716369985,0.6324291112942794,2.4469647767928926,2.135294505941472,5.120455457571308,-0.2856119756607276,-1.8008344359715156,2.788177969100601,3.2269280316700355,-0.49386157085695714,-1.2124996215879709,0.34494610637387324,-0.3547896428113317
8.064191656384132,2.5277386548008893,2.370870002996639,22.520640952244282,-8.54602592149205,-2.028241756807101,-4.231064353190504,0.15433726628022099,9.836203482165423,-5.004165277603076,8.06138268444259,-2.1030910163616916,5.50312824359198,-1.7345117429215204,2.5975577738733056,-0.23087025566981348,1.4271529356403863,-0.09862407201967906,-2.519803657011694,-1.0134284466598165,-2.2641843809582305,3.464227157003376,2.399318136844728,2.2938424202211185,-1.8385831805951527,-6.9330826671800185,-0.990844853587958,1.499402386975769,-1.589747527458713,1.4888933493771919,1.1175781493223738,2.5830580583367775,3.85564253856112,2.955016920869688,0.2585808898329962,-2.7572266533910295,3.5141185099591303,3.2831571390081016,-0.1921635949161055,1.8910586454897917,-0.9857003563745168,-2.087046608067732,0.28662643875219534,0.7413278259755989,-0.754890716899585,-0.06657307075588247,2.0990879441198316,-2.1338424688887887
-1.9998055093014662,-28.521250006740996,-8.850412295038257,13.11698255787307,6.092409158500027,3.914028533855864,-9.391080032253058,-2.5161967101063727,7.074998614020563,-9.317954540697093,2.1049617997175525,-4.65629254123741,-1.1305437944669439,4.168300548545392,7.777623451937404,1.6762598657763803,1.4954315936369817,0.5516363799346219,2.883880364899614,3.018504900632913,-0.8694871907263385,-1.5773733271318648,-2.0405754947142194,-2.948551434016096,2.7909184266605256,2.8414872792735157,-0.5628898212055944,1.5125120999514836,-3.992076924565834,2.781622865387656,0.6323431108934274,1.6263647711636244,-3.6379411766442313,-3.2593996771970013,3.6160792158380075,-4.921866345434035,-3.7812261676252965,2.2107031485230877,0.30866833862372506,-0.33591356233503267,-2.1012809126482237,2.3668078082137596,0.09200984837636417,1.835297616918331,-0.7138439000137115,-0.20044866973921158,-3.638860020427171,-3.013974174640283
15.710697752984558,0.7696436554983274,-7.785041616610787,13.463928510278095,0.8114523094127569,0.935202208645958,-1.3085677020536606,2.624194351242422,6.533889776085284,-0.7915707936420884,3.535253117933515,3.7442378073744984,0.5029782805506992,1.2866329541560193,2.860662161354523,4.034545424509453,-3.216031324577296,0.4718439899364831,-1.8129278301449734,1.4789127045531716,-4.007291761674553,-0.5524631319957921,-1.78730763678912,-1.644728806203179,1.4516659255900715,-5.102079224342843,1.5992975877502498,5.735961326811321,-0.2711378154425336,-0.4492353261831879,0.2501886793593228,1.5675925995497357,-0.9664491723208101,1.2400656847681515,0.3423671781281001,-1.3970034146337005,-2.1793011467108867,-1.582987119167599,-0.2007956070635025,-0.491141880271022,-0.9273039790524084,1.417388084863518,-0.17729305298723136,-0.32738969457392036,4.513412493870587,3.69231094280291,2.8864933524783614,-2.0191986527936527
3.612611214895584,-7.300204425564039,-17.019731392833613,0.5478787263501587,-0.6318072111084561,14.172390425194711,0.42056227404229424,-7.592994158909558,2.9971037870353383,0.9493232172935815,2.409517712250757,0.9764979287397486,0.0347648069976865,-3.55294415044984,1.1860115710029797,-0.29144316773326756,-0.6713518586476573,-2.162812014014306,5.167314172643468,5.957303089822288,-1.2692489740543682,-2.934421443428532,2.24033984303755,-0.5545191318451534,0.1783625893333954,-0.5389649118397577,-3.155127371586744,-2.051385250709624,1.6290464437677359,-2.062605485097652,0.6881363508458247,3.1696465184634093,1.852406808988107,1.3033099708400075,0.8618328224003825,0.2021705011305492,2.582470313127553,1.8507509437884482,0.004799923768173565,-0.7063260997762192,-0.3060579729958677,2.192204915709918,0.8868722211335834,3.825480990204715,-0.11664578083983172,2.525384529438579,-2.2885112076706884,-3.6744397333107526
14.599083972721903,-7.434802839958692,-4.3230285418412695,5.203528933221301,-5.0966076872661805,9.323485491545377,6.735760179351758,-1.4869555270500543,5.31474738290734,4.820355738634012,0.8670064096521469,-1.9547227043623627,1.767721063039076,0.16986398190791926,-7.31056122659567,0.7326447525774641,-2.5506773130429328,-2.2151979399445936,2.4669713785721,5.1380893802950665,2.4921573482195822,-3.5665151561403525,-0.9680650157735567,4.074997224824918,-1.9487455106860883,-4.2325548221250955,0.07502279568423684,0.23936376479907823,0.8889918958521836,-0.6385003359888499,1.002497342511936,1.5435524078835539,2.1624156658581364,2.7077327236302593,-4.33799938298907,0.3052854985664892,1.7910587254179102,0.70532961184568,0.6008633854060184,1.9427724971915379,-0.8375909774851192,-0.4560205257567063,2.293109559036391,-2.3175086139870236,0.9991883806335201,0.12694374769179487,-2.2053555612220523,0.23197031825492975
10.076768343054768,-13.454932936792728,-8.989716341035825,4.103104186239837,-6.1406777728754305,28.48919409440944,0.7849026444924302,-4.735974571303324,-1.9291151674853018,-6.308131732147423,-5.025374041064629,0.7146095898873513,-2.102458305366495,7.457354524776533,-7.2727691631163,-5.350979272115016,-6.593785458146983,-4.100207904397236,1.3605377127899319,-0.9895025330118797,-0.35786309236545155,-0.9700729734499255,7.686420653891976,1.755651579675552,4.316077498009701,-0.007900602456934578,2.5648675348836183,4.5518493915148,3.4674022073818085,-3.2682914680242825,-2.924446460400426,-4.452952556041011,-5.170059809685838,1.3269234272315884,-0.3434616563568275,-3.321940793363337,2.877451469897084,3.1666680397329996,1.1006004283729807,1.7607384381298443,1.0282983303521065,3.9175926818639866,-2.8994113648764768,-0.09762997105968782,-0.4369349794737271,-0.8283630138838048,1.9856429003161484,2.954863405302813
7.541253021875504,-13.913803150619492,-5.9211060483479505,1.0711965745396916,-6.041640044267384,14.094658398708725,1.4404511346859237,-11.027566313366577,0.7198374616601739,-1.4387723191394093,-7.224261235646735,2.1182080421007226,-1.3025170970790265,2.288086025229025,-3.6266196062095526,-0.9264279334298852,-8.320712061157586,-1.6122440108973843,1.2224364553010632,-0.8011937545103125,-2.726045710884204,-2.4105178742552185,-0.11345764546313458,1.5166542143709851,-0.8542009736883485,-1.0820664261688155,-3.700279746268704,-2.026239222615412,-2.366371466395542,1.1808015150647715,-1.047487989464706,-3.0315557058291045,1.916920888321153,-1.1234097683071977,3.286018809808751,1.2531111870404619,5.1585883365658205,0.5707422051721184,-1.1810180113782351,1.0231927298653907,2.6166374847157488,0.4242329033435284,1.6274582333601828,0.4921401766674818,0.9518435818784206,0.5175613805656526,-1.3003907477769707,-0.3215001514350064
-14.289561624584872,-44.83493277765585,21.39749907461557,2.4289351353905904,1.9025611039523262,11.895319858119345,11.029121452027708,-0.42709690421080254,-1.150682254022636,-8.643066305436266,-0.3154201415982067,-2.6022488517909057,-0.05005555839958294,10.31022522566288,2.304352837459755,-0.7248289897205251,17.082701453061723,-8.651477062999497,-1.5881098405414042,-8.436583593236852,-6.579617098609053,-0.594212670339004,-0.821309018572628,-4.349316600123592,-6.037187670115394,-3.0353893443819375,0.8248823492844145,-3.9146495079824337,0.8989203798189732,-0.7637415240277512,-6.123666671116511,11.138732245974992,-1.3045108771821434,-1.1103649870546894,0.5296355448061714,-0.6596274793761825,-1.4230168138107517,-2.057019137323094,-0.20304954017042637,3.8397563678466207,-0.9254977298265387,-4.759570257651204,-6.524691105467978,-4.628846458235915,-1.7984693595178776,2.140169110724789,-0.7642653641589057,4.766592124600502
6.165799942709945,-18.528153109082496,-9.256038588115132,-4.412150056198582,-1.159988044251176,-4.348379156815048,12.585463874196375,-11.2807084506544,4.645887148690752,6.333314292442992,3.4981471042976424,2.8713062272254333,-6.563122550123609,0.3082766292581398,-5.1539217182543675,6.031494879480464,3.5014484043151106,0.35872612248693114,-2.281582483324039,-0.573065938040917,-3.906235046193952,1.2118830026729897,0.7909732931548422,-3.084464316254173,1.4977021203389662,-2.8381866833855423,3.0456634310567146,-3.113107184895846,-2.974689061877184,-1.9273899552795997,1.2003839004233996,-0.17652781732800857,-6.30723009325987,-1.5236054471349,1.6273429834286415,-1.0903823836201758,-1.0150678455807376,-2.0320539334989065,-2.6618307972535438,-1.6749833866653843,1.8693556176400967,1.4572652701407474,0.6436956100089071,-1.202625757875344,-1.6823497083146826,2.400523978202653,2.793288451159099,0.47630452504025056
11.859981964308787,-1.2572176901991194,-1.8321382780670628,2.5175590859702326,0.055933849170012984,-14.756351470730664,6.507414487548227,-2.0599373965384062,-4.692732706073738,1.9467528771848714,-0.09746758771139126,4.226002102403247,8.495740380364563,4.48162458961123,-7.8997648129498526,8.127411721350606,0.2570613015668459,-1.3923563115740125,0.7938440627027267,-0.3691438182993412,-3.6808812371792046,0.2546664600547392,1.8747484072344294,0.8122665755840924,4.320559721966704,-2.2376427773012226,2.4767824266324516,0.8843161383999446,-1.353196990318501,-0.0933642423888324,-2.2544627052692214,-0.8076685219705814,-0.8749321468580118,-0.07541725631339054,0.9072396965727793,1.844054914488783,3.213378226470689,1.5451763231094844,1.6539984599444282,0.3177747035202406,-0.7750512723094278,1.459051347953942,-1.7530490093377196,0.7459395191836795,-5.914071276978048,-1.3920407150709349,0.3962327128338558,-1.6919434558716633
3.6078911915007965,-23.329774089859132,2.2924441544856027,-8.86047191136266,-1.209995363403906,3.4768973544348714,25.532168848289185,3.502109304112085,2.633286011160487,0.07798039186780974,4.385137914519938,6.610152157814193,-3.9714456997952983,3.2247361753475143,-7.468860109382999,7.740501896216859,4.680733299009959,3.5549293963296664,-0.21423161260716583,-5.512005106680754,0.5314182321179669,2.160848176865919,3.1312631590601727,0.8862469037086521,1.1620552775051594,-0.7386025314079854,3.357550436307376,3.1443682666879758,6.207973694469115,-0.7412163924429799,6.25353517885589,-2.1190714486540108,0.4605856694566743,1.3845693951485611,0.21741925516910612,4.42431874534451,4.69512281959463,-0.9733220126429323,-0.554384333764976,0.6938874557999394,-0.5748371956255034,1.1964121782362007,2.005139714177734,-2.3123880282062506,-2.09750078450083,-2.6868507086678646,-3.252401255219411,-2.7144932123461802
-5.109646489377285,-19.68921681873412,-12.262826380464817,0.4715372640422494,-4.443552362159071,-11.165883297424763,3.240712507733966,-7.31742742727452,10.723150428585553,-2.964900665494799,3.656671944845723,1.988969786654671,-5.037862874946079,-2.3187745961998334,0.478492891136215,-1.6105882531881912,-3.363725018317924,-2.8358547377879146,3.2112709384059746,-4.151029502151316,1.646235222924876,-0.8355954318631593,-1.6269424021728225,1.2318747182198906,-0.032138543078881025,3.3509219638271612,0.11806741858859543,2.6054386362811304,-2.3015955956561953,0.38457414133699436,-1.2870769702253837,-0.021410380040424108,1.1297884905403335,1.5530029535912082,1.5220131413053446,0.7657396757860869,-0.783893969064463,2.7455721962740345,0.8371157459891955,4.02421219790258,-0.5632384850269366,0.0724981051059748,1.3829925155924698,-1.158878014613057,1.0828693986801108,3.260129755895588,-1.0408231923005484,2.758645931149835
-4.944867395977239,-28.128821074181353,-19.434285894895453,-4.564530009227523,2.369374136286201,-5.77045187517828,1.7969829921424116,-4.861716309146363,17.84097871509217,-6.711821998950088,5.443495563749709,1.2664621279611634,-0.646706385927165,2.183828970069335,-3.916233239307266,-3.003624816375905,0.4758253179582839,5.7103532237582195,7.757904168337587,-5.529596372777306,2.3632747718751856,-0.9547297880066177,2.3375199244390252,-1.1729726019248912,8.070485783949156,5.139151442803574,-5.413322563100358,1.7658173385177756,-2.821433403464915,-0.47356539298805034,0.8750241201428247,1.7019599879480458,0.31380707884999615,5.928282752174822,-2.5143327176016266,4.6453580961642285,-0.4400088047665088,2.3300460164024206,0.28770627388259246,-0.33520018217025516,2.740917802803215,-7.020256069825231,2.3491378732469377,-1.712908335595963,-1.725315340433281,0.2124345204354251,-0.5542174219956975,3.580401547346199
-2.4586746354377507,-21.108222760730992,-18.14024355999802,-1.3064674338234619,-2.4055512832098005,-3.2255934404513993,6.5058503755027735,0.6728883894882367,11.273971539927222,-7.0700011052860345,5.014992959429768,0.4206836286410661,-5.037430055165326,-1.7454517445865692,-1.4136951443374208,0.32982130425173695,-3.3515629139451066,2.8724196334813183,3.558761571110684,-8.292885951959217,-0.5349202662841892,-2.5595822111325766,0.6086816532443509,-4.841284032667303,0.2055692048347136,0.9103218688329312,-1.0789546684704703,-4.0512298586556605,-3.8725466302152527,-1.7877435599833622,-0.9470950078032188,-0.0912142273080481,1.0284695027166388,1.4099310843778425,-1.9950421336760813,3.0852548562621083,0.4860702489051323,0.09239309619263865,-0.3578105411568542,2.0734545971309903,1.5861601115794295,-4.729413036632486,0.29251163787386175,1.4514434169788855,-2.4494834443341023,-1.4657684552200516,-2.2641067021164716,-2.2278199058207795
6.773375016428624,-28.781867006891925,-15.355549764703612,-0.6807809343520614,-0.5540845811678907,-6.93834284341085,6.923941369199795,-6.083538867078569,20.2091028155813,-8.345296844787832,7.898118920865092,-1.949947802081891,-3.4370941343316015,1.6923928426611603,-3.089287705158916,-0.6036535089541258,-5.171601653875973,-1.8681069417203573,6.516578149255784,-5.806550086087852,-1.0636392897166784,3.3457330981367215,1.5139608884148679,-2.561582303375939,7.044162490342517,3.501587267324524,-3.7348828880768665,2.056865438102304,-3.65998399134387,3.1696107237085425,0.13476011947790006,0.9382820518434867,1.6055548747237407,4.45334677071802,-3.245624893335953,1.4749953032238834,0.3104249040096831,-5.580844681814384,0.8741732452548633,0.3366101279260899,0.9171949646502363,-1.5299324043260256,-0.3431217104508638,-3.8183892955495597,-1.5372231433554366,-1.1906496998589664,1.6997737500046308,-0.06919743521790185
-2.2457771740213692,-25.27143870801792,-6.586031930488827,-2.5708514103900204,-11.189698329332428,3.149353823788284,1.3458661344065297,-17.94152198533005,13.681642444051702,5.3290329306550595,0.6242528237502949,1.0542506326048202,-2.9004596824429516,-0.9795717222005613,-2.410680626786947,4.101249897678063,3.7759566841782273,0.06328995087171435,-3.2519334564726172,-1.881598313339994,0.29909890369979725,-6.197542057660858,-0.7714629116846455,-2.8877984906330063,-1.4245097026681108,2.0957371561472242,0.4888790529320362,-6.493124722706715,2.326261136879695,-1.4583583964616216,0.09430492061272071,-2.6889030576073742,-2.550702769397999,2.027809256435644,0.9592910884638105,-5.213094602936133,-7.280317975037214,0.2410401046716908,5.330432337566215,1.6480670253996617,-0.9292965348979109,0.26371916546333385,1.2212884745759605,-0.3028618529658884,1.796942641272054,-0.27894169657600776,-0.0240780732275626,-2.5273878766188154
-4.200750857668562,-4.192098126127904,2.5260783102355715,10.271861820248905,-19.63903089612751,1.048106474940574,3.388369577256651,-7.153847655536783,3.063421205189062,-2.5235611491145975,-0.289882540602209,-3.0356670735950866,3.886052684983383,-4.82524199963996,-4.394005104212443,2.1494864236003,7.164590981093536,4.113905087842959,-0.27827741970729647,-1.245264431674487,0.6710345303090729,-1.118968723212039,2.331223317901146,0.39352624030417227,-1.3476625499309234,-3.915537478610507,-1.6839043806822194,-2.604018022891398,2.8461024107193054,1.5386025926995945,-0.4532787861259345,-1.5801701469517218,0.7868019025131331,-0.09083655354291108,-1.0967894019914801,-0.8641385271582664,1.7583718111294317,-2.3972864587138956,-0.5895311630735702,-0.4584912915747626,0.9223569170217415,-2.2528518262812023,2.8168475035171743,1.4725385686616053,1.825039433425886,-0.8272166560639914,-1.479566619084461,0.9036125256711385
2.154291158034678,-11.000129193389377,-1.2943242924505112,3.849425507652154,-16.5336496490971,1.0875067297606378,3.4212267508778624,-12.06848309796221,4.899406564247751,-1.4525594232153816,2.3733412314583675,-2.2639617472983873,-0.5793528346840955,-4.992950491996865,-3.6079623599799033,2.5519318008326937,1.7767593857914,-1.0103812592776886,-1.6678432513870654,-2.237432952004182,0.6236404715844862,-3.124047117239962,-0.951097662441038,3.6123724494269256,1.1791368736849848,-0.7347026841818154,-0.399057059710716,-0.7876474228222663,3.068795524348472,1.8861283339202863,1.271212650540965,-1.2125667909285043,1.1522769609868149,-1.5350482817939461,-3.2814095654775755,-1.8854169518081527,-1.1254460706271867,-2.6561861473269546,-1.3615149928632766,0.45314664548442934,3.74110302231056,0.1830214144697894,-2.387604486693573,0.9221673307351156,0.10511328760347928,0.044184885596644755,0.1578896191719359,-1.1222984134037746
5.3007998923385555,-10.66372852233672,-11.053065580130314,11.540307782128698,-10.861416715754785,-3.050723223205259,-0.009440557813828519,-6.859698971736068,4.8683935358066694,-3.5493437301410795,3.5499593957557014,-4.534542099106313,-1.7520532116751244,-1.1313908936556083,-3.4685007133150374,5.39059158001255,-0.2829988433352823,-3.5441584513064712,-0.23382644011045373,-2.24482197303813,0.5335874939017626,-2.260579511998165,-2.909530962753475,-1.614368919905684,1.3585660989572819,0.5900534429202597,1.569447912217287,-1.5577397327723739,2.829562781556146,-0.8115523627825817,0.26144735149198467,-0.19869197553972892,3.1250303859090507,-0.4737018180994994,-2.427872482032629,-1.2241503783991454,-1.8896754571323688,-3.071131316453105,0.3091416941813162,-2.3323362907122367,0.6985824154616077,3.639090113274673,0.5289354005653927,1.674362504824413,-0.006094948346345686,0.327852564504541,-0.40954859911715663,-1.1476185656141131
1.1101476304423465,-19.859712125374692,-14.179177031823532,8.078018795118858,-3.5255068542370247,0.3462476992879332,-5.0898891242742454,-6.396638132861126,-0.27775365652024486,-3.691724202949381,1.8124994654017008,-8.540550626059218,-5.482474973928636,-2.6304103439177053,-6.88345570737422,1.8547874055108922,-1.1462176979246208,-2.1505629935064254,-0.6571710882937889,-5.194823655432578,1.0233248912811888,0.7480456403926901,0.7613322267027356,-2.0630617296642586,-1.4579312733696783,5.295767269504953,4.846220511690995,-1.0122398179759553,5.363625567614063,-4.743488954449867,-0.2477499344296918,1.0711833527732502,-1.029374306596398,-2.3706642042144437,-0.35345359646907504,-1.6629007292481182,0.9871890409212853,-1.4270243107334377,0.7844105786719586,0.35386616893693057,3.0758506524315234,1.852828973664704,1.5008860402103477,0.8491139141612475,0.9901417423111621,2.0957284957149405,-3.003129353563852,-0.30524739505567944
11.39931397269396,-1.5875750894460188,-5.320756448876617,13.694418705162407,-6.486218226541581,1.683430539095238,-3.8537623965875483,-2.0539018192828924,8.95435645210738,-0.1958306192131055,-0.20141578315465758,-2.005784820089904,4.294882592876338,-1.1516362990093523,-2.395197920023138,2.462447812025088,2.1081025547330854,2.7083268461070866,-3.103011833186338,4.928591425181096,-0.7493189883923479,1.2372245373035717,-0.608103077116858,5.063521488508668,-0.30737528689068433,-5.0241264499753235,-2.4008038026159233,-0.14560642680622138,3.2069018305784964,2.8626542354462394,2.816568962058439,-2.3348070996914108,-2.203680570584801,-1.1218827199415902,-0.43677310243567363,-0.557897193716688,1.2636747884774415,2.381888430151787,1.1179119371881951,-1.1615564531672553,-2.186501445589271,-0.42789782420835687,-0.43306609667427154,-3.7662914248675237,-1.0560047166910589,1.1429410467013492,-0.38021182971817846,0.6010136075703548
15.996074173840041,-10.766973008421285,4.030185356305456,15.572438986881862,-4.131084376382432,18.011288418153175,5.741333425037448,9.71237397715974,1.5609899813530994,-16.807773180413964,-3.0376522824101966,-2.024561822272764,-3.30468620836285,7.183610230634714,-1.2960858257867018,-3.4963531700448933,-5.812595141701485,-2.7081855855859174,-3.1296303263965832,-0.3619087097779597,-2.8513205787051823,1.2836070339551422,1.027340269457581,1.9806197535021104,2.1466060128135305,-5.33712036516331,0.21599786962345996,0.6101913756070154,-0.15022755122643505,-1.811060312658007,-6.3957187208308826,1.203783987398446,-3.2929208213782317,-2.894437466004807,-0.46200550066100043,-1.5271168205786176,0.32418532413017787,2.4507174205073556,0.19998969552043747,-0.3448678017528593,-3.1731128790994716,0.40878609066897315,0.6456311746584702,2.17972270152119,2.719699971651015,0.5179196960531746,1.7171394594087435,1.088395082046757
10.123642873623073,-6.396740642735403,5.725486647217772,14.381820209330357,-6.8728194866199575,-0.9188904557357105,17.00078609029454,13.66676371365693,3.874047431033081,-8.744858040034671,4.897042212322477,-1.0848741177238337,3.0674129170435087,-1.1288533435468933,-3.309863160636893,1.4942834047127769,-0.1277435763307398,2.4094636405513623,-3.1214150385273665,-4.097270663454457,3.653194223003376,2.395836809644902,-1.4657792946933872,1.9927011197813325,-5.312743090853049,-2.7102795430662505,0.9399364186352331,-0.20549575351204008,2.489321884316794,-2.7587121328861848,2.952479651147512,0.652251340728046,-2.8315555670111543,-0.09040389838251839,0.3693908648499699,1.6846060256193385,1.0484405554930623,4.264266417552314,0.45036559894698336,-3.9418308732545912,3.5433514568945457,2.794498830641621,1.951326170151398,-0.6493109557010501,0.13632624911035632,1.344745495328048,0.028670135279161416,-0.874254921542368
1.5680165828288435,-5.592194228792921,-2.221281945097253,11.49197394806496,-7.248878003739408,3.6203045039749546,-3.7237175391193817,-7.849066144655033,-0.4832684495668179,-1.5484805367235701,2.3599515044183863,-5.3565667733742375,-4.538237485754339,-3.8284140374902274,1.9371925875819318,1.1073295979032416,1.214219936024255,3.0375854607092814,-1.538209893389775,-3.574226247607442,-1.3129649934698797,3.587293885236116,1.3761651409861229,0.4639285540741558,-3.0349838239734073,0.27830770981803843,0.4480618846337417,-0.41556819253061683,3.048851020695185,-1.8593378704018135,0.8089471446731945,0.656139419911898,0.9324861155389995,-0.1264052086317109,-0.45867353420382667,-1.0710130248925502,-0.32077128795749793,-1.3539903075358908,-0.18188554642558688,-1.8340020363454688,0.10307399913042407,0.08548734555914445,-0.7941001186928752,0.5806046043042105,0.38639897239386184,-3.467762231024468,1.3817346274885882,-0.9914669236373701
-6.066652886578433,-19.598386185329765,3.524157249619654,5.317198040362981,-11.326699482455814,2.884206385395454,12.332463449960928,-1.9087007656910135,-4.406076204505831,-3.3150791835750315,-1.0379071376251623,0.43173874348098534,-4.422459082707792,-3.237763221885871,7.487675606824568,-3.544536500884765,4.246001085405578,-2.6315343196040235,3.060044627407031,-0.27148470051915913,0.808225006009856,-4.362653920388365,-1.6467469424896783,-3.3312167754810718,0.0726049061115398,-0.8224978878908689,0.45209439244401267,-0.7176740530667768,-5.083779128339744,0.06263264065167364,-3.6786502368226985,-1.2369091394883656,2.8341218007374884,2.164482210349365,2.4939415281160326,3.9716852081166927,-0.5692088058895998,3.699687452182016,-0.7274685054329048,2.7533558107815645,2.477693068297823,1.4760052962846573,-0.32251625126758,-0.9367320460773525,1.6838360099476106,-1.366547191578635,0.9225512074043759,-0.5310914934225097
0.155153233935092,-10.24514284624717,-4.453805158191038,17.261841879857613,-4.234710694191212,1.3935360251125548,0.22650448960975886,1.0110805821506919,-2.868341203180905,-9.0277316419518,3.6188935776073015,-3.5386221899424815,-0.4951152917960126,-2.6883546317536,3.2091638509040648,-0.37174912542904437,2.4868100463889955,0.2489270244467385,8.047027896713841,-0.6402028705086394,0.7321660465489851,-1.509440995194967,-0.9826239228723032,0.1866915674893335,2.252989838398508,0.1937080020095199,1.610281330791147,-1.6325334220139196,-0.2674363533665496,3.9797660642295587,0.9749130081538439,-2.7181627603187617,2.755988804308406,-0.41444532860595795,-2.2525321456875815,-1.0793480506464053,-3.227471940389985,-2.351145692392564,-0.8650522379160174,-1.3466878980107952,-1.2597823208093453,1.8052708074656232,-1.8614365345616368,-0.20641615782530584,-2.04124682453585,2.9218132263451886,1.96056578296432,-1.6746967192979922
0.688698275567245,-15.108620473027091,-7.9639088647014775,10.059198020600927,-0.3488362564846624,2.742821400262845,-6.455410147763306,-5.28566887034374,-2.351800194220855,-4.397542920514735,-0.24937689228195264,-2.5674749789162994,-1.0012479457925312,0.6385847630454593,1.2868029685269045,1.335022731936373,-3.181975570534792,-1.08023983635522,2.948467075043942,-2.1154621425487385,-1.163006347921812,0.6344564819308789,0.1949901967445797,-1.785618731891591,-1.200128886933786,5.8204730280642725,2.6919988712351874,-1.9265224343474374,0.599047501041674,-1.9737615019622907,0.38072796767911865,-2.3134517305538504,1.9412547950499723,-0.9131516121556253,-0.4041589381588067,2.9367430358746542,0.9906726352196552,-1.7918538207455232,-0.25858133207046363,2.126907254959094,-1.1901933171157573,0.8367832545017032,0.9134956906844962,0.8317919811715597,1.3512558519145421,4.486636719997998,-0.4568951521255071,-0.39040668289522606
6.607368984601221,-7.054509120084583,-10.34659910710952,12.849634996690543,-4.026874116296337,-2.177528949024873,0.4110139692600624,-3.4651902423217513,3.7884089244055095,0.4379529035264739,0.42181779553480153,-4.122475310014644,-2.460405359771493,-2.146358443553861,-2.030660982700996,-1.7923163401763162,-1.1251493421021035,-1.1186383180717787,0.5956274909741104,1.4345559853653074,2.044047660465265,1.9113445479471283,-5.023699389348513,1.0480204628279597,-0.30368371646602094,-1.4907906762479315,0.8752297058947806,-0.46267122703477825,1.3024447855662102,2.0371956552456116,0.3648537354563734,-2.699462326704436,-0.9067719132820043,-0.46542609922633665,-0.2853700161103169,3.3489091373187336,1.334514350264671,-0.9083967984600428,-0.6455030477737502,0.771534670067829,-0.03751414558671956,1.2864712292523128,0.21737332955452707,0.10420533101850332,0.1434951658328433,2.1778196718603633,0.6677424156170358,-0.13231484110043387
6.441776811029151,-3.142064486707244,4.289929385832178,14.68254952206596,-13.904468108003218,-4.308750569844486,7.743664192123569,-8.073161933997035,-0.538946447694211,0.7860256371374507,10.756316973139262,-5.664871250726697,1.5978556225341651,-0.06888880746896214,6.057912759940648,-5.547864944050999,7.692391105979739,-0.9129505250437618,-5.267891244198681,1.4782241333630284,0.48573074988598397,4.696602966929246,3.280409174229513,-3.4144869961242494,-2.723843174327941,-7.090679093639489,0.33813282631257713,1.5466195866501882,-2.8390745962208044,0.10968258684453576,2.9260265222491566,-1.403355599174385,1.1261743969790177,1.7450748204543143,0.6801398674400995,1.0234592673796612,0.8035287314369098,1.2821571041309072,0.45000939322404004,-4.3999259042465715,0.056363431644318465,2.7621077824103963,1.333178153654922,-0.36631844934151675,1.073506586328333,0.27244692062562836,2.96652187104989,0.6341380008352514
11.375543680168756,-8.297930696273724,-1.5819351589464503,7.034963851385328,-5.169459005237135,-5.031789540366189,2.2604933874680637,-4.737953268030937,-2.7824225102301625,6.282378326439027,7.548586617596685,-6.582444153292627,-1.9004695584062725,6.015852207748997,5.178813995989198,-0.37704763801098135,1.2034686194248574,-2.49831219335489,-1.964598122383327,1.1257236418810008,-0.35301469129938523,4.367298997300086,0.4123631563048959,-4.62759606908161,-2.456396936984457,-4.669833977680292,1.9891164168408122,-2.8774497038404565,-1.9847725360838058,-2.933685623405437,3.696723476705363,0.13593221110913786,0.38790850908809715,-1.3370990866886614,-0.05208638623986039,3.2404280699233707,-0.04446803187034741,-1.4596782320840218,-0.28550896644887785,-1.3626286265762444,-2.8262647785891306,2.8810131208352057,2.0382223978929703,3.1059166474249293,-0.6589773928796031,-1.481854389153344,-0.09765484377978302,1.1696060945021707
1.7539854992771984,6.068055270802172,-12.75076353389022,15.4854030176807,2.309491735703079,-7.652649590517846,1.280620478454145,2.3002453957519364,-3.3736353815393634,1.5697802192092305,-0.38825202127464004,6.85287262961568,0.9070932929622709,-0.6289841080674049,1.052234629747645,-1.0241798899106085,3.0018952662796465,1.3680123077453774,-0.9604410096034561,-0.14635099151803277,-1.5199850318135113,-0.09342400006828237,3.3412847611382217,2.879207826494346,-2.071487209254125,-0.935843750943391,0.8446409027752203,1.068326083358728,0.14973530786819783,-0.661015289575724,-2.2599187333711885,2.619786885169535,0.31105051394824146,0.8554772160087417,-2.165666760505041,-0.35347198750401326,0.10773810824753578,1.1398287764582957,1.4098759072143943,-1.8467531374957926,-2.0964069991723795,-0.6065311334561327,1.3722547379332974,2.117375329837871,0.7649684327782287,-1.9007718745757867,-0.10997989774298328,-1.2854771361496269
2.964698608736099,-1.9941216249538085,-11.63622863525925,6.125027012232922,3.096151695420713,-4.088531365834904,6.651575936782154,-1.0056869464555303,-5.885595045979006,4.160430579687461,1.1562919982184718,5.1751692631258575,0.7209720089237371,1.507802943390122,1.8597496425394928,-0.9682529985074326,-1.0281731179078908,-0.7568743797159266,3.5836279051225715,2.0392401952710157,-1.5080099194078223,0.39448097847042113,2.390427763038175,1.6199894930488883,1.5370491697970505,-0.8595696911164707,0.3480586802168461,-0.2506192956975262,-1.4298370978943786,-2.6897437686544436,-1.537181320134078,-0.3946331221408471,-0.6938100023581445,0.020734038637995104,2.4803964315861884,2.6165034471979545,-0.4207857701795915,-0.5912668453953493,-0.2871075796515919,-0.011416831877403772,-0.17099969451238434,-1.6961856248296072,0.24340641352132378,1.7256267903560716,1.3658925554748835,-1.1875284741268148,0.02297536627640647,-0.9609859331632743
5.0017309337621985,2.7589975202927848,-14.279459621989576,7.930780467908188,4.812700939519739,-8.453800206050188,4.331106148273439,-0.9694618683322426,-2.233497113261055,2.932039725428224,0.008548629191371516,9.553517249267182,2.6289597465228884,0.9768329673301678,-2.510635221749536,-2.50605256173793,1.452466587610013,1.3680113330124946,-1.8407056140358646,1.4149932123591054,-0.954295267314777,-0.8155708876239185,2.4165765919159776,1.838717421194847,-1.6580104578449626,1.0299539668395536,1.0024778505968723,3.4825550727668024,-1.8153058838424774,1.3148361168519558,-3.559529165694199,1.0994663999278655,0.2731653705426545,-1.2177074829770336,0.6488101495515791,-0.00962629498069882,-0.021855404703446532,-0.23873852022372566,-1.1243910774860677,-0.7135824104341026,-1.2725307135235857,-2.081712775751331,-0.26343537722872784,1.5544147814632936,-0.745356591328198,-1.5032313705032503,0.10074815494580316,-2.303079985667707
1.1173151055222574,-8.103581842928266,-13.463473050218022,8.099315450489444,5.553997100379263,-12.554496922500855,1.5135950904689037,0.3035861863979263,-5.148620139196382,2.6138778457517193,-1.407403188347624,4.75768994136854,-0.5631260478587282,2.7380489007670046,0.9421375740226422,-3.8801957488745744,-1.3605502071588103,1.8316208602403563,1.8995863892455962,0.9839831896604613,-0.754335619271566,0.5975862971034082,4.005245368138687,2.436739063620765,-4.518925449942637,1.384036766362781,-1.521131762510737,3.287519624614318,2.4371683920131018,-0.4446183302492183,0.009115743513407874,1.8517807147713055,-1.3104693121219357,-1.0304058786630703,0.789258463934189,0.2332609417016227,0.1601304958240258,0.10652695814629387,0.8384809149831723,-0.4150837721560353,-2.6662767660282025,1.0208193546358872,0.6242860218253289,1.519946301922371,0.9291027964906545,-0.5685850768327961,-0.5437087196025144,0.07259317920270802
18.672976589530197,-4.9014119240730585,-9.394804871557708,7.092464403996914,0.21548508585625528,2.7751522445493406,0.42741596994200415,4.689667831932071,-2.269562925906092,12.623953861687381,-2.402853209143558,-0.9217983549905608,0.9504689428789985,1.0156217281078432,-0.895460397848327,0.38289380968522024,-3.678880703811234,0.31168627778988306,0.7493769578952045,6.235866884974856,1.5064662345142434,2.96290820902619,-4.28287994500562,-3.128317542555556,1.9596421160581299,0.4032944947843637,2.407280310512885,-0.9255739613486076,-0.2321586231083107,-1.2329974134168604,-2.0692505272987924,-0.1273055293715976,-0.04894796105884491,-1.2848657314915586,-2.3831816985557763,3.322863108299042,-0.0030363440087151816,1.2719207751240666,-1.7929358313983643,-2.1910880808090583,1.7739584665306212,-1.576349158358816,1.0084527632282776,-2.429193568373425,-1.4223943077632528,0.6856569880044443,0.8544410233209353,2.0161010826224754
7.47490161316483,-12.547985249728363,-7.141023601444351,5.964893589962003,-1.7969571422158543,2.6951753111628545,3.8166840598339458,-7.110177644959751,-1.4909689554737058,12.560581225719844,-2.6347294039546116,3.2682308721424778,0.18552318512068752,-2.434963394123344,-2.316109825762015,-0.4036763822403944,-1.2763715275363556,-2.525343172211113,-1.9323342383499882,1.9853891120875462,1.8654833614330526,2.0890060532547303,-2.060281898051244,1.1997273272168414,2.9967298525825856,1.2008311455809264,-0.39677365756254585,-2.9067443142496803,2.292091574704439,-1.1281207394909751,0.06437840937495415,-0.5894514705163798,-0.09472679853046455,-0.5153666736947208,2.228917365335801,-0.639990884431977,2.522765681974934,-0.737154153634045,-1.5927140005617813,-1.6036130948199232,-0.03611255103637878,-0.48292083633188776,-1.1676589374718245,-3.426715565992539,-0.9930274731549603,-1.138154651333019,0.2648099612831971,1.6975928097022186
15.471002042014177,-4.004477834540252,-4.237836804494794,10.675212265582847,-3.8027462154005565,5.754212282464981,-5.419666195686167,-2.641763010652455,-4.410913506561594,3.1710538807981443,-3.250907999431745,2.6696275970896157,6.018053467812641,4.07576020805525,-0.1318109967341919,-0.2316953872782148,-5.85392657812027,-2.087311848742686,-0.24344686894089237,2.207291321168734,3.9845540860022606,0.9620748824700194,0.23166026740821646,3.1776118024691176,4.421602780385696,0.21242100792175286,0.7075424465139157,-1.3990838396432712,2.2970077942769507,-1.8150704319158661,0.840572585908369,1.3373266939521506,2.205000141430071,4.286320085121697,0.6399258264139611,-1.499142526427531,1.3065276821852159,-0.49651412760573105,-1.3893492928822317,-3.2039760585199786,1.8836410981180747,-1.3358079708714445,-3.3773672252246696,0.00585023335352794,0.5974321713445772,-0.8398584318537521,-1.3122832153329838,1.959974924238221
-4.70579846634531,-12.296449293609243,-7.402750746510625,9.874800246357644,-10.11265901662665,1.3255256332386192,3.120669808898829,-7.504791979840275,-2.947346425355816,2.616211360434756,-0.4873943993541586,7.013742654885072,-4.549105010252655,-1.804178717056614,3.2058570596602296,-2.454552409670188,3.9880084643595577,4.165570546516058,-1.1334556906241735,-1.87373080655086,4.419608749250832,-2.067677896960397,-0.2203563944712511,4.121012827472869,3.3157568546884595,-1.9855149097998068,-0.8938131991601564,1.7051515952197374,-1.2953654576958313,2.579947499244247,-0.5330214648794804,-0.394587069681322,1.6803421976575894,-0.09336732319935183,5.778806275753372,-0.23776425440374688,-1.0335597705901494,-1.0586414616752573,-2.407390440674468,0.3375837288839873,2.9987266581451237,0.11020949686504102,2.2264751123849016,-0.020518609872114228,2.946426973976678,-2.1541032246832716,-0.2726655472664417,0.5767421680146765
-2.818461808701139,-17.9307057543683,-8.382062446926865,7.119613015998283,-7.259197964887921,10.821084035357561,-0.28064033741589367,-8.01786410173418,-5.456929237365346,-0.3737278565278987,-2.6829022625952432,4.425779945497849,-7.398236946702428,1.9847868211782742,4.449712365935569,-0.8793693783240848,3.3335452952731335,2.013384108299425,4.207544749653722,0.9338304160629951,2.6039274832007826,-4.487657069389996,1.698516749017697,-1.0755571639918202,-0.1685293287680829,1.030875220159325,1.2033445240604355,1.6235268722107246,-1.0340851688285884,-0.3765811221416005,0.9731516883354908,-3.902338595815392,-4.826032194565864,1.1357704984639403,2.8395823410067718,-0.6940755630433312,-2.9171856286153193,1.8723108457232094,0.9078349922037781,-0.5463606400810621,-1.4761042492180385,2.7765756113563826,-1.325795767257124,1.3768086996389446,2.1878465418229185,-0.3995474632338752,1.3956789499766786,0.7370156302148245
4.524925724180991,-17.35163117344158,-6.370302924286616,16.56140346453634,0.6947459402944993,6.279227405855774,8.281179034815507,0.84206165066215,-2.967828298688883,-0.841036407057529,-1.0980420184926667,-0.46068893422097,0.2407523658555968,2.8876571286436294,-1.0473095351804576,-3.998397607062981,-4.774400639502498,-3.2991734545486686,0.46642438756745036,-1.768780556399338,5.515253736091131,2.724238895246867,0.08716774981830931,-0.13596720694294034,3.552249266837374,-0.7976195953236993,0.28044785481296786,1.8181115292011965,0.9189053214917462,-2.451988900798581,-1.540374184775624,0.1891388915508545,0.14930832020485724,-0.4856464654583826,3.603526327490502,-1.1259790271573302,1.5806809745516939,0.2850545994815744,1.5849973868940885,-2.4282547351226356,0.610368907717666,-0.5547358083983499,-1.1020818112755333,-1.5874191348397677,1.0175591033673799,0.6575246381243294,-1.0509376034593654,0.33280915080418694
3.9620361603624574,-3.8636998373782907,-9.666070769098473,13.080539997753641,-8.222906098522454,-5.925586931458319,-1.4550040184123882,3.1566386170842398,9.069770766548938,-0.8145848789199234,-2.07019889796561,4.282682851894096,0.9745411143492729,-3.1230732366985867,1.182686725802194,0.26196729806313324,0.22074736905167194,-0.23572522060143475,0.2133482041144691,1.363158452830336,-1.0894607423593503,-1.7292036071935157,-3.318728256731107,0.7958955656020663,-2.4227953569977183,-2.9744918774698634,-0.5662384087091034,1.8375860786694278,-0.4593519365016416,2.5944948679677284,1.8304343550862212,-0.3861013735041016,0.341969433185603,1.2580578072638808,0.21631456687908912,0.7688153647844297,2.8444834488142803,-0.6795931777946571,0.6741212123995122,-0.7117423418344462,-1.0062675484693049,2.114143043432532,0.41925102027243877,-0.7576271862501904,0.4953572201717171,-1.3090502535295214,0.6180421500138318,1.6112842997686405
8.22829585883068,-6.950236921245999,-8.893423907033634,10.693436240805438,-4.302416205291915,2.7468912398884267,-8.077873645130003,-3.747571707542085,4.195507362350368,2.9883976733202418,-6.428745008263438,-0.19939470765899833,1.1858798232882684,-1.4617687321716377,5.432722237398979,0.7671818558304406,-1.1112620366356694,5.704574110621601,-2.178135863497222,0.4484045828025036,-1.8207400048948204,3.886357996892512,-2.0346668085909503,-1.6726895953488543,-5.119731687097338,1.0928373566766278,-2.8850306032579995,-2.8833296294798023,-2.3383148723616713,-0.6158397375061553,0.7142244768031183,-2.407874596872465,0.2676135887158952,1.675593439541302,-0.178775625512015,2.0241205925437598,0.0383412755294002,-0.9635963340931737,-1.7584138414133785,-2.036356800027915,3.4549608733880763,0.6344957134415725,-0.8301975308918409,1.4406115910335997,-0.38896607485875606,-4.504962999768208,0.826877764186634,1.9964022902121463
12.147014941990355,-1.3049733152769674,-10.939001454069802,14.804224824566111,2.206855403595843,-0.6101491215043062,-3.97290357020582,6.447221614306083,5.027083657539683,2.0215490884259446,-2.0808904777810504,2.4561621528325994,-2.1857978085277785,-0.9617637696484523,0.9841955841261568,2.934669056319128,-3.1861626848304865,3.3549922721985785,-0.6350783506772016,4.411530469207457,-1.235437134107875,5.858619831961205,-4.574449918780536,1.3185985248117207,-0.5666458637548447,1.3248651315752844,0.37530259289323753,-1.7874810466129094,-2.012596562383616,-1.5816826170960432,-4.643995146849299,-0.9186880938953522,-1.7758007038347972,3.292629819348779,-0.10113588701429575,0.7705451507415687,2.373750813739548,1.4226191689976657,-0.24716483986076823,1.6593090628022216,0.13822081458106553,0.09351414766567143,-2.0061231590079642,-1.738235346010472,0.16092965275729437,-0.7571611717385154,1.0594675728916876,1.4627904486325847
12.56565382011607,2.6325864967424004,-11.527503389197639,14.939760572089474,-3.4822694981604596,-4.518223283900828,-7.576599257421648,-0.4394594488814827,9.38626554715832,-1.395166273252237,-0.3520485365329503,4.462021352136188,-0.31498666666915887,-0.3084601734261886,-2.323841921898494,2.3841607976312287,1.4500392902120078,3.172727996318486,-1.8507563294859732,-0.9973829324869902,-1.1549717212561705,2.5782015511634784,-3.1738482193585114,0.8289695148261919,-0.679564469819181,-1.277962790993076,2.545626897100886,0.6809189932135585,0.8570185445131413,2.5840101251220067,-3.386583990951727,-2.0983188774635413,-0.973827843348871,1.5253164389796052,-0.2868286083556902,1.2564922731789545,1.255381843931291,-2.373978976421041,0.08823549433332588,-1.861780822814981,-1.9400437564470903,1.3042545889170984,1.361215514154242,-0.532442287024877,2.162337131520232,1.5445566290210166,1.5380643955140847,-0.32046660801716775
9.603569909545504,-5.989637023419502,2.7021802534442205,18.37936600366757,-1.2869773963640232,1.3427757378890126,-7.231615066732048,-5.306301381699555,-3.780891555925602,-0.2322258377202585,-5.271559235881296,0.36572723329499107,3.72177340067058,5.568649775443232,-0.30536057200269756,-2.2963812496704845,-4.921831777279924,2.9475544922341985,-5.1809960379605675,-6.877895215749573,-1.9932600263646574,1.5186088758600336,2.6841409838510972,2.417692250433872,2.845912180902376,-2.006728650279135,1.0762362190830441,-0.3356286430909693,1.7142034268627202,0.14689108324274372,2.3259873931191515,-3.0919226661532697,3.6512206464127446,-0.07863844620389464,3.792322273223274,-0.18798379487192718,2.005077704973093,-0.7013323656037993,-3.441042219148426,-0.43279559401975726,-3.5527933510647194,-4.54324840780243,-0.6204536081524813,-0.014942754267266916,0.7219624464014897,2.733904120816903,-1.1605817776251186,-0.5597602344538591
-7.372810752425397,-18.72763853942604,-14.737007539830062,8.334485506214685,9.951605749543745,6.65704971566043,-10.451575633786408,-0.15160903888433766,-4.060665151038978,2.008924076384043,-1.1343759105957738,-1.0836107090392932,-2.857513298813011,-1.8584066862104986,9.179697256146115,-0.5287181922561868,0.5389259850292447,5.2880048377595354,2.71947438814277,2.7847957287730565,3.078292828513966,1.8284572570111368,4.276695719389035,-4.595945861910172,-3.061420234955332,5.276815888268311,2.6904355879855766,0.5504695286068371,-2.701926295428762,-1.410008923779041,2.010267582732526,-0.28341130648993246,-1.2740436008437563,-1.1958272265118028,-3.877507849136657,-1.2877330725719216,-1.3520795155889618,-0.5839736638448594,2.1969864218040134,-1.952668300861997,1.8019433924187507,0.4301347882880102,-0.8440148093042574,2.3797843190695396,-3.555246660224152,2.0263645046837113,-3.7687249220792287,-0.9514053713255887
4.619108479233647,-10.270978542030308,-8.777651588732585,12.950966815659017,1.8278515520617715,4.608270745330376,-5.921724373469352,-5.238637257092667,-2.621465356904688,-0.5073989042823503,-7.63078003213026,0.546482421946885,-0.1544802763626043,-0.1391479358255509,-0.28097280980369693,-1.693025937238929,-2.1281804790327152,0.8621823455299662,2.09962467224206,-0.2983346531195927,5.060357910429378,2.6478634675338246,2.066168081859596,0.5273433490900514,1.1303301477550978,0.3323951606494682,2.0799730200886493,1.1716989751972846,3.6047540099793407,-3.496275372228309,-0.2329007258620127,-0.7000310268762303,0.9035601832353142,1.293415245280154,1.7503748934766195,-1.4645817821120652,1.4268523993304802,-0.7562253152049128,-0.776169532284683,-1.1650524662528203,0.09365827839576404,1.2303460844431835,-1.149001790202237,2.437843581501245,1.6412643786222905,0.28322132440818576,-2.459722903263823,-0.2895942910164722
5.936396425047105,-12.01362895978734,-6.234534422899316,7.0250855656313576,-5.912140875018856,1.804638628144994,-0.4259182479883197,-4.621789235952701,-1.2129288859676377,7.113983691051681,-2.750641060217081,-1.0901625187716284,-1.1090931780878974,2.3388143611941143,-0.01021677873678401,0.12674691995048903,-3.9387133782040173,-2.488211873772452,1.5300191474435691,-1.0300546297226025,1.4421191883952507,0.3455513409025606,-3.459543213292731,-3.703974959074447,-4.0635872676614495,1.858278782966986,1.5577595933109587,-1.6624595530521764,-0.7115359219270662,-1.8464942450068251,3.965430592892841,0.5850519247715846,0.18071895379202543,0.017465877805269134,1.0472431104123354,2.764460298593223,-0.09480819968349787,-1.2224492343423243,0.07534309992705948,0.3247883037378491,2.133480803538065,0.7714208341343517,0.033549592710270026,-1.1523717754181646,0.49133449881829677,-1.193346289002315,0.3308670241005692,-2.659260416172292
1.7331850612467044,0.684971066551873,-8.014597300171147,13.847945965901472,4.80613312688929,-9.281653424737753,2.1022570821947686,-1.6242705708037493,-3.062290455171547,3.4726274086399824,2.207822372255205,3.091855360664794,2.849008816097149,0.3093503066272084,1.6168248704057724,-0.029237111017525585,-2.556079887267513,-7.760421866105231,-0.7004290764029585,-3.2216022238257818,-1.6185297035873916,-3.154942807556807,-0.9030284427862552,3.8398307846915634,-2.57626805961197,2.589310548200395,-0.41666948851341057,0.2951320053974027,0.5419463846683105,-2.5444366939087137,-2.658648754193976,3.07218366237454,3.004862794814621,1.7378241421150182,-1.5053772847279934,-1.5516399855765868,1.435752181997144,-1.058921790034924,0.7859248411622392,-1.2746875922096823,-0.43217706848661447,0.47044790244502954,1.7624404782585124,1.3646262050170432,0.9856168612065054,0.5567435373133773,-0.9325050854368674,1.4607582380975284
0.9145350642536134,-3.0869959096575066,-9.605517758324083,13.756570570749487,-0.2217523970992093,-11.27857393817077,2.2485803077535937,-2.346603099021413,-2.7323363231846107,2.9453252323166703,3.542480238894416,4.4418280968982256,-1.2526135444817608,2.5189451401513,4.662842162550902,-3.117249276763128,-1.835181764474914,-2.8721232942683397,0.4432143893933898,-2.3576558237188094,0.6876303601434169,-3.130594373206327,2.04086461706704,6.927276061321331,-3.4618036979672797,0.02693865269077813,-1.6950893672332679,1.3395862909193608,1.1430535904461538,-0.17200658356850557,0.422802455095462,3.5669081684427812,1.8174343210716417,0.8793920175151291,-0.4633595152244766,-2.33496249055148,0.38598267790178065,-0.3413960602299268,0.8505072161642377,-1.738963389509377,-1.5178932090693043,0.09538655199632368,1.5526755966284416,0.744553106778569,0.6827141725050689,-0.9280135854566006,-1.198557687676586,0.9904666483593029
0.0988151652690466,-2.269137457779552,-2.57011682725372,12.80759224007178,0.0009904452694133258,-8.576935975210661,3.546432269155529,-3.7141633595038686,-1.9665317875085353,7.074492380035427,-1.2060610793056938,8.14738833318393,1.4560528709329086,2.8502768749736322,6.927866417486239,-2.069583923236355,-2.433484521848896,-0.42898585324893246,1.459887019000964,-0.14354301974553754,1.5927566155609139,-1.7028284565182754,0.6853794471824048,4.282030938455133,-3.8475226189949163,-1.3960500698607246,0.22123773569759858,2.1361643496436535,-2.9544084917876963,0.5793078073063826,0.20130385758854752,1.2859803690610276,1.8561639401839412,3.4764173437916077,2.8680745441400357,-0.4228880286817491,-1.4859680484938353,0.17432800942022647,0.44759899401636777,2.9972975036067453,-2.3521497609944357,-0.768524950860507,-0.18838384548389517,-0.6719074729304936,1.8146093750943166,0.26051771753339986,0.4005241346555704,1.246098940832573
6.749420490803871,-5.62670658359649,2.6027484052006487,14.130746645061848,-6.392661108944864,-1.6994075605353844,10.511242759428443,1.79065399336714,-5.750139707584847,5.842874100575973,0.5967211834967528,2.589586523754125,6.139882780938686,-0.38286102815688766,0.5013780610008703,3.7107327579829232,1.251523014973849,-2.6228582795902233,3.43182910124858,0.40271874513686445,0.09282246696440202,-1.8846759515429388,-3.3845491681878257,-2.6989158021293935,3.9590192583377584,-1.6290521953630992,0.31735833326039525,-1.4649025702895218,-0.26901254083459836,1.305861384671423,0.4489953850958463,0.800697732299615,-0.029503489033399905,-2.3140010769787844,-0.7709590678649617,-0.4464618227431872,2.7407422147179963,-2.4109333494119043,-1.0778154048860942,-3.7455233679033557,-0.8503738591163217,-1.0674260072393322,-1.558944099345038,2.0261688969480223,-1.0764776615293175,1.4958055067944838,1.9069104593064803,0.7944438577524052
13.125817528761882,-11.26732476224483,2.3755634740466403,4.286601764291752,-5.86115190406997,7.334696146689531,6.255516425667287,-6.656025195389573,-5.124986092536349,9.247347515786785,1.072827895204508,1.8238186502372986,5.530809843542612,7.366933919184232,-0.17761149049426955,3.8457201785899353,-2.3589734268465254,-3.1969550420429145,2.8308385346976097,2.4102832777719083,-0.6420141823414205,-0.10486152907982188,2.931989525272018,0.7252819002577461,1.6652673327418888,-2.539380292039169,-0.7321694732429425,-1.8006349674909046,1.2144031594794416,1.512089246194582,5.825688204778227,-0.8116857451335207,0.8924392684602639,0.2310794999466889,-3.612936179933417,-0.30622703310694205,-3.3406532972332017,-1.6072341551058553,4.7581142123827185,0.9588192779185273,4.061947935656807,-0.8258754760938974,-0.6903716262003268,0.3235639393097569,-0.12336278603371821,3.1972678784128674,1.935119940509227,0.9478031123073442
8.807208510875634,-0.9088210520514679,-2.1604253330720273,23.721529903497377,-1.4248942650951288,1.096472782656384,-6.278893973632412,4.712889918355672,-5.995197209053155,-0.5114300453641791,-3.0309579727313105,0.3381191639719299,3.655520374994084,3.4129815954889606,-0.3937549304094315,1.5549487369149568,1.620530884040187,0.7396354207939199,0.40650683684469197,0.03682651650849109,2.650844299625813,2.177834862809822,2.671636762604365,2.1995587855611265,4.77635293575559,-2.1522270804914894,4.676418168638195,-1.1808608586297362,0.33094961073437856,-0.31113508004828805,0.13310865259274887,1.7090933203446095,1.448059833094106,-0.5387342694198121,-1.6885223950980532,0.7010863488504456,-1.1300658730021222,-1.215463950871739,-0.2496507099809909,-1.3477940765082306,2.8864091024041683,-0.27653507726078025,1.9495801113392224,0.6064732771674278,1.271953617107206,0.08776689705100711,-0.26043994928624664,-1.766784255797356
-0.3586735326592174,-0.5411562223044225,6.138796193758899,7.346760751198229,-3.3606201208471704,0.8393956580805446,3.6775881072951773,-1.1804388787333986,-9.403932656446617,6.34432781677406,-3.0027913696940036,5.163097559655891,5.92931107245991,-3.284133561831531,4.103549315322331,0.6280451884364331,0.7330308090468981,1.1991501089360537,4.688896919654254,0.7576411181011022,0.4582451079547148,-2.2562290965452725,0.5323474058087562,3.2101326720953005,5.283724676645661,-0.2072928699856412,0.662068100897032,1.6750058040495437,2.961307141406667,2.0995710475271663,1.0316053685881101,-0.2580358594907836,-1.7035604508689748,-1.5778765414045153,0.5827973172069795,1.0531248402851536,3.7134289069434825,-1.949521947355413,0.26716691000212156,1.415163173462745,1.032111010610492,-5.915970000629344,-1.2939801826573802,-0.2627329422822366,1.2005651485093072,1.6725382711634604,0.32001645892728986,1.335884698949589
-0.6900860350360624,-5.607902193941909,-2.8236198314269676,10.67340314362614,-4.275819676505364,4.225613264626149,-5.887240751204025,-7.810835280789031,-1.02321210334132,2.270666963269424,-2.496323213325069,4.38830754988342,-5.58443896376213,2.8707435894341145,5.620389053319048,4.458242303038372,1.5661864411910342,6.652747874314626,-0.5905995568298211,0.2981988738515677,1.0404851448100398,-1.3807167377296619,3.5209149865725116,5.249215979554239,-2.290706572118982,1.4366119854825659,0.24287838374433787,-4.400350852849329,0.20878494017085408,1.5228672662054092,3.13337070199346,-3.43659542611738,-0.44923483020738225,-1.4910819947841525,3.2672675356723464,0.8761749709353321,-2.473157480331852,-4.2040659596679495,1.3620746501790755,-3.743853548991504,-3.9432394556332278,-4.099173902927687,-2.1642520806180365,-0.23662095838359726,0.6685459072134465,-0.2527846888480521,1.247902614720644,0.6530795515630172
0.49827854031339436,-6.286788353647442,-0.03816088861404817,15.236081409813886,-6.711435309168675,11.634951149708803,6.744548297036745,2.7832216632287685,-11.19544040110341,-3.8209651479447206,-0.6149992026879842,-0.9663408864694896,-3.480845547410382,3.077565194692307,6.33607178602419,-2.481931142785985,-0.3882774975062474,-2.1749000061276593,-0.041924892470720156,2.6146321715992404,0.14147212120173797,-2.5734634724076884,-0.49664940167930105,-1.5840997221998525,1.59971911341587,0.3886300299581898,-0.6246076137592564,-2.045512877002054,-4.782754471544647,0.1389487805853936,-0.0563971823032591,-2.130279156000923,1.711431396045314,-0.3067101389146199,1.9435684106239726,2.3802332379817357,2.0275056940220844,1.0886828789120042,1.5856756091482291,-1.6052945082117436,-0.08615305346685417,-0.1695361879581516,-1.6785456074474485,-1.0264930306520628,0.08801367997932265,-1.3697363837530923,-2.086278767918242,0.026581183068360405
12.372008911512646,3.297163204983576,7.067264832897643,26.22047308091728,-4.513630569785307,7.546274517383236,-7.110654160155097,6.124504913363261,-9.922537606956803,-4.260573235556734,-8.419886643111202,1.7968871516347915,3.0078903436473117,4.157690902188192,-0.15736695877008638,-0.2058592973092937,-0.23305030428942777,3.7285640561114373,-1.65443087664509,-3.834153563547027,-1.272714810337816,0.3928602816078138,-2.526488796517031,-1.0487657066251121,4.39477819991182,-0.7817805374998607,-0.40932857864657207,-2.479027750587027,-3.2687994982135917,0.3544833875246993,-3.071462658314618,0.5220135981260378,-0.4778485538353615,1.0448277775981445,-0.29104970979978423,3.5119706831052073,-0.38617738838247045,-0.22242235552293385,0.380805983580891,-1.5584537510606988,3.045868490624819,0.826817778489195,0.8971553649254451,-0.029922933329119942,2.602870948917383,1.546789768640907,0.2790785861694167,2.0740275953775025
10.69129472730758,3.7025987893272276,-4.536445548008063,12.579193754872959,4.932640841833038,-8.577059343173973,0.3447308298937142,4.624916116926583,-6.235074599183758,10.053300441380172,-2.2047346940837556,4.656614597366894,1.7182915041276436,-1.991500222325965,-3.081072812981304,1.1197810535035762,0.0274926295496816,2.5589505531360084,-0.32240043427833043,-1.8333302926050805,-2.218026470752796,0.0018686493341202473,-2.8364988884553783,-2.054095200391853,3.8451656796885483,-0.9032812536936162,5.704731967163975,-3.49213886891508,-0.26509171060545594,-0.05919907166621071,-2.7879455387059906,0.1503401827472532,-2.5738117109803476,2.150154776898643,-2.830019759125676,0.953470647069163,-2.9167136023864635,-1.132605485778866,2.981158600159095,0.7540324247945179,0.1569214735382582,-1.5593991311902666,1.2111652372476551,-0.69675455712503,0.043875368259378524,4.089776363086348,-0.9439527217262735,-0.26875017804249685
-1.8363525657855189,-5.6834372428517295,-11.66769182530365,13.750029105226275,8.301047377983927,-8.639367499956194,-0.7550908953201013,-0.19167474710881188,-5.683712834847436,0.5590235207895139,0.36249377606360617,2.4646271228055863,-1.7009872850822134,0.22318538668553095,2.24737704448611,-1.6396612601978309,1.2336987964283919,0.3578937563012985,0.772555690518565,1.6552681530612354,-1.047218656379753,2.8618966253521845,2.9660430128895228,5.2245179375671436,-1.1424638654800001,2.4857589965944173,-1.0046595666578717,1.8183683262679957,-0.6233377480425126,-0.9213208466171363,-1.7848628332259397,1.4980170148841871,-0.45200297806331124,0.025557183182678866,-2.240331094801267,0.4729812951296621,1.7115092798626543,-0.6342751398295344,4.707785245027411,-2.2174814514809076,1.6967882138766368,0.9293922652801571,-1.5420291000218171,3.216435391681255,-1.1501634727745789,1.743892390289112,-0.30815485280674326,0.7946179082057887
-14.679761536238617,-12.2346729463068,-3.76137747703898,-1.4667937580082768,1.797713608767213,-3.1658978766157366,7.168054765217921,-6.311068418937501,-5.220840820296003,5.916427124236387,-5.179018933119434,10.067385294952805,-4.607023984973057,-6.853723029281818,1.7345804000159997,-1.0425875261981672,6.391394288996609,2.359569869705685,-1.0083979356317665,1.1420780861471327,2.9598441513101506,-2.7130160986843825,0.7153277045673693,3.361276412930089,1.57881442260076,0.16339502643152032,0.5502805115486337,0.8250753550461992,-2.407328400488837,-0.355737225938758,-1.2578596413705383,1.775032793571946,1.3828903159049377,-0.10370982713696461,2.0657417145603043,0.2710480185633981,1.6117308222520503,2.2211303576274855,0.7275753641260517,0.6015078231724074,-0.17667603879873156,-0.8166164452526886,0.055041830591118064,-0.33598984547545097,1.1807976148440222,-2.3476198386534346,1.2036619527543162,0.32548669489200655
-11.877662079583992,-17.143276733100524,-11.091822805808599,11.522776452800217,18.039749433007948,-9.13566751039647,-2.6211889073542585,1.916851599272543,-12.117832404866903,3.2145934325913514,-0.4678076936852183,0.8380756951252276,2.8875178449849552,0.687965430399449,2.1348244329568242,-3.476890030245433,1.1726059473802704,3.979895767486075,-0.17269466499551833,1.1784547108013597,1.445340178190352,-0.09076102771250305,-0.081466822667945,2.026898832497412,-0.7114094304246552,2.978159474942702,1.1683824927713302,3.3312147375352006,-0.4148214862483181,3.1093595334583974,-2.1429540288673747,2.822420027305512,-1.852875831755235,-3.459560954638897,-0.9399492777243302,-2.1912328130657572,-0.6008864497100448,-1.624920099403547,2.7561099546317678,3.053674816843359,0.867973832263869,-0.13022273775088572,0.8222800063923299,-0.707520395166234,-2.110972567052716,2.949361520755782,-2.7779919020003616,-0.8863681311979543
5.949675802317386,-6.4573599737348735,-5.487608817505649,8.369061302898862,-0.383709322164175,-7.261156088901008,4.944076615726396,-3.161592008033932,-6.079198028120308,12.38921092934947,-6.529833283297851,4.581871009365632,-1.0545538303033593,-0.746267218058865,3.8429425968782254,-6.294959414071233,-0.1962094683364899,7.504529175191096,-4.758241919793325,-5.956851278962902,0.20667018962811223,-1.4056298850986424,-0.035802080066592336,-6.301173170350799,-1.9759064081550481,1.8319832546114445,0.06082858950954398,-2.235666249205223,-0.9673910441047431,2.0231136540267887,-0.901567464821635,-0.18012432065946166,-2.1497002355163133,2.615699806011113,-4.161577746820553,1.0133231487547611,-1.1024962559898133,2.093506282686187,-0.8685110765205124,1.6640612979317988,-1.0039587001581305,0.3020207212789004,-0.6707479182249789,-1.1434397157665461,1.04282538267429,-2.006130443589766,-0.9320013945680987,-2.2702246248907874
-3.5060420209266505,-9.251459061336732,-8.765636803097474,13.66928157272465,6.640680782402874,-3.488511266121084,5.2399075430632545,0.6068283643122634,-13.246869956333473,-0.1848448807998497,2.4144959840479485,-1.5867190239741686,3.6403116699226015,-1.4685825549875513,-2.1568059781254427,-7.561075275360519,6.4936618546817755,6.291651961321524,0.6384478135960501,0.7850289120489186,5.9278415153662625,2.665807647700478,5.265528840594039,-3.4750718268277603,0.8525817278809897,3.645037164548955,-2.532977792308642,3.3919053460595237,4.577984299983809,1.3426041710726662,-5.220619851434909,-1.7754495577091851,-0.6886004082158307,-5.050040158132251,-2.7664123577909843,0.21181973098294718,-0.7077007231729124,-2.137317784978984,1.0418096578666511,2.093265369477535,-2.262164107168977,0.17106168374836792,2.606361910313221,-0.5990416725406016,-0.5090323682950503,-0.6915253794754642,0.6633384101549571,1.2114251938773464
-3.024995426017156,-11.000189977393369,-8.998740072924994,5.958425334514126,2.1442927884809095,-4.861165321542733,7.254260417641035,-4.051829662609289,-8.090802924904601,7.200259524517258,0.6112304878044262,-0.4222948437489005,2.7946658138865184,-3.080574868667447,4.2747191665360775,-5.570014689144249,-0.4396137481069421,-1.446713623291092,3.1972686183198817,-3.8222396962082765,4.280775626876033,-0.9157482531302834,-1.7891159015582414,-3.2867338267115085,-5.459456211014938,6.195991169678672,-4.916131395323757,0.9849850383367792,1.1180749168059163,0.08623352933916537,-1.6995751083119477,0.36356290000545155,0.31341157635946565,-1.367063203717488,-3.7843792515832613,-0.495156924081455,2.841117348131189,-0.8999149261909536,2.9375082420406593,0.29946953379431196,-1.0893726865908533,0.7067769309312681,-2.528336810346127,-3.5066168689949953,-0.08544082778463949,-1.179768766688318,1.1830703906581463,0.020351771890534397
8.622454994486466,-4.71506578203604,-2.8500660625611194,12.784134675751957,-0.09149754573135101,-11.859245143981305,5.58812287622502,-0.11047222392882163,-9.645417084981144,8.46226574430336,-0.6934937132714243,-0.5778592515425771,6.577270804714602,-0.5952723615473602,-0.657291533255399,-4.188400580465521,0.35509985604814287,1.7145898098623653,-2.455291256589634,-2.1694506583931243,3.3271556566102087,-1.7214408669038712,1.2596982440879774,-4.821242638705276,-3.258928408346728,0.4773265416741152,-5.319969116001764,-0.3550629435850344,3.2473168189646824,-0.8400603390365129,-2.112787404666846,2.305274297845913,1.5035842026719455,-0.1940934574508256,-3.4004700906113094,-1.2310912428210414,0.9180013818441444,4.374972821836933,2.6163225600186917,-2.15125229025817,-2.6596526235385625,2.8023059310978815,2.3113230959358,-2.390621143483861,0.02095262239453491,0.03140172233492352,0.8086954121844931,0.6761685295084415
10.320394534205104,-6.0879524247889405,7.138974363408979,11.41328414653999,-4.955087908985831,11.721736322088356,10.234076738257171,0.9521503258312354,-9.640706741723193,-3.2828947348985507,-0.8710518469661269,2.2231295245674376,-2.3144637580241576,3.9295356665148717,7.646606269072871,1.017611485461426,0.19629064890167028,-0.4402955330350814,-1.9407879535816106,3.2475191441991837,-3.403029389821367,0.329524829991484,0.9185661182317685,-1.3576532212069474,1.3348335598241987,-1.6677710935666494,-2.1766378297080586,-2.116240398341139,-8.446568410117816,0.18486693981933894,-1.631323643663231,-0.21237078203722,-1.1028499708894675,0.49131022355279563,-2.094707501582841,1.6393755476473801,2.3177783496597075,2.6627016571773097,-0.9610421411090365,1.7568132275920494,0.2860823712018533,-6.254236577537922e-05,0.5956321565769864,2.615759832378377,-0.9089142873807846,0.04946234967309663,0.8804837957483033,0.961642498552219
0.15920928081010197,-10.324179416508978,-6.742949233320899,12.428917559182418,-1.069467666759232,3.001705144047297,1.3997404946356775,-0.25083509780192,-9.765460190982335,-1.6294878327868325,0.6623112650817088,-1.3859849325077227,-0.1418059735819393,3.1489862249314635,4.366286850107391,0.6370506658988088,0.045746425689167605,-0.9679550474720356,1.6347465669525891,1.2809508416863256,1.0050849141517397,-4.106776362039821,-1.9387749703728225,-4.865654433024315,-2.3142608283425923,3.3474519872346096,1.9684728713942736,-3.2154761624305737,-6.841351722668867,-0.1242368556040407,0.7858044397002245,-3.4639374830950516,1.2102638167215243,-0.04612851009478223,-1.4939425390033445,0.30370056595275213,-0.47473835059907393,0.4059884086595879,-0.1396635742922979,-0.03102974978533637,-0.46751854866967113,1.084866980840603,-1.7446420692449296,-0.7581374913491505,-3.031287519392226,0.25443453464340204,-0.7466325568656254,-3.7459532052216082
7.458138124053035,-4.934947315318936,-5.278069776627688,6.306090294599611,-0.6543678603692565,-4.901046899351345,6.0033442392876655,1.2066955578311245,-0.5782003528945869,2.601606616121898,-2.3729580717069543,7.971410487711342,-3.0229596773552823,0.3478621768533189,-0.7889845684092902,-1.5808667098015556,-0.8829645591136208,0.8925063030148891,3.6819572839840293,-2.434808501368101,0.320650370871307,-0.7108600499334835,-2.2988558839608917,0.7315589312870033,3.465424169543293,-2.679667420365713,5.56653142484491,1.3298889111186538,1.4082364049893874,2.4540038152391577,1.550873685685619,-2.865471951947035,-4.4519643571703895,0.28882376029418905,1.0492304003859254,0.36558152276402905,0.13074528404681712,0.5886271127283723,-3.0932839003325707,-0.6869113286801919,-1.0958197516879404,-1.849596072143378,1.4755549125163967,-1.749359062825813,0.02745883407803144,-0.09376876005994811,0.2698004224880272,-1.7215377565407193
13.273327602455037,-2.3470316526803248,-4.949145247549552,10.414352375184551,0.6133718420852388,1.0368615696829235,2.524277957853836,2.1182178162343552,-4.693924764742253,10.21956262461855,-1.5657232167123833,0.3068283862025011,-1.8549451831456967,0.21172563631666114,-5.419430523700833,3.5184350826560884,0.434412358103026,-3.3309275811814074,-2.180306326466014,4.27830789763524,0.9237376362560329,5.608119451492773,-1.6841549082461784,-0.3276349827847958,5.658103805150652,0.11606260549870125,6.744403857421053,1.2843632388482078,0.06219319423414039,-0.36329903452985596,0.11816184518595586,0.7161315006258578,-2.6906231136480145,-2.6926701337895733,-1.9567628650305409,1.169805779444182,1.1429231961994495,-0.29816374619385483,-1.2935961321640201,-0.09553320071157471,-1.996606372598833,-0.1244976713930952,-1.085213657442049,-2.2100832765446894,-0.0304029579845082,-0.3674277771103037,-1.3426224819611776,0.0131234117353907
-38.07617362720382,-25.063589061453698,7.027383013930857,-9.050872607954139,-1.3283232337202862,-0.531654699916198,-8.68220680368456,4.047468140412663,-2.6645871815732676,1.7895993724691444,4.814752620261011,6.305586221094156,7.651132491156042,2.3723505300299195,-2.6576818958910007,3.429265216646754,-0.10045164555407013,-5.290893685848274,0.42943175645377146,-0.8789139463551096,1.025381181158769,1.8170399594726967,-1.7373499984400123,3.8000673345890017,0.8006529102453918,-0.6052883448329205,-1.73771137456189,0.1395196571588931,-2.0464406094335352,-1.9738546009083424,0.2096465269635779,-6.47401704876616,-0.49950245290452816,-1.8698531338260125,-2.6938543316660435,0.1453537257367614,-1.490564491157861,0.36690179347862295,-0.3919013368932236,2.7687911042733226,1.2688977929248213,-1.4028545176348892,-2.8317327473847373,-2.2977998311178363,0.913695867166426,0.605771433231747,1.4069111766501519,-3.4363024861089513
-41.248661123774866,-27.349617818093325,5.794843654571826,-10.961218883952181,1.7071664489400158,3.808979817372686,-12.353452933342709,6.337529444638849,-1.838747631899924,4.667924229251276,3.1822724682271417,7.404853811684547,9.415678133740135,4.038431490509793,-2.2565209895239366,4.20604759429893,2.4716845117778856,-5.439244560472216,-0.35209937929736357,-1.3497786176982116,2.001786836557752,3.5878579562515442,-1.4375354040552302,3.2194680272042837,0.9525433227657404,-0.5765336701935734,-4.514266369890753,-0.7462523628126788,-2.6419030839821223,0.8794066716008938,1.9167848564163465,-6.1318765212216295,-1.9889354931611953,0.9879255891788754,-2.080316530672372,-2.410523036421151,-0.3708333543580107,-0.06087888812099325,-0.0032024674630643213,-1.884208073247015,0.07493159120364373,2.5729261449380667,1.2239877985948384,-0.5679804513793887,-1.0625888367199912,-0.6744527172147425,3.6348507015106177,-1.9707555775424583
-39.67103455957918,-34.51898371725603,-0.8863720948607771,-8.222694023820248,9.208886827231881,2.146681246775908,-19.271973387009172,9.472432897076684,1.809475516668932,1.926221886479991,4.688809343376647,8.083703052826952,8.824459807275936,4.822869624119526,1.434539928996512,3.3422390266363284,2.545544151290896,-8.596527744116813,-0.410451698504038,-3.299740843298105,3.224080428935276,5.311983669640346,1.7531512361072512,0.16955000661258435,-0.47246794256647073,1.0391103722202573,-2.8461842168274036,-1.3708945063838307,-4.795568361290239,1.2723962481851911,2.5211588361950987,-0.18718817855090483,-1.2972479943394621,-1.6117578346724208,-1.8762290869992868,-3.4654345752046583,2.6467863352952614,0.2703910036047561,-0.5315170886076293,-1.9002781955908694,-2.6834223246514313,1.2091406197207784,3.551695941532957,-2.183917265774801,2.729978731810356,-0.060603134420132834,-0.09546644652701482,0.27485903843407616
-28.24873338728366,-5.885235076932906,-1.082392047341911,-8.00215861690943,-11.475502942866575,-0.9941943841569765,-2.916279811348748,5.53691548487971,-1.0132325179442283,-0.1882990853353266,-1.043112653656804,4.6620061648327775,2.5645806213055313,-3.730870561462066,-4.7259317018048534,1.2161796198448638,0.20199356898539525,1.5536470370272355,-0.10916954594751548,2.432723800290795,2.2799725819064194,-2.032709506124242,1.0919701179773351,1.8622376637067868,-0.255384835343817,1.5076196409428944,1.2540987438698292,0.8065539579638494,0.5214485855998501,-0.8774030605199264,-0.5912154472051049,-0.5211421099707757,0.6127533045612551,-1.6458056881107432,-1.0529698843900033,-1.4897842749512096,1.4303566901001077,-0.6537435114546752,0.4479131874108227,-0.44158863434342294,-0.3686641593259808,-2.8015188699819196,-1.406173017335439,-0.02339559441849531,0.9574652827641633,1.0090399458207437,1.285059505172014,-0.4725427242802059
-10.977255267604907,13.813840144849493,-2.254165248738785,2.0273666767611873,2.010727142046819,2.717411142288011,6.410780814839873,-3.2969522601948045,-2.3687338453145674,3.359828183395187,-2.8836554885218595,0.24010537019649078,3.178380742531736,-2.9065951591318147,-4.325127674727889,2.4276388098904174,-0.2788062240919934,-0.9471278055778352,0.4806876131967411,-0.5829243086301168,-3.865560683501639,1.7007822208063834,-4.948856783979316,1.629592159268703,-0.490239072963166,3.3731838419702784,1.556481902509043,0.5064336845087991,-1.4607711771986407,1.6897013187233674,-1.6382834766991985,-0.09075515757204006,-2.9132843295767468,0.7841392540419515,0.15355825081511043,-1.5443933810162729,0.1809485322644373,0.1090863494427824,2.0573342538845742,0.1961800149305311,-0.03442083394734823,-0.1534764422417684,-0.9028391277785159,0.8093877061953086,0.809415585786622,-0.3228921364739691,-0.5490393568261492,-0.9159182690389535
-25.645931975374264,0.30789977975993715,16.20377387945805,3.765606492406496,3.6386104624207083,1.861384724942305,4.633603375510832,-5.466069113335619,-3.0869889999628564,5.2775204458524865,3.041426667045056,1.6353422094472996,3.0709843488817734,0.6797757738315641,-7.239902085814109,1.6392721956505245,1.1357433951714977,2.7725937099111073,-0.22888685155609476,1.1050451806079595,-0.5053198317808363,-2.1209063249291917,-3.546534838492507,-1.6055324865992364,0.8075288968272184,-0.13866984922932538,1.9527397491632028,2.308152212429158,0.6228107902856183,1.2983878728388145,-0.5502968756610956,-1.0156349739602903,0.06932713618194201,1.1335358427780546,0.14612045384209257,-1.0346949917642487,-0.5120271482855309,-0.641261760449174,2.8576555916863335,1.134381134795755,1.167761975936826,1.993712416116677,0.7257279569556947,0.7858833603985782,-0.4099545819367482,-0.17290145267335535,0.1825559238169245,0.20654815217021502
-37.748881817775285,-6.808799815001848,-4.298651335925891,4.426709495385108,15.540156956190533,11.333095947575623,-3.4910163565310715,2.8540351009775184,-3.6533161107764016,-0.7061636554781178,5.670891630815615,-6.465564435996697,6.039716230147888,-9.366170044123463,-4.606731586600014,1.1037141796284131,0.09182705324748754,2.494696392472333,-5.602268462302431,4.211580134142343,3.3891555917513365,-2.6368101715937873,7.736569224387767,-3.839747843899249,4.794718992399971,-0.9433975433447483,-1.6448148664966253,0.45800208520340474,-2.773085386204201,4.001238319489547,2.014556206622388,1.4133520955897056,-3.0309401896697694,-0.6338628968435234,4.3791052002068644,1.1577584643307512,-1.2477748626339538,-1.5952947048602355,0.2571086211443452,3.799476891517778,0.725464170274211,2.1921612302549907,1.5514884320566393,0.6507865300848558,-0.11523625884056447,-0.3800559986823729,-0.6623798329267637,-2.146860886282141
-20.300139195684885,14.010582303116733,12.72334705262869,7.042281467475783,0.950270349515377,3.9526839189389618,4.4632336684401395,-1.9426316404272406,0.8683927008293004,0.04735331566209112,4.991008890517121,-4.015319002380863,3.648099492808141,-1.0334897777380851,-7.587283655031905,1.39635166039881,-2.910438323821179,3.538102019032386,2.683469006484695,2.367657168770077,1.6586785313403798,-0.3348980393031815,3.996699479697354,-0.40574770327368676,0.03606949013724266,2.42655465392459,-3.8296782951876613,-2.676199566836809,-1.668817964828547,0.7082466761128503,1.3394974489851224,0.8813453997945164,1.624347342214976,2.5837636801387083,-1.2531750986171335,-0.2872220972978601,1.0620419184889993,2.7738853189820007,0.39150143607142374,0.9248538140734436,-1.0292142513197762,-0.19389533662009875,-0.571795102615529,-1.5813204125220242,0.5983560958088386,-0.7614708418962679,2.2512881580060817,-2.259390342423219
-9.335669815102204,22.289740711675982,7.682673921886953,11.430455243588428,-3.595724210195134,0.3821658354989854,4.012552186815508,0.3571066166461567,5.637938281763182,-1.3014807979487188,2.1198431262514563,-0.4913302608764245,1.6974372117902095,-0.3415111954257678,-5.405744427083141,-0.23279797889785367,2.1739405663744704,2.6424115394780103,0.31175845063464064,1.2354918317649497,0.3028700272829042,0.4073799177333201,1.3806289333679702,0.6111010938586776,3.127179102373734,2.793735393355522,-3.9787693762621714,-1.2055875198492332,-1.5995918930577826,-0.6132887134069096,-0.15691807201011065,3.4161334472578293,-0.5139403505891997,0.8870816059288856,0.7717862952565845,-0.8111372650118643,-1.0286570192525453,0.1287720901135878,0.2822292196610468,-0.030394947081631343,-1.3525158179752665,0.8518090423413193,-0.01373874452328755,-0.37388422045799374,-0.02937105654573934,-1.487190433430138,-0.012625747994104547,-0.30210859168415266
-26.543683359219653,-1.4335564885593337,2.725734149042225,-1.183018640996802,-12.35111738923976,-4.4488526480098205,-4.53928351455237,7.4560923571446,3.588614276948599,-1.421533913091818,-3.789801078987689,4.762501148881194,-4.316824415253095,-3.6502813304276165,-3.670557434459664,-2.697353762244902,-1.3874033483106905,0.6282120256757694,-1.3445850322362805,3.756030690249851,-4.091895369537405,-1.7530211337742503,-2.142563708799353,-2.9932958028650587,0.38224752411219565,-0.9850929645782386,2.4521645382771204,1.304036543522859,2.353811504029829,0.9900779285293305,3.065985948744621,-1.4795779966248004,2.0396132081522187,-2.7133081543551008,-0.45019587067024575,-0.5791714723776673,-0.7530523820848557,0.7033079604729227,0.06216005637468026,0.18771902689913084,-0.14620196079440279,-0.06416243333816841,-1.59218444794789,0.5868495599914039,0.38037148567698487,1.151860985098079,-1.8578108215110314,0.07932522248749783
-34.51303114292415,-14.162817947745303,10.277630091164847,-0.07583699907977327,-5.457988141033787,-2.1085023870254154,-9.07176047271438,7.461544277529889,0.10125059188014741,1.3941639014491087,2.22496759266921,6.776492945666587,-3.535059412472168,-0.9871561689636552,-1.2585321788080785,-0.5969086489689989,0.045317144350537096,-1.4068140089501235,-0.7576746920662327,1.5799965826306621,-4.483204457637261,2.3258373235440133,2.134897742657703,-3.7856067018261768,-1.101676826781648,-2.1765086484208758,2.0603220353261555,0.8578893656413509,0.28951739230463386,-0.065863263200719,1.6518261145036492,-1.19886603744616,2.5845486103649624,-0.5454181437507973,-1.93014365090856,0.8796647776192625,0.8745036895061399,1.5864672232600736,-1.9479351277164039,1.0846135449162693,-1.608787608027706,-1.0390351126213726,0.6430155068327804,2.08888003297782,-0.8239593296667758,-0.27700845181207007,-1.3117650702297485,1.9993262729653216
-15.230245187650352,10.107121546133593,-2.3514656309581827,1.03134534462127,-18.338774506790912,-4.467407597905972,1.3955525109242477,3.8678522578578924,2.36583806755152,0.49004458130673045,-0.27733374696016705,1.472256501298519,-2.5753899299045258,-3.7361100440813515,-2.179118048342144,-1.6438875045701367,-1.6317968274429842,-0.8865689059124502,-1.7227701455356648,3.1360517912536046,-2.6301083753437076,-1.1177535069244575,2.852174174912134,-0.6120607760384292,0.6977688837835114,1.4001875748224486,0.8260528623276172,-0.28268903740153617,-0.8303141933889403,-1.4758340640227794,2.4520410976773426,1.9318867585011577,0.9528334360148323,-3.272979755299738,-1.5613513083236517,-2.3844825604873163,1.1242540672986756,0.5598470193394378,0.10678193039877924,-1.1826922918311802,1.2583615815336953,-1.5652751240172507,-1.5279590283940032,-0.8332401364263233,0.8093978806058721,1.6604489810452907,-1.4223851584300822,1.2479619049298314
-36.158065813388355,-10.555438788798822,15.347380262450898,1.2609244759043847,9.454356272719338,5.881592380687516,-2.9755270686285322,-1.4249855786521612,-2.8316305180601464,5.141274394736629,4.143421655800864,2.515164760744697,-0.9535223378826991,-2.909614143981943,-4.0500914709468825,0.3794921937575719,-1.5161972713201237,0.7718357583914217,1.3359334826005367,1.5085362132333502,0.4415490566666005,-1.4631577764473547,-0.4198297595827678,-1.2876010821666095,-3.8897301398921504,-1.8141804579914482,-0.7800874968864467,-0.6950105474204128,1.4488735270450674,0.10353444436922608,-1.4049922604402978,-0.6926201066385117,-0.17123044175914395,3.2255507988562133,-0.3788934260758575,1.174296403805762,1.1415306307680944,0.29510808372047564,1.090354495152005,-0.2036575091501223,1.9543655637952546,1.5977867635867065,-0.5544631320624519,-0.8951475350208585,1.480146577983253,-0.06811680023499728,2.050777454678835,-1.254326188034461
-16.62098135627843,15.145447725239581,3.876446628830164,7.565717323418899,-0.2673852017291103,2.4340965889842003,3.3374003285996943,-0.3183050981443516,1.0294784239354535,-0.7604787244367878,1.9804051418290018,-2.6454057839850624,2.0453101920660006,-3.3311147072762135,-3.161084345861061,-1.1195408058215472,-1.930448371394066,2.1099366971605167,1.6582744525634647,2.723368773666295,-2.0155847857167877,0.8670607646025957,3.1402656800637745,3.350233627435579,-3.0277219899882777,3.512142564671467,-2.136597783189282,-2.0795968128467623,-3.8030428939916106,0.5981535417346824,0.4802810777525396,1.1594774407852848,-3.9394208102903536,1.4228350472881093,0.6888739028999104,0.5952783325039219,-0.021425130648838737,0.11023772645369241,-1.5658728541905378,0.4123587744553046,-1.1848819211192874,0.15302829479213978,-0.5994520416264233,-0.8065848935374508,0.16605795911906968,0.7360460988126525,1.5985473961764813,-0.8494045568981358
-16.495588730116268,15.630939784797608,4.452145936086265,9.35637800634159,-2.974740740979901,1.1045304676129326,3.048255991445351,1.1693580356416473,-0.9870629534737199,-1.4867696577653147,2.9843286337876713,-2.904469750419789,2.4609122689580825,-2.8796553068909003,-3.787371745566209,-1.4051617755915322,0.11907614962456944,1.8577219338497006,0.45271950408769823,2.7685041443881198,-1.9658085278875714,1.2084951226348961,2.915117455656129,3.0662017366084076,-0.74300359046809,3.2814984927866964,-1.3925566439555976,-1.7145176679457943,-2.624766635511214,0.9699828361534835,0.3192046851649107,1.468327801497676,-3.262272554504553,1.230015470849145,0.3201342839670851,0.024414985074676484,-0.8460616666836596,0.5914432254338927,-1.125572273083608,0.5414279262435384,-0.10995519318020007,0.9249498180248076,-1.5935947794341638,-1.1042297454248453,0.32519720424010695,0.26742701970258304,2.025867637010498,0.12568987401969814
-18.590317692286643,14.547022514480492,5.698726963700478,9.359956892695068,-1.1118715045657908,1.7235820941781996,2.926758654198148,0.600503030651419,0.8178081599367272,-0.020876608961373905,1.7644069956568653,-1.9926613312585304,1.9601300078251098,-5.074324162431687,-4.196348838599075,-1.5972339126983888,-2.036403452163361,1.0033188998245757,-0.6922375835292761,1.4826282406338498,-1.9883508741508857,-1.2325186895451357,0.5049380687281044,-0.3234070980079999,-1.0676136986929297,2.538489788883748,-0.20491323038133308,-1.1566452997963073,-0.9331716825708682,-0.7948967787312368,0.7440804692384696,1.0979768413565087,-2.157364661007961,1.5020849178928735,0.26621951152588297,-0.6709888819945553,0.10609080074480229,-0.604813910465182,-0.7035232696809555,0.1953967991441592,-2.1925651299983553,-0.5912362936692365,-0.7396837737204421,-1.4734541115374187,2.16124296264063,0.28326420131198077,0.1446080330196697,-0.5156078849244987
-11.934063490230706,21.509960035338178,6.0077092064155435,11.340044807197026,-4.75023796574886,-1.908250408828354,2.2207456299089796,2.8720999559517306,2.4766950659771614,-1.4285203759585812,2.0138302670461594,-3.7252664575983427,-0.6758096785483562,-2.3704751641884982,-2.1967813227957107,-4.397672839092012,0.3791542946154639,-0.8707162509928964,0.8912444867353423,0.8240656354530858,-1.9936249631400496,0.8203099654521989,5.016858707381372,-0.22075160162531107,-2.1178818205571592,2.1765892097367288,-0.8863306700830527,-1.9465026116565403,-1.259440280970481,-1.5421352603205114,1.1288465439537676,2.1945518115595304,-2.3090262853521923,1.0317451673129336,0.6467418256388929,0.24912179781834748,-0.8488138948415237,-0.9250191149323277,-2.862037103684964,-0.4963196341947939,-1.8804868923447684,-1.1625479590332695,0.9491444422625038,-0.3282698718279132,0.7238353187783066,-0.42165006815293943,1.1576493736291877,-0.5510613071230405
-38.47456732911416,-15.130784308759685,17.18183923772162,5.0831392510618265,10.91329754514179,2.755579036360289,-9.312728353403761,4.456160312859067,1.7333104681004,2.3309834480474403,1.2849609380063258,5.822275407220978,-4.297489382525631,-5.11135318823269,-1.4579336784990928,-2.5850677898925456,-0.8826538468751702,-1.4105559058505632,2.5441777175569653,0.3960242049294448,-0.8880101019783466,0.40186677634125295,1.4755960644560582,-2.6873234814713425,-4.286268746394789,0.6141644478792986,2.6246404928726776,-0.1867414984846798,3.864475204449692,4.426928583436361,-1.8725609491940967,-1.4088810574868857,0.06080958882860985,1.3768801314633101,0.9561840898530194,0.2607164099446792,1.4387209145302986,-1.6425792528877414,-1.2637230250737677,-1.2991015340244245,-0.04189101642166611,-1.1892520547607557,-0.4941729876138809,0.28457461752036695,0.9835654628361556,-0.6599548463960094,-1.3267760769131327,-0.32489380702731024
-27.2187082078358,-2.200340847528565,15.970416803282681,3.722889315238261,-0.5997998879376656,-1.5656539615653828,1.0370173457845628,-1.0524117431264577,3.1568272926080243,1.0394471339433295,1.4400881451554366,3.6383290612316683,-1.5649337774198704,-5.265140884898012,-6.539218707832784,-1.0140417519707523,-2.927546577950261,0.0021245677301628065,2.3071714458468007,1.648105725178673,-0.5782706769739926,-2.302224259248412,0.6391570319450623,-0.08806510815950455,-2.648240794037401,0.34885228946354147,2.502567297095243,1.4788694940286313,0.2503585157576994,1.5664707880266606,-1.6205392518333837,-0.45378551964759567,1.1936802404311806,-1.6795653414565523,0.26398795991836965,0.19252241232339354,0.2148472581356193,1.8739344058228262,-2.307305735620711,1.2387363890733303,2.4784348546512733,0.4128348137643506,-1.561604887187193,-0.6796099956399481,0.05853440350590644,0.7300037988797955,0.33054449206855463,-3.3104497032702183
-13.669544165537916,11.358081764663833,4.1782893821380345,7.222427460214406,-3.7981711159991414,-1.8717612528689722,3.888156882796145,-2.067827437372152,2.249899018476256,-1.6503791350845234,3.8124666052898912,-2.5175920426587846,6.486378941482944,-4.328960447267375,-1.373424646837589,-1.961778931760048,-3.4217247859333035,-3.3574416430693668,-1.431945260914908,0.5389662223401035,-2.2524877991609142,-0.014422710607726099,-0.39622690945974376,0.591481649840201,-1.5103869526980733,2.301694262013443,1.2704899032759671,0.7710414198430359,-0.2524757315747858,-0.8096042287912331,-2.36098890990688,-1.319059128129409,0.03313313687526865,3.097615593449028,1.7758439414556573,-2.1364986132997705,-3.055235428944891,-1.503335470204196,-1.6474957787535647,-0.6128950102915448,-0.11258826152825321,-0.1277161172478683,0.7342416807520025,-2.8442484754884703,1.7827048855825296,0.25227844734303906,0.8678832560091297,-1.0115186579353694
-35.976290263384556,-16.622793241543175,22.27866536889643,11.568498116816254,7.663228718799259,-2.473161526875704,-9.066839140698661,5.519580059754628,1.1974761524977187,-0.7153729276183838,3.85504174426079,1.5755400746486536,-0.8684890505940964,0.5888917309542216,-0.7195291484884749,-2.2894957176094097,-2.6018145469248615,-5.54585328188165,3.1052610716363818,-0.6644993064951149,-4.341126339647639,1.6023919115504113,-1.53456233082176,-4.9422255124223575,-4.513377489338338,-1.6346751507938815,1.4437066677035648,3.087426987828111,4.7840323498710005,3.0489492594155507,-2.3292692805326256,0.14788852714024003,3.2750270053773702,2.9314932432048613,3.3632545532519447,1.6111357540067253,-0.30513003882104517,-0.13000076833059082,-0.6521591584978814,-0.3441428147704192,2.4664629647562784,-0.24624448377559918,-0.8005579748009534,1.995853897337466,-0.9040128792035972,-1.3042747874977205,-0.9009953794698079,-0.08056679667488006
-22.65067758324632,6.474665359326503,0.6452889986855246,-1.339728910549771,-19.866077365504683,-2.5426753148087826,1.0915869223968917,5.312012109495721,-1.6520562071944291,1.164149414728616,-2.2967443694788043,0.5391682913091879,-5.232801404677104,-2.9667526372311728,-1.808685755072216,-3.8399925864042856,1.107228291886203,0.5191741578520664,-1.4419364757027777,2.2068569931777176,-4.099816054267488,0.6300821206182293,0.6508990016110472,-0.9921472987579836,2.517523755024306,3.2882454448318086,-0.7715201592819108,3.163816717287906,0.3885756123049269,-0.6285633830916252,3.7068202330860824,0.27117042771966465,0.721818472763815,-0.43364981986449236,0.813461599097254,-1.3582611491519079,-1.6189563855804645,1.2029130991689456,-0.5020977924059085,1.116154814347401,1.2536738050600418,-1.0312837250492084,-0.8143249179514529,0.6614849850300616,-0.7268189791432437,-0.41903731229343705,-1.279366075241914,3.2537362969857804
-40.27598067724065,-18.232367860456396,8.052783977193206,2.584405067931876,1.5679027072655425,0.26261770794781003,-9.64841825508102,7.243221633149629,-3.902773321925502,2.401689744531091,2.5688371524808056,5.872813102398141,-0.8098119044266819,-2.230778393176064,-0.6062112655503934,0.9021816368856731,-0.0744560731213387,-0.4858112313757303,-6.4311233611562875,1.4398467160141297,-2.510993381769613,-2.970140777862784,-0.2576416730163878,-4.287600933806156,2.280253799277625,-1.699029264234465,-1.0044260508213214,1.2334184353777455,-2.7376513551479307,0.3463967451746916,1.1730764944626355,-1.2787562723892314,1.5708809597435947,1.6357060337655402,-1.0308019097993724,-0.955378334005348,-2.1464136019710542,0.2698780954828413,0.48342471288987715,1.5239443217129847,-0.27596968046114967,0.33908041817151024,-0.653716872169834,-0.1608728989462354,-1.2035977481849014,-2.096361202899833,-1.5199542494355591,3.715120710350529
-22.16187761032406,4.927601938190072,-9.60883019851416,4.106033794456499,-8.923034470840141,-2.1453331818072354,-1.6199042120049387,8.307900970670389,-2.7622811645175305,-2.936711038975022,-2.138698559377657,-1.4613927975507963,1.479562132862013,-5.513758549343552,-1.0317923501110893,-0.9828089426397657,-1.3766920966257663,-0.683812299676195,-2.5632810681752765,1.3709898115116816,-2.368290432607598,-0.9397360531532201,0.8656182136496821,1.4368261831450737,-0.5629650310742782,2.826717990533639,1.3422448414696324,-0.3300171854597505,-1.1703629669322984,-2.759636829793078,-0.04850010953283648,1.4495921423049978,-1.433295504542113,-0.7633830493785541,-0.44752343964343166,1.4128381564450099,-0.7622734941936382,-0.7653782887418532,1.2550668564221372,0.22841689091207337,1.2752700082262984,-0.13379830802994772,1.532484710599554,0.21876403097852995,0.993444834845306,-0.9844545751599558,-0.4550400474132051,2.2379615793214445
-10.976022199423426,12.101508608457982,-8.712267515589637,8.36928283697729,-10.664880681907905,-8.598247920493613,-3.085891802312617,12.20044325741961,2.004563243228207,-6.746478429045539,-3.727989623569026,-5.090432455769671,4.904849651046064,-2.0278399289338807,-3.5938185676886296,0.37076956479723394,0.4654426707096994,0.47856727852163633,0.30450634004717275,0.09363375734067766,-3.0882702798114274,3.5809896904863434,3.1802611859267724,-0.1957695724398208,-1.3064724039157016,-1.5539604441765924,4.618392690453595,-2.292360069629062,-0.6880376563647395,-0.4923482092567125,-1.327982058874728,0.30594291480236513,-0.03985946316392192,-0.9480465377577285,-4.255701417897893,0.5327754623736878,-1.849622587952403,0.5012130268561611,2.2765513330193703,0.6511825208930527,1.3624043850285137,-0.7878516291693989,0.09553221298120856,-1.6416271673258913,2.913805560325399,-3.2131269707420747,-0.3925459671613612,0.01760607757976747
-14.470967105431056,5.638418982967646,0.10966934179889745,-0.2061726303490171,-14.837098199441494,-6.691620944724987,3.1264658190490513,0.25009134031351477,-0.7020060742951998,-1.8535690016965432,1.0894969279804276,-1.9664504740559552,0.26460036705916035,-0.8130364906760775,-2.077457839626181,-1.4405861397114792,-2.5595678345311166,-2.4543986824509987,-1.0616595877579629,0.895231593707309,-4.799605306409265,2.522843252276981,0.8671357068406835,2.0897958182768215,0.41710845696276744,2.050840456051273,2.525435254098702,-0.13280811033059595,-1.7473402044926603,-0.5207748776172441,-1.8640759578523263,-0.7040292726980719,0.23899350755938498,-2.3181089531445442,-1.7100754598027654,0.05317596578048078,-2.862705835370793,0.9384443924093615,-1.0816345303333794,1.4003975768697368,-0.20112343845265865,0.5370519863059598,-1.4134556846837314,1.0614718871346889,0.4256920193608857,-0.6708807762955636,0.8911277634940227,-0.4715807499380956
-27.660115949012873,2.376851615083034,21.772052939657996,9.145036914398814,-4.711541716286654,-4.136151651536468,-0.5121864317654647,5.23984596068816,1.8229367965155265,1.6722543985119043,-0.6388773792971125,2.0852722549046736,-1.9027856935069023,-1.3167299401500852,-6.231842617067109,-3.533500090368692,-0.3796450289475238,3.6430437462715664,4.5947873620956,2.6417319548118976,1.135103134125792,-1.027945635528693,1.2284408502854136,-4.348076160094035,-4.3620455800260425,-0.2508675089038513,1.5098234912396136,1.942351259827138,0.778589411264229,4.612327616581993,0.23767155588465777,-2.0170849473497676,0.5132995043856445,0.45361766596852876,2.150928337856622,1.342311598630926,-0.37191678751647195,-0.3174586789514249,-0.6903698594839578,-2.05485001935814,2.5518086999906218,-2.138175914041275,-0.05656109216406151,-0.7868402843021725,-0.7587804681313044,1.8143895512752557,0.7581379920084662,-0.007315910735065172
-33.9336690448391,-13.925632237072449,21.926186226815087,12.957511710551184,8.530952815637805,-3.231800886631242,-9.155896261930378,6.315554042177448,1.5872778182222094,0.46919256946112947,2.326668779615598,1.8577888429993081,-1.8990082051462318,-0.12108463033574497,-0.6020834334133504,-2.304492225023465,-2.5066140820241567,-2.8815933521292982,1.9719673202221168,0.2766949069081185,-3.1972085220051563,0.9015749171220201,-0.5894553361042228,-5.0728160400162015,-4.078771731385479,-1.7646092542467422,2.955818788880577,2.366028348813512,5.084980647291816,4.593869671434157,-0.6823959826500784,-1.6846708815298725,2.379563942842866,2.7574683173730685,0.6125535582108343,-2.4129465679822117,-0.2861103038253994,-1.364205698982533,0.7789916573749863,-1.1163280925263808,3.6146740177141785,-1.4823202602892567,-0.578578548327503,1.308117034718853,-1.7164874348490748,-2.495175653710444,0.13492318906955267,1.276192900919533
-22.94338273983334,-3.153694662246609,-18.686073641286182,-5.807027969512479,-16.33608185263003,-2.557051037982622,-1.0268394571300754,5.4628671751465525,2.136673141214843,-3.7774411379963357,-4.018822014336812,1.378467587496904,-6.492624345008042,-7.131221426167167,-1.7610962439886262,-2.4309438379546946,0.08377774714740521,1.0898526536292714,-3.533908795431393,1.0358640544611823,-4.8100364367069774,-1.573621903102454,-2.39411435737771,0.9857782440541742,3.225332026951843,0.33092460620439146,-2.606800548564222,1.7414672811365277,0.6574796297810482,0.4713533719080451,2.973619893526605,1.785731561062614,-0.012336879266024751,-3.7050451732601717,2.667806333379934,0.34374024229843614,-1.8984707157584357,1.2930506482581166,3.166496758532355,-1.006736582101699,-1.7134413958653376,1.0093554137096383,0.014354661715696224,0.7917115448862969,-1.6906995112016812,0.5804508379386938,-1.2698090483443474,1.3427829055744118
-23.962358084701304,-3.1902521005130446,4.271051439760122,-2.9712260647576225,-19.43942384730281,-5.266910351200455,1.4658030970196543,2.015678023717344,-1.008608880016215,0.7899798241887028,0.6743381602723348,3.1710088297458454,-3.8158795577858906,-0.7291494243045921,-1.426858784244281,-3.072289882704403,1.639396626952796,-1.879422897530834,-2.646925500276702,2.130239397942862,-3.5339647736712037,-1.1791228630830777,0.2715966537504948,0.518733359887066,2.5120956409042456,1.244132217476436,-0.49423472554270004,3.5578381104979666,1.0725810023812277,-1.6575678494185297,3.3577236803732258,-1.9384380709509041,0.7212921445661674,-0.8891407372824854,1.2807117993728965,0.15426581731331027,-2.261819777138919,2.994786240992598,-1.6776402140978264,1.4790977622664427,0.9436808244788627,0.33922414399606554,0.07646412682864352,0.1789452192165414,-1.143317404694304,-0.4564113688099613,0.4781928090846377,2.573957446237698
-41.37169059770403,-25.93314753699029,-1.3349074643613814,-9.887225746109303,-1.4393526391269187,1.7771889009543278,-12.161624318017308,7.684250308138432,-1.3027016577223955,1.9948668650620152,-1.3203115677137658,6.074765652161932,-5.85558728374482,-7.458304722113289,-0.5903259988529117,-2.478647568554799,1.2534510619868444,-3.153913827159828,-4.399005598070375,-0.5522385747634617,0.3815307376852795,1.6458928366127825,0.08941273390983669,-1.7917143591930873,3.5653734972528017,-2.271240602011703,-3.05186932170131,0.1726743520741718,-0.5681911928864558,-4.1023274167518915,1.5711209296796511,3.308342169937946,-0.7188661750923937,-1.9469889476718831,0.30742237449482684,3.5542055394023953,-0.07596742213851393,0.6699972267630894,-2.7243588634241145,-0.42145551357072747,-2.2809650552349003,1.9466212056021461,-1.3481655492924014,0.20114532088334267,0.6436111722525973,3.6996125003392946,-2.1583370393806174,-0.16254631246913656
-11.536118196708356,14.611543118501757,-6.5992515380423455,4.565985054673917,-20.517313465204438,-7.120600404368201,-0.8984266675422036,9.911432171724941,5.4201830942274745,-3.342359085462537,-1.5002134562298206,-0.6991580270903855,1.0056801153072872,-1.1590237220180248,-5.104090345525441,-1.6653693347114567,0.9963992848143899,2.5775398176946545,-1.122221321962677,2.40580314991262,-4.61215241731436,1.7071762384408873,3.32744700198756,-0.9104848733566123,1.4357924636498631,-1.229422706828002,3.4416915675352246,-2.0996882445400096,-0.2032946156608245,0.6324425964573934,0.22473603767086223,2.4721392986419235,-0.8880449918004926,-3.1133316802672675,-2.5582302746557004,-0.30311489217293425,-1.9359060721196222,-1.0057647052639687,-0.45284151027471176,-0.7045852398634075,-0.9392881594100073,0.1916006024879666,-1.6102060168625005,-0.9487275382715641,2.448213699348977,1.4932980827790683,-1.3561318428685234,-0.1232528681793301
-13.80798440715018,13.737729436281223,14.176214685594642,8.443976168152485,-5.92539211613655,-2.0803663008595343,3.905994752281203,-0.6762997090405124,2.415621119926403,3.4894183619812837,0.8541340015270605,-0.7683591731099313,2.4246534279194045,-0.24038465468586492,-2.425252009070276,-1.0701536864059802,-3.874240122051773,-0.7138327757483349,1.9356510080523588,1.9626920614178418,-0.061251854131355365,-0.0018700092511486205,1.2273896188891054,0.12747711314586413,-0.5642777618399366,3.852593611513509,-0.7129125732689159,-0.9346196150182782,-4.0309659190540685,2.1176029244431924,1.710287570833919,1.202691288834939,0.05842474583177473,-0.13823146814102247,1.6990289444924704,0.27631054669144434,0.2608769889431963,-0.668148730434715,-0.8406979756457523,-1.797893996720965,-0.8465365126300952,0.06830822591223501,0.8881879426532945,-1.4366238059212773,-0.8833018651705759,1.360082078784471,0.8138960855626088,1.4072120017828995
-21.271723833587956,6.025593560726792,11.753622052463216,6.912878007245033,-4.039588311744167,-1.4001579619206932,6.63408301444709,-3.0272946978930246,-3.926319390483258,2.0111360766633966,2.4069509764059305,-1.2386309563212596,0.6136229158810845,-0.38017538263287387,-3.3172309607939097,-1.029452257951584,-0.7057357563844012,1.008215575827181,0.6202964642814213,2.567296789554322,-0.5269371987915636,-1.4214285531632918,1.374421232343922,0.17546536024997672,-0.5438837690755988,1.5921682448951944,-1.5989243452569688,1.0723700588584466,-1.9799416321108563,0.20887772393509804,-0.38897650683091567,-1.0435722842424209,-0.9924296665365965,1.6597170078110919,1.8193629914362521,1.6839573589708687,-1.8382158704862384,-0.4769205401500563,-0.4863231555896468,-0.9343308239800308,0.7139429610383252,0.020662453954137624,-1.7933534725889995,-1.0220923521748884,-0.9179369188876613,-1.4557518657876671,0.7478845331399251,1.0674015736941311
-28.14180401403637,-0.9606186006750896,-5.2684353231087435,6.361225974544743,9.040541292350394,2.289878668947775,-1.9588001001451707,4.735622980637211,-7.276577874163041,-2.5183884888734833,0.7080087826475441,-5.057855285453073,5.067007529999526,-5.507742212872688,-1.4999254302225535,1.34509147215944,-0.9107028073445401,0.762255970033334,-0.9074655293275847,1.6723649645741396,-0.7355433915780306,-0.4505162991086456,3.552415355491826,2.627670775299927,-0.4964719609746524,0.5663619001790745,1.9845598960694124,0.2178346856286131,-3.154625777426297,2.865241307370818,-0.15297373218062,0.2608173725381947,-2.9445582333257514,-0.21452809351572993,1.2353363730263023,1.1125868643853611,-1.027915925738092,-2.8696054992265165,0.2860534823931866,0.4242637925223683,0.9876958642175293,-0.4963938014636468,0.006671571260872704,0.00788197675474163,-2.0119109856480812,-1.5519277462517038,-0.7681385085456108,0.725987352556484
-7.263828681883006,16.06277414941396,7.669281168487325,7.012918980429384,-3.2025759796888322,-4.446097942491852,3.7199586225243806,1.2847745295419601,-3.7033384547366968,2.0936472006007953,-0.5289885265541953,0.9893772909182893,2.2989423638686928,2.051379598282519,-3.5787033314539496,3.729173780319625,-1.965282459052814,-3.47402118709426,0.3142606663442888,-0.3189630125030749,-3.2228149894769422,-1.0635587994978477,0.5721827008052315,0.9565097942841875,0.2701430480973983,4.4411608060159855,1.2667519357165102,1.053338846826736,-4.666584230152806,-1.1718573273315163,-1.1849694133138817,2.564061405451899,1.7139661183826718,-1.2688973223325009,0.7072853423269012,1.2128612533245586,-1.5804740073102743,0.043534107142349385,0.20575507255806824,-1.2968867813691094,0.8695140747236196,-1.3286505328460712,0.4155255098850619,1.8378276203323558,-1.488522683553184,0.19585003847284027,-1.3496683390792121,0.598447020876361
-18.052783995733318,3.8725952600189903,-9.214977726407835,-4.876670974146297,-15.266156708875776,-3.446241324980654,0.45928074283003995,5.295983215015993,2.2243844218428297,-0.2631029390608672,-4.271175048961545,2.3077315209642495,-0.34121387330368846,-1.614962645886127,-1.8138758496385727,-2.457584095125129,-1.2521851957803136,-0.08822740147778328,-1.1060358436886075,3.1360596304530413,-3.7413611538731546,1.2859758376634856,-0.7251335925021839,-1.1218737251680775,-0.8859745430863498,0.1950385153692285,0.8710514929052742,2.7658215840848834,0.33698729304267794,0.027730781160330904,1.5239410696286333,-0.24061075582430191,2.3964257665300077,-1.796577883887329,1.7176469574306457,2.0507472688754653,-1.8624887838856206,0.1672322116710481,2.0071986846610175,-0.6430194856879613,1.4076097413392201,1.2777417847936356,-1.301949255372119,-1.296180030783666,0.8435671670158517,-0.18830833742962877,-0.3725256288069234,-0.6884162543625969
-44.161682323899484,-28.096704648975653,4.089431908109263,-6.6164209689017355,7.496625439867995,5.646964173943092,-15.724171613253965,8.193374044463337,-0.6436600530819409,3.6518422075311556,4.63573005260766,8.066140994437204,-1.2222897280738052,-3.1703534890216463,-1.0145109913538426,1.342709139761146,1.1036816474185962,-4.973047620658116,-1.7113182919066343,-3.2741684440856806,0.9963992627822038,2.7387444921913033,1.8483975245353654,-0.5976761673415838,-1.7130740042175714,-0.6797080597501238,-3.2433474564796194,-1.7466161494931107,-2.114322927676987,-0.9280559791175962,3.252805722931322,-2.019098301442823,-0.7695614770790855,0.4194562716549353,-2.3204975530022818,0.6088798207190399,0.48547932577060016,-1.488477093275583,1.4246756031894714,-1.05241325729319,-2.900549869753291,1.3212441714367902,-0.528282902338126,-2.0491563592601234,1.7870968401982976,-0.45735778070515043,-0.6440062102994353,0.3220185471930503
-23.96702249428167,-4.278191290915876,-13.641947486342987,-7.267265430233924,-12.806342738069887,-2.632550220815845,-0.09325575954252673,2.0236732617186477,-0.9761309180157327,-1.961725173079825,0.9661578218097697,-0.9230665782236066,-3.2673705656194154,-3.8078597078306866,-0.04461255610279389,-1.861258378320639,-2.252928763998806,-1.54090639837752,-2.4552741480263056,-0.4055556291431101,-0.5503167093137351,-0.71809374758715,-0.19038909026919854,3.398992784149277,-0.10174800896933615,-0.33541666367780776,-2.095908699898015,0.0896592443343736,-0.6136661631422482,-3.60938193775894,-0.1130248593087342,1.1714365205785378,-0.4197758717638358,-1.4610809327821086,1.878822408399839,2.2291956541355304,0.46682686447454186,-0.34972819196392024,2.1772038539906795,-0.03853672151107166,-1.6555244254948638,0.48549260194254695,1.5526340967201764,0.27659546744833335,-0.2118439028385171,-0.04803207025436115,-0.7637867450322664,1.1718721533460694
-23.58411640466401,-7.223553823865781,-18.23386797754869,-9.340327629049726,-9.78104323086206,-2.179569947554803,1.1362410192517565,2.429430848541136,-1.4137269631155036,-2.267462694790083,-2.520886003636797,-3.024275595603267,0.9056837215048272,-6.367893835376372,-2.830401940585475,0.5403840743156012,-2.2771373845863767,-3.4415357980491463,-1.7091274787003397,-3.7543860666887485,-1.2933635602366709,1.1349274415217945,-3.135074997565245,1.2181205284248202,0.21042260686238656,0.18111400251525947,-0.8055801689688471,1.6997805192124622,-1.2235827238243775,-1.286768253163332,-0.10362301434538769,1.4671538102523627,2.812368849239489,-1.7667805961801555,-0.3799404458396683,3.29598709169499,-0.18403738810024448,1.5240259239810756,2.623957558980237,0.43082158016522965,-2.3031316526179784,1.489904766348188,0.7950190413515614,-1.3188521120893726,-1.5123503238235398,-0.907872602449933,1.296603837417603,0.01651578502228773
